datetime,open,high,low,close,volume
2026-07-07T19:00:00+00:00,4127.599999999999,4128.429999999999,4103.79,4106.5,24847
2026-07-07T19:15:00+00:00,4106.5,4107.5,4092.8599999999997,4104.0599999999995,23601
2026-07-07T19:30:00+00:00,4104.0599999999995,4115.589999999999,4103.929999999999,4109.71,13844
2026-07-07T19:45:00+00:00,4109.71,4118.3099999999995,4108.7,4114.75,12868
2026-07-07T20:00:00+00:00,4114.75,4116.41,4112.839999999999,4113.429999999999,4950
2026-07-07T20:15:00+00:00,4113.429999999999,4113.71,4106.98,4111.5,3437
2026-07-07T20:30:00+00:00,4111.5,4111.82,4105.11,4106.5,3264
2026-07-07T20:45:00+00:00,4106.5,4107.5199999999995,4104.179999999999,4106.24,3325
2026-07-07T22:00:00+00:00,4106.24,4111.3,4091.6,4101.95,6333.4172587021785
2026-07-07T22:15:00+00:00,4101.95,4102.22,4097.69,4097.7,2487
2026-07-07T22:30:00+00:00,4097.7,4100.76,4096.76,4099,3358
2026-07-07T22:45:00+00:00,4099,4099,4093.79,4096.66,4423
2026-07-07T23:00:00+00:00,4096.66,4105.92,4093.94,4104.11,6844
2026-07-07T23:15:00+00:00,4104.11,4104.57,4098.94,4102.97,4353
2026-07-07T23:30:00+00:00,4102.97,4103.53,4095.38,4096.51,3965
2026-07-07T23:45:00+00:00,4096.51,4099.46,4093.95,4096.63,7051
2026-07-08T00:00:00+00:00,4096.63,4102.05,4094.92,4098.32,18825
2026-07-08T00:15:00+00:00,4098.32,4106.07,4097.09,4103.54,14682
2026-07-08T00:30:00+00:00,4103.54,4124.91,4101.92,4121.34,17337
2026-07-08T00:45:00+00:00,4121.34,4123.25,4109.0199999999995,4109.64,14232
2026-07-08T01:00:00+00:00,4109.64,4115.92,4095.92,4106.51,33629
2026-07-08T01:15:00+00:00,4106.51,4108.49,4100.21,4100.66,17262
2026-07-08T01:30:00+00:00,4100.66,4104.0199999999995,4094.37,4101.42,21416
2026-07-08T01:45:00+00:00,4101.42,4111.04,4100.37,4109.3,20136
2026-07-08T02:00:00+00:00,4109.3,4116.09,4103.87,4110.18,16418
2026-07-08T02:15:00+00:00,4110.18,4123.0599999999995,4110.01,4116.95,11501
2026-07-08T02:30:00+00:00,4116.95,4119.21,4114.28,4118.3099999999995,13171
2026-07-08T02:45:00+00:00,4118.3099999999995,4118.87,4111.47,4112.62,10053
2026-07-08T03:00:00+00:00,4112.62,4128.89,4112.55,4126.23,15862
2026-07-08T03:15:00+00:00,4126.23,4128.84,4122.69,4127.98,8366
2026-07-08T03:30:00+00:00,4127.98,4129.22,4123.57,4124.64,7844
2026-07-08T03:45:00+00:00,4124.64,4127.26,4120.849999999999,4121.58,7035
2026-07-08T04:00:00+00:00,4121.58,4126.95,4119.71,4122.349999999999,6483
2026-07-08T04:15:00+00:00,4122.349999999999,4125.54,4118.37,4123.97,8190
2026-07-08T04:30:00+00:00,4123.97,4126.2699999999995,4120.15,4123.24,8624
2026-07-08T04:45:00+00:00,4123.24,4125.07,4121.7699999999995,4123.25,7163
2026-07-08T05:00:00+00:00,4123.25,4132.13,4122.87,4123.79,11048
2026-07-08T05:15:00+00:00,4123.79,4127.58,4119.99,4120.01,10073
2026-07-08T05:30:00+00:00,4120.01,4129.79,4119.17,4126.26,17751
2026-07-08T05:45:00+00:00,4126.26,4128.08,4122.71,4125.86,12832
2026-07-08T06:00:00+00:00,4125.86,4129.96,4120.14,4129.66,14270
2026-07-08T06:15:00+00:00,4129.66,4131.68,4126.78,4127.57,11282
2026-07-08T06:30:00+00:00,4127.57,4127.94,4122.65,4124.67,10752
2026-07-08T06:45:00+00:00,4124.67,4125.24,4121.49,4121.69,9521
2026-07-08T07:00:00+00:00,4121.69,4123.38,4114.37,4116.03,10097
2026-07-08T07:15:00+00:00,4116.03,4119.29,4112.78,4118.34,9441
2026-07-08T07:30:00+00:00,4118.34,4125.28,4116.2699999999995,4125.25,8229
2026-07-08T07:45:00+00:00,4125.25,4125.349999999999,4117.0199999999995,4119.43,8212
2026-07-08T08:00:00+00:00,4119.43,4119.48,4114.61,4115.76,9030
2026-07-08T08:15:00+00:00,4115.76,4118.91,4078.73,4086.5299999999997,49488
2026-07-08T08:30:00+00:00,4086.5299999999997,4090.15,4058.7,4063.79,39393
2026-07-08T08:45:00+00:00,4063.79,4074.2999999999997,4050.18,4054.94,35361
2026-07-08T09:00:00+00:00,4054.94,4054.95,4048.2999999999997,4053.97,26798
2026-07-08T09:15:00+00:00,4053.97,4059.13,4051.83,4054.74,19077
2026-07-08T09:30:00+00:00,4054.74,4056.7,4042.7,4046.6,19866
2026-07-08T09:45:00+00:00,4046.6,4050.88,4039.42,4041.3599999999997,15347
2026-07-08T10:00:00+00:00,4041.3599999999997,4046.58,4038.48,4042.87,13461
2026-07-08T10:15:00+00:00,4042.87,4053.91,4041.3399999999997,4048.83,13239
2026-07-08T10:30:00+00:00,4048.83,4056.54,4048.1099999999997,4055.2799999999997,13197
2026-07-08T10:45:00+00:00,4055.2799999999997,4056.66,4051.0699999999997,4051.2,11342
2026-07-08T11:00:00+00:00,4051.2,4055.3399999999997,4046.21,4048.8199999999997,11099
2026-07-08T11:15:00+00:00,4048.8199999999997,4052.65,4045.75,4048.02,11527
2026-07-08T11:30:00+00:00,4048.02,4063.06,4039.43,4062.45,16317
2026-07-08T11:45:00+00:00,4062.45,4070.8599999999997,4057.31,4060.25,22482
2026-07-08T12:00:00+00:00,4060.25,4071.77,4056.9,4070.06,18284
2026-07-08T12:15:00+00:00,4070.06,4075.87,4063.79,4069.0099999999998,16879
2026-07-08T12:30:00+00:00,4069.0099999999998,4076.43,4066.08,4076.14,21344
2026-07-08T12:45:00+00:00,4076.14,4084.45,4068.98,4070.5499999999997,22663
2026-07-08T13:00:00+00:00,4070.5499999999997,4081.27,4067.58,4070.21,30517
2026-07-08T13:15:00+00:00,4070.21,4074.1099999999997,4063.21,4064.75,24711
2026-07-08T13:30:00+00:00,4064.75,4078.39,4064.75,4071.3399999999997,44364
2026-07-08T13:45:00+00:00,4071.3399999999997,4077.33,4066.3399999999997,4068.74,32958
2026-07-08T14:00:00+00:00,4068.74,4069.5499999999997,4055.06,4055.71,30549
2026-07-08T14:15:00+00:00,4055.71,4063.52,4049.56,4058.2799999999997,32518
2026-07-08T14:30:00+00:00,4058.2799999999997,4059.48,4033.3399999999997,4034.37,33950
2026-07-08T14:45:00+00:00,4034.37,4044.3599999999997,4031.71,4038.83,30282
2026-07-08T15:00:00+00:00,4038.83,4041.92,4031.5499999999997,4031.72,27672
2026-07-08T15:15:00+00:00,4031.72,4034.0899999999997,4024.43,4028.8599999999997,28903
2026-07-08T15:30:00+00:00,4028.8599999999997,4031.77,4019.5499999999997,4031.02,24866
2026-07-08T15:45:00+00:00,4031.02,4036.5299999999997,4027.95,4032.29,21219
2026-07-08T16:00:00+00:00,4032.29,4040.92,4031.16,4037.48,22208
2026-07-08T16:15:00+00:00,4037.48,4043.15,4035.74,4041.52,14486
2026-07-08T16:30:00+00:00,4041.52,4055.62,4037.5299999999997,4054.6099999999997,26327
2026-07-08T16:45:00+00:00,4054.6099999999997,4062.52,4051.58,4061.62,18116
2026-07-08T17:00:00+00:00,4061.62,4068.5099999999998,4057.62,4062.96,18023
2026-07-08T17:15:00+00:00,4062.96,4071.92,4061.43,4071.2,16933
2026-07-08T17:30:00+00:00,4071.2,4074.5699999999997,4066.8599999999997,4067.99,11905
2026-07-08T17:45:00+00:00,4067.99,4068.45,4062.3599999999997,4063.33,10259
2026-07-08T18:00:00+00:00,4063.33,4073.79,4061.17,4073.3199999999997,20842
2026-07-08T18:15:00+00:00,4073.3199999999997,4073.46,4065.5299999999997,4067.71,14357
2026-07-08T18:30:00+00:00,4067.71,4077.5899999999997,4065.1099999999997,4077.56,16578
2026-07-08T18:45:00+00:00,4077.56,4089.67,4076.83,4082.44,15587
2026-07-08T19:00:00+00:00,4082.44,4089.15,4082.44,4085.56,15697
2026-07-08T19:15:00+00:00,4085.56,4086.67,4082.7799999999997,4086.38,10527
2026-07-08T19:30:00+00:00,4086.38,4089.29,4081.4,4082.21,10502
2026-07-08T19:45:00+00:00,4082.21,4082.48,4076.37,4077.92,15372
2026-07-08T20:00:00+00:00,4077.92,4081.68,4074.27,4077.08,6815
2026-07-08T20:15:00+00:00,4077.08,4077.8199999999997,4072.39,4075.02,4795
2026-07-08T20:30:00+00:00,4075.02,4076.72,4069.52,4072.8599999999997,4931
2026-07-08T20:45:00+00:00,4072.8599999999997,4078.0299999999997,4072.15,4073.39,3879
2026-07-08T22:00:00+00:00,4073.39,4076.5699999999997,4069.2799999999997,4074.17,3970.3085937877395
2026-07-08T22:15:00+00:00,4074.17,4075.65,4070.2,4071.06,4085
2026-07-08T22:30:00+00:00,4071.06,4076.29,4070.2799999999997,4073.35,4102
2026-07-08T22:45:00+00:00,4073.35,4076.86,4072.88,4073.66,2775
2026-07-08T23:00:00+00:00,4073.66,4074.32,4070.66,4073.61,2949.9897869652195
2026-07-08T23:15:00+00:00,4073.61,4074.9100000000003,4072.01,4074.65,2169
2026-07-08T23:30:00+00:00,4074.65,4074.65,4070.4500000000003,4072.0600000000004,3713
2026-07-08T23:45:00+00:00,4072.0600000000004,4074.63,4068.53,4073.2700000000004,5066
2026-07-09T00:00:00+00:00,4073.2700000000004,4084.6000000000004,4073.05,4084.59,14898
2026-07-09T00:15:00+00:00,4084.59,4086.8900000000003,4070.9,4074.8300000000004,10994
2026-07-09T00:30:00+00:00,4074.8300000000004,4078.7200000000003,4072.3,4073.8900000000003,10476
2026-07-09T00:45:00+00:00,4073.8900000000003,4075.9700000000003,4067.2000000000003,4070.67,9216
2026-07-09T01:00:00+00:00,4070.67,4075.82,4062.0000000000005,4071.15,21761
2026-07-09T01:15:00+00:00,4071.15,4073.5400000000004,4063.4900000000002,4063.51,14530
2026-07-09T01:30:00+00:00,4063.51,4072.0800000000004,4059.1200000000003,4070.51,13367
2026-07-09T01:45:00+00:00,4070.51,4073.01,4066.1200000000003,4069.7200000000003,8621
2026-07-09T02:00:00+00:00,4069.7200000000003,4076.4100000000003,4068.96,4075.4900000000002,10678
2026-07-09T02:15:00+00:00,4075.4900000000002,4079.7400000000002,4073.6200000000003,4077.53,5634
2026-07-09T02:30:00+00:00,4077.53,4078.8100000000004,4066.8500000000004,4067.76,8969
2026-07-09T02:45:00+00:00,4067.76,4068.7900000000004,4061.4,4061.94,9647
2026-07-09T03:00:00+00:00,4061.94,4064.5800000000004,4052.1400000000003,4055.7400000000002,11352
2026-07-09T03:15:00+00:00,4055.7400000000002,4058.15,4051.2000000000003,4055.13,9927
2026-07-09T03:30:00+00:00,4055.13,4060.3900000000003,4053.2900000000004,4058.8,5935
2026-07-09T03:45:00+00:00,4058.8,4061.1000000000004,4057.96,4061.0800000000004,4814
2026-07-09T04:00:00+00:00,4061.0800000000004,4061.55,4055.71,4057.38,5241
2026-07-09T04:15:00+00:00,4057.38,4058.01,4054.1800000000003,4055.92,5332
2026-07-09T04:30:00+00:00,4055.92,4061.4100000000003,4053.2500000000005,4054.73,5576
2026-07-09T04:45:00+00:00,4054.73,4061.5600000000004,4053.2700000000004,4061.2500000000005,4596
2026-07-09T05:00:00+00:00,4061.2500000000005,4073.09,4060.5600000000004,4070.36,11846
2026-07-09T05:15:00+00:00,4070.36,4070.59,4063.8500000000004,4069.2500000000005,8519
2026-07-09T05:30:00+00:00,4069.2500000000005,4074.21,4061.69,4072.44,12855
2026-07-09T05:45:00+00:00,4072.44,4081.21,4070.7700000000004,4078.76,10134
2026-07-09T06:00:00+00:00,4078.76,4096.49,4078.1800000000003,4089.09,15616
2026-07-09T06:15:00+00:00,4089.09,4100.1,4088.4,4099.340000000001,15645
2026-07-09T06:30:00+00:00,4099.340000000001,4104.160000000001,4092.9000000000005,4099.81,12304
2026-07-09T06:45:00+00:00,4099.81,4105.1,4099.150000000001,4104.950000000001,8583
2026-07-09T07:00:00+00:00,4104.950000000001,4107.380000000001,4098.410000000001,4098.420000000001,10365
2026-07-09T07:15:00+00:00,4098.420000000001,4107.040000000001,4098.420000000001,4105.870000000001,7662
2026-07-09T07:30:00+00:00,4105.870000000001,4108.040000000001,4100.550000000001,4106.070000000001,7026
2026-07-09T07:45:00+00:00,4106.070000000001,4108.170000000001,4101.56,4104.910000000001,6121
2026-07-09T08:00:00+00:00,4104.910000000001,4107.510000000001,4102.150000000001,4105.18,9213
2026-07-09T08:15:00+00:00,4105.18,4114.710000000001,4104.590000000001,4111.77,9338
2026-07-09T08:30:00+00:00,4111.77,4113.68,4107.110000000001,4110.39,6789
2026-07-09T08:45:00+00:00,4110.39,4110.760000000001,4104.670000000001,4105.14,6321
2026-07-09T09:00:00+00:00,4105.14,4106.580000000001,4102.840000000001,4105.6900000000005,6456
2026-07-09T09:15:00+00:00,4105.6900000000005,4109.420000000001,4103.910000000001,4105.340000000001,6121
2026-07-09T09:30:00+00:00,4105.340000000001,4107.030000000001,4100.250000000001,4100.780000000001,8065
2026-07-09T09:45:00+00:00,4100.780000000001,4104.4800000000005,4100.120000000001,4103.2300000000005,5181
2026-07-09T10:00:00+00:00,4103.2300000000005,4107.130000000001,4100.97,4102.040000000001,5956
2026-07-09T10:15:00+00:00,4102.040000000001,4103.650000000001,4100.800000000001,4101.130000000001,4035
2026-07-09T10:30:00+00:00,4101.130000000001,4102.360000000001,4099.210000000001,4100.370000000001,4726
2026-07-09T10:45:00+00:00,4100.370000000001,4101.540000000001,4090.5900000000006,4096.080000000001,9558
2026-07-09T11:00:00+00:00,4096.080000000001,4102.22,4094.6900000000005,4101.840000000001,8325
2026-07-09T11:15:00+00:00,4101.840000000001,4104.260000000001,4095.960000000001,4097.47,6452
2026-07-09T11:30:00+00:00,4097.47,4106.47,4095.7800000000007,4103.18,7886
2026-07-09T11:45:00+00:00,4103.18,4107.540000000001,4101.540000000001,4105.68,6751
2026-07-09T12:00:00+00:00,4105.68,4116.910000000001,4102.900000000001,4109.580000000001,12356
2026-07-09T12:15:00+00:00,4109.580000000001,4110.500000000001,4102.080000000001,4103.790000000001,10447
2026-07-09T12:30:00+00:00,4103.790000000001,4119.550000000001,4103.790000000001,4110.160000000001,13699
2026-07-09T12:45:00+00:00,4110.160000000001,4111.460000000001,4104.370000000001,4104.630000000001,9511
2026-07-09T13:00:00+00:00,4104.630000000001,4118.1,4103.670000000001,4117.500000000001,15744
2026-07-09T13:15:00+00:00,4117.500000000001,4124.4400000000005,4115.490000000001,4123.000000000001,14182
2026-07-09T13:30:00+00:00,4123.000000000001,4126.550000000001,4116.52,4124.260000000001,22856
2026-07-09T13:45:00+00:00,4124.260000000001,4124.700000000001,4114.710000000001,4118.89,16832
2026-07-09T14:00:00+00:00,4118.89,4133.420000000001,4117.200000000001,4119.300000000001,20905
2026-07-09T14:15:00+00:00,4119.300000000001,4122.4800000000005,4111.070000000001,4121.670000000001,21015
2026-07-09T14:30:00+00:00,4121.670000000001,4123.68,4117.540000000001,4121.200000000001,14058
2026-07-09T14:45:00+00:00,4121.200000000001,4125.010000000001,4115.06,4124.630000000001,12799
2026-07-09T15:00:00+00:00,4124.630000000001,4127.89,4121.650000000001,4121.89,10947
2026-07-09T15:15:00+00:00,4121.89,4127.610000000001,4121.89,4124.750000000001,11115
2026-07-09T15:30:00+00:00,4124.750000000001,4128.300000000001,4123.130000000001,4127.040000000001,9384
2026-07-09T15:45:00+00:00,4127.040000000001,4129.750000000001,4123.280000000001,4123.900000000001,8224
2026-07-09T16:00:00+00:00,4123.900000000001,4128.240000000001,4122.530000000001,4127.040000000001,7502
2026-07-09T16:15:00+00:00,4127.040000000001,4130.260000000001,4125.740000000001,4129.590000000001,7558
2026-07-09T16:30:00+00:00,4129.590000000001,4135.040000000001,4128.64,4130.120000000001,8848
2026-07-09T16:45:00+00:00,4130.120000000001,4131.420000000001,4124.910000000001,4124.910000000001,5521
2026-07-09T17:00:00+00:00,4124.910000000001,4125.880000000001,4122.72,4124.510000000001,7718
2026-07-09T17:15:00+00:00,4124.510000000001,4128.960000000001,4121.97,4128.550000000001,9680
2026-07-09T17:30:00+00:00,4128.550000000001,4131.370000000001,4126.110000000001,4129.210000000001,8798
2026-07-09T17:45:00+00:00,4129.210000000001,4135.000000000001,4129.000000000001,4133.1900000000005,5575
2026-07-09T18:00:00+00:00,4133.1900000000005,4133.370000000001,4124.31,4125.780000000001,6925
2026-07-09T18:15:00+00:00,4125.780000000001,4125.780000000001,4119.960000000001,4120.97,5859
2026-07-09T18:30:00+00:00,4120.97,4122.43,4118.410000000001,4122.43,5122
2026-07-09T18:45:00+00:00,4122.43,4122.510000000001,4119.420000000001,4121.460000000001,4150
2026-07-09T19:00:00+00:00,4121.460000000001,4123.89,4119.93,4121.35,5026
2026-07-09T19:15:00+00:00,4121.35,4122.580000000001,4117.620000000001,4117.77,3838
2026-07-09T19:30:00+00:00,4117.77,4119.77,4115.670000000001,4117.200000000001,5384
2026-07-09T19:45:00+00:00,4117.200000000001,4120.6900000000005,4116.9800000000005,4119.450000000001,6562
2026-07-09T20:00:00+00:00,4119.450000000001,4121.090000000001,4117.570000000001,4118.330000000001,2778
2026-07-09T20:15:00+00:00,4118.330000000001,4119.500000000001,4117.650000000001,4118.1900000000005,1182
2026-07-09T20:30:00+00:00,4118.1900000000005,4122.570000000001,4117.750000000001,4121.43,1493
2026-07-09T20:45:00+00:00,4121.43,4121.500000000001,4119.790000000001,4120.340000000001,1835
2026-07-09T22:00:00+00:00,4120.340000000001,4123.910000000001,4118.1100000000015,4119.870000000001,2747.7746621262104
2026-07-09T22:15:00+00:00,4119.870000000001,4121.1500000000015,4118.740000000001,4119.3200000000015,2156
2026-07-09T22:30:00+00:00,4119.3200000000015,4121.060000000001,4118.5700000000015,4119.8200000000015,1916
2026-07-09T22:45:00+00:00,4119.8200000000015,4120.540000000001,4117.790000000001,4117.800000000001,1594
2026-07-09T23:00:00+00:00,4117.800000000001,4120.640000000001,4117.500000000001,4120.020000000001,1687
2026-07-09T23:15:00+00:00,4120.020000000001,4121.300000000001,4117.450000000001,4118.520000000001,1810
2026-07-09T23:30:00+00:00,4118.520000000001,4119.390000000001,4116.990000000001,4119.180000000001,1246
2026-07-09T23:45:00+00:00,4119.180000000001,4121.020000000001,4117.880000000001,4119.770000000001,2296
2026-07-10T00:00:00+00:00,4119.770000000001,4122.0700000000015,4116.140000000001,4118.470000000001,7900
2026-07-10T00:15:00+00:00,4118.470000000001,4120.0700000000015,4113.240000000001,4115.850000000001,5273
2026-07-10T00:30:00+00:00,4115.850000000001,4120.240000000001,4110.740000000001,4119.4000000000015,6696
2026-07-10T00:45:00+00:00,4119.4000000000015,4124.500000000001,4117.430000000001,4122.420000000001,7662
2026-07-10T01:00:00+00:00,4122.420000000001,4127.350000000001,4115.240000000001,4121.300000000001,16649
2026-07-10T01:15:00+00:00,4121.300000000001,4123.810000000001,4116.440000000001,4117.9000000000015,11095
2026-07-10T01:30:00+00:00,4117.9000000000015,4119.770000000001,4104.930000000001,4108.040000000001,11680
2026-07-10T01:45:00+00:00,4108.040000000001,4117.540000000001,4104.8600000000015,4113.0700000000015,10200
2026-07-10T02:00:00+00:00,4113.0700000000015,4125.290000000001,4112.3200000000015,4120.920000000001,9437
2026-07-10T02:15:00+00:00,4120.920000000001,4124.3200000000015,4118.060000000001,4122.080000000001,5828
2026-07-10T02:30:00+00:00,4122.080000000001,4124.850000000001,4118.490000000001,4122.010000000001,6817
2026-07-10T02:45:00+00:00,4122.010000000001,4125.3600000000015,4119.620000000001,4124.000000000001,6143
2026-07-10T03:00:00+00:00,4124.000000000001,4131.130000000001,4122.190000000001,4122.8600000000015,7738
2026-07-10T03:15:00+00:00,4122.8600000000015,4124.6500000000015,4116.6500000000015,4121.720000000001,6352
2026-07-10T03:30:00+00:00,4121.720000000001,4124.190000000001,4117.420000000001,4117.770000000001,4789
2026-07-10T03:45:00+00:00,4117.770000000001,4118.690000000001,4115.5700000000015,4116.530000000001,3370
2026-07-10T04:00:00+00:00,4116.530000000001,4117.380000000001,4113.1100000000015,4117.310000000001,3223
2026-07-10T04:15:00+00:00,4117.310000000001,4117.370000000001,4108.250000000001,4113.830000000001,5512
2026-07-10T04:30:00+00:00,4113.830000000001,4115.870000000001,4112.850000000001,4115.4000000000015,2763
2026-07-10T04:45:00+00:00,4115.4000000000015,4115.440000000001,4111.090000000001,4111.3200000000015,3333
2026-07-10T05:00:00+00:00,4111.3200000000015,4112.690000000001,4109.340000000001,4110.220000000001,4424
2026-07-10T05:15:00+00:00,4110.220000000001,4113.390000000001,4109.190000000001,4110.6500000000015,4610
2026-07-10T05:30:00+00:00,4110.6500000000015,4111.720000000001,4105.290000000001,4110.230000000001,11731
2026-07-10T05:45:00+00:00,4110.230000000001,4113.4000000000015,4104.3200000000015,4112.740000000001,8527
2026-07-10T06:00:00+00:00,4112.740000000001,4115.480000000001,4111.000000000001,4111.340000000001,8740
2026-07-10T06:15:00+00:00,4111.340000000001,4116.310000000001,4110.160000000001,4110.660000000001,7927
2026-07-10T06:30:00+00:00,4110.660000000001,4112.420000000001,4107.240000000001,4107.770000000001,6804
2026-07-10T06:45:00+00:00,4107.770000000001,4110.830000000001,4107.470000000001,4107.940000000001,5053
2026-07-10T07:00:00+00:00,4107.940000000001,4110.020000000001,4105.210000000001,4107.710000000001,4901
2026-07-10T07:15:00+00:00,4107.710000000001,4111.720000000001,4105.010000000001,4108.680000000001,5016
2026-07-10T07:30:00+00:00,4108.680000000001,4110.700000000001,4101.690000000001,4103.210000000001,4868
2026-07-10T07:45:00+00:00,4103.210000000001,4106.280000000001,4100.590000000001,4105.170000000001,5919
2026-07-10T08:00:00+00:00,4105.170000000001,4105.850000000001,4100.240000000001,4103.530000000001,7049
2026-07-10T08:15:00+00:00,4103.530000000001,4105.240000000001,4099.270000000001,4100.630000000001,5750
2026-07-10T08:30:00+00:00,4100.630000000001,4101.880000000001,4095.720000000001,4098.090000000001,5531
2026-07-10T08:45:00+00:00,4098.090000000001,4098.130000000001,4091.130000000001,4094.120000000001,5736
2026-07-10T09:00:00+00:00,4094.120000000001,4097.0700000000015,4090.570000000001,4097.0700000000015,5868
2026-07-10T09:15:00+00:00,4097.0700000000015,4099.850000000001,4096.090000000001,4099.080000000001,4384
2026-07-10T09:30:00+00:00,4099.080000000001,4100.350000000001,4094.5300000000007,4099.170000000001,4018
2026-07-10T09:45:00+00:00,4099.170000000001,4101.760000000001,4098.420000000001,4100.6500000000015,3471
2026-07-10T10:00:00+00:00,4100.6500000000015,4104.740000000001,4100.410000000001,4102.630000000001,4032
2026-07-10T10:15:00+00:00,4102.630000000001,4109.040000000001,4102.460000000001,4105.680000000001,4784
2026-07-10T10:30:00+00:00,4105.680000000001,4106.740000000001,4102.480000000001,4105.3200000000015,3524
2026-07-10T10:45:00+00:00,4105.3200000000015,4105.370000000001,4100.690000000001,4101.000000000001,4028
2026-07-10T11:00:00+00:00,4101.000000000001,4104.330000000001,4100.720000000001,4102.600000000001,4566
2026-07-10T11:15:00+00:00,4102.600000000001,4104.490000000001,4096.210000000001,4096.270000000001,4496
2026-07-10T11:30:00+00:00,4096.270000000001,4103.740000000001,4092.3500000000013,4102.880000000001,6829
2026-07-10T11:45:00+00:00,4102.880000000001,4104.160000000001,4098.290000000001,4098.530000000001,4830
2026-07-10T12:00:00+00:00,4098.530000000001,4113.600000000001,4097.220000000001,4111.250000000001,11193
2026-07-10T12:15:00+00:00,4111.250000000001,4112.630000000001,4099.5700000000015,4102.310000000001,11391
2026-07-10T12:30:00+00:00,4102.310000000001,4103.340000000001,4093.710000000001,4094.6500000000015,10143
2026-07-10T12:45:00+00:00,4094.6500000000015,4101.220000000001,4094.120000000001,4096.880000000001,6695
2026-07-10T13:00:00+00:00,4096.880000000001,4102.500000000001,4094.870000000001,4100.490000000001,10905
2026-07-10T13:15:00+00:00,4100.490000000001,4102.940000000001,4081.770000000001,4083.500000000001,11123
2026-07-10T13:30:00+00:00,4083.500000000001,4098.920000000001,4083.1200000000013,4094.7800000000007,21188
2026-07-10T13:45:00+00:00,4094.7800000000007,4101.710000000001,4093.540000000001,4096.180000000001,14479
2026-07-10T14:00:00+00:00,4096.180000000001,4099.800000000001,4093.7300000000014,4096.410000000001,15104
2026-07-10T14:15:00+00:00,4096.410000000001,4105.270000000001,4093.6600000000008,4103.260000000001,15768
2026-07-10T14:30:00+00:00,4103.260000000001,4104.1500000000015,4068.6400000000012,4095.420000000001,39378
2026-07-10T14:45:00+00:00,4095.420000000001,4103.890000000001,4087.840000000001,4089.040000000001,19775
2026-07-10T15:00:00+00:00,4089.040000000001,4097.180000000001,4087.540000000001,4093.800000000001,18152
2026-07-10T15:15:00+00:00,4093.800000000001,4104.010000000001,4093.6400000000012,4098.510000000001,14375
2026-07-10T15:30:00+00:00,4098.510000000001,4103.240000000001,4097.540000000001,4102.470000000001,14131
2026-07-10T15:45:00+00:00,4102.470000000001,4109.660000000001,4101.910000000001,4109.270000000001,10155
2026-07-10T16:00:00+00:00,4109.270000000001,4111.130000000001,4103.960000000001,4106.430000000001,9250
2026-07-10T16:15:00+00:00,4106.430000000001,4110.740000000001,4103.510000000001,4110.630000000001,8524
2026-07-10T16:30:00+00:00,4110.630000000001,4111.680000000001,4105.180000000001,4105.280000000001,7062
2026-07-10T16:45:00+00:00,4105.280000000001,4105.930000000001,4100.3600000000015,4100.450000000001,5991
2026-07-10T17:00:00+00:00,4100.450000000001,4101.770000000001,4098.3600000000015,4099.880000000001,8785
2026-07-10T17:15:00+00:00,4099.880000000001,4103.090000000001,4099.740000000001,4101.530000000001,7105
2026-07-10T17:30:00+00:00,4101.530000000001,4103.1100000000015,4099.260000000001,4099.830000000001,5136
2026-07-10T17:45:00+00:00,4099.830000000001,4101.495,4096.565,4096.975,4700.2873228620665
2026-07-10T18:00:00+00:00,4096.975,4101.435,4096.295,4101.055,5838
2026-07-10T18:15:00+00:00,4101.055,4101.8550000000005,4098.465,4099.185,4815
2026-07-10T18:30:00+00:00,4099.185,4100.005,4094.6549999999997,4095.255,4940
2026-07-10T18:45:00+00:00,4095.255,4097.925,4094.375,4097.475,3387
2026-07-10T19:00:00+00:00,4097.475,4098.775,4094.075,4097.845,3661
2026-07-10T19:15:00+00:00,4097.845,4099.645,4097.465,4098.055,2532
2026-07-10T19:30:00+00:00,4098.055,4099.925,4096.785,4098.845,3354
2026-07-10T19:45:00+00:00,4098.845,4105.435,4098.675,4104.3550000000005,5627
2026-07-10T20:00:00+00:00,4104.3550000000005,4111.325,4104.295,4108.485,3200
2026-07-10T20:15:00+00:00,4108.485,4108.895,4106.675,4107.585,1895
2026-07-10T20:30:00+00:00,4107.585,4108.815,4106.725,4107.845,1547
2026-07-12T22:00:00+00:00,4107.845,4108.6050000000005,4075.5550000000003,4076.2450000000003,10556.829588138386
2026-07-12T22:15:00+00:00,4076.2450000000003,4082.9750000000004,4075.0750000000003,4079.295,5045
2026-07-12T22:30:00+00:00,4079.295,4081.485,4072.635,4073.385,3707
2026-07-12T22:45:00+00:00,4073.385,4075.735,4064.0350000000003,4071.5350000000003,5684
2026-07-12T23:00:00+00:00,4071.5350000000003,4071.8250000000003,4063.295,4065.165,7879
2026-07-12T23:15:00+00:00,4065.165,4070.375,4063.8250000000003,4069.875,4893
2026-07-12T23:30:00+00:00,4069.875,4074.565,4066.8650000000002,4072.775,5276
2026-07-12T23:45:00+00:00,4072.775,4079.885,4070.695,4079.6850000000004,12852
2026-07-13T00:00:00+00:00,4079.6850000000004,4086.2650000000003,4075.855,4081.945,16204
2026-07-13T00:15:00+00:00,4081.945,4082.965,4069.335,4069.7450000000003,14864
2026-07-13T00:30:00+00:00,4069.7450000000003,4070.775,4056.0350000000003,4068.385,13882
2026-07-13T00:45:00+00:00,4068.385,4072.7250000000004,4063.5750000000003,4069.215,16194
2026-07-13T01:00:00+00:00,4069.215,4076.195,4060.635,4074.6850000000004,26666
2026-07-13T01:15:00+00:00,4074.6850000000004,4077.215,4066.295,4074.925,21264
2026-07-13T01:30:00+00:00,4074.925,4085.005,4072.7850000000003,4079.565,18353
2026-07-13T01:45:00+00:00,4079.565,4083.315,4062.3450000000003,4067.665,20873
2026-07-13T02:00:00+00:00,4067.665,4070.125,4065.1150000000002,4067.335,17941
2026-07-13T02:15:00+00:00,4067.335,4069.5750000000003,4061.585,4062.4350000000004,12501
2026-07-13T02:30:00+00:00,4062.4350000000004,4072.635,4059.655,4067.945,13465
2026-07-13T02:45:00+00:00,4067.945,4068.155,4063.5150000000003,4063.5950000000003,11076
2026-07-13T03:00:00+00:00,4063.5950000000003,4064.485,4048.1850000000004,4053.3050000000003,13821
2026-07-13T03:15:00+00:00,4053.3050000000003,4057.7050000000004,4053.105,4057.065,9660
2026-07-13T03:30:00+00:00,4057.065,4057.715,4052.2050000000004,4053.025,7609
2026-07-13T03:45:00+00:00,4053.025,4056.2050000000004,4052.815,4055.6850000000004,5229
2026-07-13T04:00:00+00:00,4055.6850000000004,4055.695,4047.395,4049.5750000000003,6983
2026-07-13T04:15:00+00:00,4049.5750000000003,4052.9750000000004,4045.235,4050.5350000000003,8323
2026-07-13T04:30:00+00:00,4050.5350000000003,4052.875,4048.4550000000004,4049.1850000000004,5143
2026-07-13T04:45:00+00:00,4049.1850000000004,4054.385,4047.8250000000003,4054.005,4560
2026-07-13T05:00:00+00:00,4054.005,4068.385,4049.9750000000004,4064.5750000000003,10796
2026-07-13T05:15:00+00:00,4064.5750000000003,4064.695,4052.445,4053.3250000000003,10071
2026-07-13T05:30:00+00:00,4053.3250000000003,4060.945,4047.125,4058.645,17482
2026-07-13T05:45:00+00:00,4058.645,4059.405,4047.715,4048.715,13720
2026-07-13T06:00:00+00:00,4048.715,4051.2850000000003,4038.8250000000003,4046.045,18142
2026-07-13T06:15:00+00:00,4046.045,4056.585,4045.8250000000003,4056.215,12584
2026-07-13T06:30:00+00:00,4056.215,4058.715,4053.645,4055.2050000000004,10488
2026-07-13T06:45:00+00:00,4055.2050000000004,4055.585,4047.195,4050.6850000000004,9956
2026-07-13T07:00:00+00:00,4050.6850000000004,4056.375,4044.085,4050.7250000000004,11843
2026-07-13T07:15:00+00:00,4050.7250000000004,4054.5150000000003,4050.5550000000003,4053.965,6620
2026-07-13T07:30:00+00:00,4053.965,4058.0550000000003,4051.255,4052.5350000000003,7867
2026-07-13T07:45:00+00:00,4052.5350000000003,4060.3050000000003,4051.2250000000004,4060.0550000000003,7697
2026-07-13T08:00:00+00:00,4060.0550000000003,4070.145,4058.275,4069.005,14393
2026-07-13T08:15:00+00:00,4069.005,4075.925,4068.7250000000004,4069.2650000000003,11622
2026-07-13T08:30:00+00:00,4069.2650000000003,4071.5950000000003,4066.895,4070.8050000000003,8210
2026-07-13T08:45:00+00:00,4070.8050000000003,4073.665,4067.405,4069.735,7219
2026-07-13T09:00:00+00:00,4069.735,4071.3650000000002,4067.835,4069.505,6438
2026-07-13T09:15:00+00:00,4069.505,4071.875,4066.355,4067.7050000000004,6787
2026-07-13T09:30:00+00:00,4067.7050000000004,4069.125,4064.415,4067.835,6858
2026-07-13T09:45:00+00:00,4067.835,4068.9550000000004,4063.2450000000003,4063.385,5581
2026-07-13T10:00:00+00:00,4063.385,4065.645,4061.885,4062.795,5590
2026-07-13T10:15:00+00:00,4062.795,4064.665,4059.4350000000004,4060.255,5152
2026-07-13T10:30:00+00:00,4060.255,4063.3050000000003,4041.5750000000003,4047.3450000000003,9461
2026-07-13T10:45:00+00:00,4047.3450000000003,4056.815,4043.085,4055.8050000000003,11016
2026-07-13T11:00:00+00:00,4055.8050000000003,4063.145,4052.895,4059.135,11308
2026-07-13T11:15:00+00:00,4059.135,4060.275,4053.2850000000003,4058.0150000000003,7478
2026-07-13T11:30:00+00:00,4058.0150000000003,4063.5550000000003,4057.165,4060.4350000000004,8990
2026-07-13T11:45:00+00:00,4060.4350000000004,4060.9550000000004,4050.0150000000003,4051.565,9378
2026-07-13T12:00:00+00:00,4051.565,4055.6150000000002,4048.6850000000004,4051.425,11581
2026-07-13T12:15:00+00:00,4051.425,4058.835,4050.215,4054.065,10552
2026-07-13T12:30:00+00:00,4054.065,4059.235,4053.605,4057.965,10110
2026-07-13T12:45:00+00:00,4057.965,4062.655,4057.875,4062.4350000000004,9538
2026-07-13T13:00:00+00:00,4062.4350000000004,4062.6850000000004,4054.385,4056.9550000000004,15444
2026-07-13T13:15:00+00:00,4056.9550000000004,4061.0550000000003,4053.665,4057.395,16172
2026-07-13T13:30:00+00:00,4057.395,4059.195,4046.625,4050.0150000000003,30437
2026-07-13T13:45:00+00:00,4050.0150000000003,4053.5350000000003,4036.635,4038.505,30906
2026-07-13T14:00:00+00:00,4038.505,4042.065,4024.7850000000003,4031.025,29575
2026-07-13T14:15:00+00:00,4031.025,4032.425,3997.485,4011.9550000000004,47758
2026-07-13T14:30:00+00:00,4011.9550000000004,4012.195,3994.665,4000.635,29600
2026-07-13T14:45:00+00:00,4000.635,4010.4550000000004,3997.005,4010.335,23693
2026-07-13T15:00:00+00:00,4010.335,4012.815,4005.875,4009.8250000000003,18095
2026-07-13T15:15:00+00:00,4009.8250000000003,4015.5350000000003,4008.135,4011.5950000000003,17100
2026-07-13T15:30:00+00:00,4011.5950000000003,4012.7650000000003,4007.2050000000004,4008.5550000000003,14596
2026-07-13T15:45:00+00:00,4008.5550000000003,4011.215,4005.3650000000002,4011.165,13847
2026-07-13T16:00:00+00:00,4011.165,4013.125,4007.695,4009.0950000000003,10871
2026-07-13T16:15:00+00:00,4009.0950000000003,4009.2450000000003,3995.3250000000003,3999.025,14877
2026-07-13T16:30:00+00:00,3999.025,4000.0350000000003,3985.885,3995.815,29990
2026-07-13T16:45:00+00:00,3995.815,3997.885,3981.565,3988.2850000000003,20970
2026-07-13T17:00:00+00:00,3988.2850000000003,3994.155,3987.1150000000002,3992.775,15297
2026-07-13T17:15:00+00:00,3992.775,3997.135,3991.655,3994.1150000000002,13827
2026-07-13T17:30:00+00:00,3994.1150000000002,3996.065,3991.2450000000003,3992.125,12234
2026-07-13T17:45:00+00:00,3992.125,3994.4550000000004,3987.045,3988.3450000000003,14030
2026-07-13T18:00:00+00:00,3988.3450000000003,3990.275,3984.885,3988.8450000000003,18470
2026-07-13T18:15:00+00:00,3988.8450000000003,3991.965,3981.795,3990.3450000000003,16034
2026-07-13T18:30:00+00:00,3990.3450000000003,3995.8050000000003,3989.145,3995.275,10972
2026-07-13T18:45:00+00:00,3995.275,4000.3050000000003,3993.275,3996.5150000000003,10821
2026-07-13T19:00:00+00:00,3996.5150000000003,3999.565,3992.905,3993.175,11817
2026-07-13T19:15:00+00:00,3993.175,3996.175,3992.0750000000003,3993.3450000000003,9593
2026-07-13T19:30:00+00:00,3993.3450000000003,3996.275,3988.605,3994.165,11478
2026-07-13T19:45:00+00:00,3994.165,3997.545,3991.915,3997.025,13425
2026-07-13T20:00:00+00:00,3997.025,4001.375,3993.6150000000002,3993.8250000000003,5715
2026-07-13T20:15:00+00:00,3993.8250000000003,3995.375,3991.3250000000003,3994.9950000000003,4222
2026-07-13T20:30:00+00:00,3994.9950000000003,3995.565,3992.425,3995.105,3530
2026-07-13T20:45:00+00:00,3995.105,3997.715,3993.165,3996.665,4568
2026-07-13T22:00:00+00:00,3996.665,4005.4049999999997,3996.665,4003.025,3373.873517003704
2026-07-13T22:15:00+00:00,4003.025,4005.345,4003.025,4003.815,2074
2026-07-13T22:30:00+00:00,4003.815,4004.9849999999997,4002.4249999999997,4003.315,2865
2026-07-13T22:45:00+00:00,4003.315,4004.6349999999998,3999.975,4000.395,3191
2026-07-13T23:00:00+00:00,4000.395,4002.525,3998.995,3999.625,3642
2026-07-13T23:15:00+00:00,3999.625,4000.105,3996.4449999999997,3996.865,3166
2026-07-13T23:30:00+00:00,3996.865,3996.895,3993.035,3994.9249999999997,4119
2026-07-13T23:45:00+00:00,3994.9249999999997,4001.475,3991.725,4000.615,9320
2026-07-14T00:00:00+00:00,4000.615,4004.345,3982.605,3994.845,24680
2026-07-14T00:15:00+00:00,3994.845,3996.515,3984.9649999999997,3994.575,19323
2026-07-14T00:30:00+00:00,3994.575,4006.535,3993.705,4002.4049999999997,18293
2026-07-14T00:45:00+00:00,4002.4049999999997,4006.805,3999.9849999999997,4003.605,18329
2026-07-14T01:00:00+00:00,4003.605,4003.855,3991.4849999999997,3994.725,26834
2026-07-14T01:15:00+00:00,3994.725,4004.355,3994.435,3997.335,16229
2026-07-14T01:30:00+00:00,3997.335,4003.4849999999997,3992.245,4001.555,17612
2026-07-14T01:45:00+00:00,4001.555,4011.6349999999998,3998.245,4009.9649999999997,14805
2026-07-14T02:00:00+00:00,4009.9649999999997,4017.245,4005.375,4016.065,13133
2026-07-14T02:15:00+00:00,4016.065,4018.595,4012.935,4017.305,9581
2026-07-14T02:30:00+00:00,4017.305,4018.585,4010.015,4010.455,10122
2026-07-14T02:45:00+00:00,4010.455,4013.415,4008.4849999999997,4011.775,8899
2026-07-14T03:00:00+00:00,4011.775,4016.185,4011.535,4013.605,9010
2026-07-14T03:15:00+00:00,4013.605,4018.325,4010.555,4017.4849999999997,8283
2026-07-14T03:30:00+00:00,4017.4849999999997,4018.565,4013.295,4014.7349999999997,7354
2026-07-14T03:45:00+00:00,4014.7349999999997,4017.575,4014.035,4016.3849999999998,4741
2026-07-14T04:00:00+00:00,4016.3849999999998,4018.1349999999998,4012.815,4015.115,5562
2026-07-14T04:15:00+00:00,4015.115,4016.805,4013.4049999999997,4015.125,4458
2026-07-14T04:30:00+00:00,4015.125,4022.865,4015.075,4019.9649999999997,5264
2026-07-14T04:45:00+00:00,4019.9649999999997,4020.895,4015.355,4019.575,5280
2026-07-14T05:00:00+00:00,4019.575,4023.435,4019.055,4022.625,4955
2026-07-14T05:15:00+00:00,4022.625,4023.515,4019.365,4022.065,4988
2026-07-14T05:30:00+00:00,4022.065,4033.265,4021.775,4031.545,12232
2026-07-14T05:45:00+00:00,4031.545,4032.065,4028.515,4030.685,7956
2026-07-14T06:00:00+00:00,4030.685,4032.575,4027.935,4030.275,9387
2026-07-14T06:15:00+00:00,4030.275,4030.495,4021.975,4022.495,7371
2026-07-14T06:30:00+00:00,4022.495,4025.805,4021.075,4024.725,7866
2026-07-14T06:45:00+00:00,4024.725,4026.185,4022.415,4023.4649999999997,6853
2026-07-14T07:00:00+00:00,4023.4649999999997,4028.545,4020.205,4024.115,8741
2026-07-14T07:15:00+00:00,4024.115,4029.335,4023.845,4025.6749999999997,7781
2026-07-14T07:30:00+00:00,4025.6749999999997,4028.9849999999997,4022.355,4023.045,8267
2026-07-14T07:45:00+00:00,4023.045,4025.565,4019.525,4020.115,8878
2026-07-14T08:00:00+00:00,4020.115,4021.975,4013.845,4016.6349999999998,12000
2026-07-14T08:15:00+00:00,4016.6349999999998,4022.625,4016.6349999999998,4021.1549999999997,7578
2026-07-14T08:30:00+00:00,4021.1549999999997,4023.335,4018.165,4018.685,7422
2026-07-14T08:45:00+00:00,4018.685,4020.315,4015.285,4015.345,5728
2026-07-14T09:00:00+00:00,4015.345,4023.915,4013.265,4020.075,6474
2026-07-14T09:15:00+00:00,4020.075,4021.365,4014.4249999999997,4015.1549999999997,7775
2026-07-14T09:30:00+00:00,4015.1549999999997,4017.585,4013.185,4016.575,6974
2026-07-14T09:45:00+00:00,4016.575,4023.345,4015.825,4021.165,8348
2026-07-14T10:00:00+00:00,4021.165,4021.7149999999997,4016.185,4017.535,6015
2026-07-14T10:15:00+00:00,4017.535,4019.4849999999997,4015.115,4017.165,5665
2026-07-14T10:30:00+00:00,4017.165,4019.555,4014.555,4018.525,8317
2026-07-14T10:45:00+00:00,4018.525,4022.345,4017.4649999999997,4021.185,5983
2026-07-14T11:00:00+00:00,4021.185,4023.505,4014.815,4022.165,10432
2026-07-14T11:15:00+00:00,4022.165,4027.8849999999998,4020.085,4024.365,8793
2026-07-14T11:30:00+00:00,4024.365,4029.895,4023.845,4027.4049999999997,8086
2026-07-14T11:45:00+00:00,4027.4049999999997,4031.475,4025.225,4030.6349999999998,7545
2026-07-14T12:00:00+00:00,4030.6349999999998,4035.4849999999997,4024.645,4025.365,10826
2026-07-14T12:15:00+00:00,4025.365,4030.315,4022.645,4029.2349999999997,11006
2026-07-14T12:30:00+00:00,4029.2349999999997,4103.085,4028.4449999999997,4092.4649999999997,48840
2026-07-14T12:45:00+00:00,4092.4649999999997,4094.875,4068.305,4075.6549999999997,28698
2026-07-14T13:00:00+00:00,4075.6549999999997,4082.855,4070.315,4074.4849999999997,28380
2026-07-14T13:15:00+00:00,4074.4849999999997,4085.805,4071.505,4080.9849999999997,19786
2026-07-14T13:30:00+00:00,4080.9849999999997,4088.045,4075.145,4086.9249999999997,34572
2026-07-14T13:45:00+00:00,4086.9249999999997,4086.935,4073.705,4075.895,27235
2026-07-14T14:00:00+00:00,4075.895,4084.745,4072.165,4081.785,26738
2026-07-14T14:15:00+00:00,4081.785,4084.7149999999997,4070.125,4076.265,30452
2026-07-14T14:30:00+00:00,4076.265,4089.9649999999997,4072.745,4079.4449999999997,30137
2026-07-14T14:45:00+00:00,4079.4449999999997,4086.9649999999997,4077.055,4084.505,19403
2026-07-14T15:00:00+00:00,4084.505,4100.155,4078.1749999999997,4089.575,28487
2026-07-14T15:15:00+00:00,4089.575,4090.565,4081.665,4084.415,13947
2026-07-14T15:30:00+00:00,4084.415,4086.265,4065.845,4073.455,19847
2026-07-14T15:45:00+00:00,4073.455,4075.9249999999997,4063.915,4065.565,18719
2026-07-14T16:00:00+00:00,4065.565,4066.4649999999997,4057.2149999999997,4062.335,17179
2026-07-14T16:15:00+00:00,4062.335,4064.575,4057.285,4058.805,9587
2026-07-14T16:30:00+00:00,4058.805,4062.275,4057.095,4060.305,10032
2026-07-14T16:45:00+00:00,4060.305,4061.595,4057.2349999999997,4060.995,7641
2026-07-14T17:00:00+00:00,4060.995,4064.1549999999997,4054.725,4056.055,9631
2026-07-14T17:15:00+00:00,4056.055,4063.495,4053.515,4062.285,9569
2026-07-14T17:30:00+00:00,4062.285,4064.495,4058.825,4059.185,6854
2026-07-14T17:45:00+00:00,4059.185,4063.365,4057.725,4062.1749999999997,5136
2026-07-14T18:00:00+00:00,4062.1749999999997,4062.335,4059.085,4060.975,7337
2026-07-14T18:15:00+00:00,4060.975,4062.6349999999998,4056.005,4057.855,7265
2026-07-14T18:30:00+00:00,4057.855,4058.975,4042.415,4046.015,12364
2026-07-14T18:45:00+00:00,4046.015,4054.1949999999997,4044.165,4053.6349999999998,9023
2026-07-14T19:00:00+00:00,4053.6349999999998,4056.915,4051.665,4056.045,7182
2026-07-14T19:15:00+00:00,4056.045,4056.395,4050.645,4051.005,5828
2026-07-14T19:30:00+00:00,4051.005,4052.2349999999997,4046.9449999999997,4051.825,8678
2026-07-14T19:45:00+00:00,4051.825,4056.315,4051.085,4055.1749999999997,8754
2026-07-14T20:00:00+00:00,4055.1749999999997,4055.825,4053.095,4053.145,3090
2026-07-14T20:15:00+00:00,4053.145,4053.915,4051.4849999999997,4052.4649999999997,2034
2026-07-14T20:30:00+00:00,4052.4649999999997,4052.9449999999997,4048.9249999999997,4049.935,2372
2026-07-14T20:45:00+00:00,4049.935,4052.495,4048.255,4051.4849999999997,2543
2026-07-14T22:00:00+00:00,4051.4849999999997,4051.605,4046.6150000000002,4048.765,2666.352699492842
2026-07-14T22:15:00+00:00,4048.765,4050.145,4046.815,4049.545,3554
2026-07-14T22:30:00+00:00,4049.545,4050.775,4046.875,4048.555,3140
2026-07-14T22:45:00+00:00,4048.555,4048.675,4046.525,4047.065,1976
2026-07-14T23:00:00+00:00,4047.065,4048.0950000000003,4044.645,4045.465,2810
2026-07-14T23:15:00+00:00,4045.465,4051.805,4044.665,4051.725,2698
2026-07-14T23:30:00+00:00,4051.725,4054.185,4049.3650000000002,4052.785,4274
2026-07-14T23:45:00+00:00,4052.785,4053.175,4049.995,4050.985,3653
2026-07-15T00:00:00+00:00,4050.985,4054.165,4048.965,4049.8250000000003,10922
2026-07-15T00:15:00+00:00,4049.8250000000003,4056.435,4049.3250000000003,4056.435,8727
2026-07-15T00:30:00+00:00,4056.435,4056.5750000000003,4050.155,4052.685,6079
2026-07-15T00:45:00+00:00,4052.685,4058.775,4052.265,4057.0750000000003,6567
2026-07-15T01:00:00+00:00,4057.0750000000003,4060.165,4052.835,4053.8250000000003,16271
2026-07-15T01:15:00+00:00,4053.8250000000003,4055.3650000000002,4050.685,4052.475,12327
2026-07-15T01:30:00+00:00,4052.475,4052.785,4034.5750000000003,4036.8650000000002,14954
2026-07-15T01:45:00+00:00,4036.8650000000002,4040.605,4033.585,4035.225,11949
2026-07-15T02:00:00+00:00,4035.225,4040.145,4032.025,4034.685,11313
2026-07-15T02:15:00+00:00,4034.685,4035.045,4027.285,4031.205,7938
2026-07-15T02:30:00+00:00,4031.205,4039.835,4030.625,4039.5750000000003,8511
2026-07-15T02:45:00+00:00,4039.5750000000003,4039.8650000000002,4032.465,4033.185,7489
2026-07-15T03:00:00+00:00,4033.185,4038.485,4030.835,4032.035,7804
2026-07-15T03:15:00+00:00,4032.035,4033.305,4028.055,4028.955,7640
2026-07-15T03:30:00+00:00,4028.955,4033.785,4025.925,4027.245,5916
2026-07-15T03:45:00+00:00,4027.245,4031.455,4027.135,4029.265,3784
2026-07-15T04:00:00+00:00,4029.265,4031.375,4028.005,4029.715,3547
2026-07-15T04:15:00+00:00,4029.715,4033.225,4029.025,4031.635,3787
2026-07-15T04:30:00+00:00,4031.635,4033.135,4026.0750000000003,4028.125,4843
2026-07-15T04:45:00+00:00,4028.125,4032.465,4028.125,4031.145,2928
2026-07-15T05:00:00+00:00,4031.145,4034.135,4023.235,4024.135,8632
2026-07-15T05:15:00+00:00,4024.135,4026.645,4022.635,4023.015,5720
2026-07-15T05:30:00+00:00,4023.015,4034.655,4019.785,4027.725,12240
2026-07-15T05:45:00+00:00,4027.725,4032.965,4025.375,4032.655,7246
2026-07-15T06:00:00+00:00,4032.655,4033.195,4025.025,4025.585,9125
2026-07-15T06:15:00+00:00,4025.585,4026.675,4019.295,4024.545,10287
2026-07-15T06:30:00+00:00,4024.545,4031.3650000000002,4020.495,4030.635,7764
2026-07-15T06:45:00+00:00,4030.635,4031.8650000000002,4027.625,4030.105,9810
2026-07-15T07:00:00+00:00,4030.105,4032.315,4026.035,4027.375,7794
2026-07-15T07:15:00+00:00,4027.375,4027.875,4018.145,4021.975,9172
2026-07-15T07:30:00+00:00,4021.975,4025.0950000000003,4017.695,4020.805,8339
2026-07-15T07:45:00+00:00,4020.805,4024.875,4019.315,4022.545,6641
2026-07-15T08:00:00+00:00,4022.545,4024.025,4015.335,4016.005,9822
2026-07-15T08:15:00+00:00,4016.005,4024.895,4015.965,4024.805,10214
2026-07-15T08:30:00+00:00,4024.805,4027.215,4022.535,4026.565,7325
2026-07-15T08:45:00+00:00,4026.565,4031.185,4025.655,4029.165,5551
2026-07-15T09:00:00+00:00,4029.165,4032.295,4027.665,4028.405,8039
2026-07-15T09:15:00+00:00,4028.405,4030.945,4024.985,4025.515,4937
2026-07-15T09:30:00+00:00,4025.515,4027.635,4023.505,4025.395,5193
2026-07-15T09:45:00+00:00,4025.395,4028.505,4024.135,4028.335,5581
2026-07-15T10:00:00+00:00,4028.335,4033.945,4026.665,4031.6150000000002,6302
2026-07-15T10:15:00+00:00,4031.6150000000002,4033.675,4024.525,4026.885,9393
2026-07-15T10:30:00+00:00,4026.885,4032.155,4026.285,4029.205,6444
2026-07-15T10:45:00+00:00,4029.205,4029.255,4024.955,4025.995,6183
2026-07-15T11:00:00+00:00,4025.995,4030.905,4025.665,4028.255,7542
2026-07-15T11:15:00+00:00,4028.255,4029.255,4025.6150000000002,4028.775,6629
2026-07-15T11:30:00+00:00,4028.775,4037.3250000000003,4027.265,4035.395,6102
2026-07-15T11:45:00+00:00,4035.395,4038.255,4033.5750000000003,4036.315,7669
2026-07-15T12:00:00+00:00,4036.315,4040.665,4033.895,4035.895,8595
2026-07-15T12:15:00+00:00,4035.895,4038.765,4035.475,4037.265,11186
2026-07-15T12:30:00+00:00,4037.265,4064.085,4036.955,4061.005,23643
2026-07-15T12:45:00+00:00,4061.005,4069.6150000000002,4058.765,4065.815,14547
2026-07-15T13:00:00+00:00,4065.815,4072.185,4059.635,4059.645,22382
2026-07-15T13:15:00+00:00,4059.645,4064.525,4051.995,4053.645,12647
2026-07-15T13:30:00+00:00,4053.645,4061.225,4053.3250000000003,4059.1150000000002,16679
2026-07-15T13:45:00+00:00,4059.1150000000002,4064.645,4052.975,4059.725,21386
2026-07-15T14:00:00+00:00,4059.725,4063.685,4057.955,4062.3250000000003,18112
2026-07-15T14:15:00+00:00,4062.3250000000003,4063.905,4053.5750000000003,4056.435,20749
2026-07-15T14:30:00+00:00,4056.435,4062.085,4054.905,4055.295,18477
2026-07-15T14:45:00+00:00,4055.295,4059.025,4051.245,4058.5750000000003,18933
2026-07-15T15:00:00+00:00,4058.5750000000003,4061.015,4041.195,4041.925,17353
2026-07-15T15:15:00+00:00,4041.925,4047.8450000000003,4037.445,4046.905,20383
2026-07-15T15:30:00+00:00,4046.905,4048.545,4042.715,4047.5950000000003,15454
2026-07-15T15:45:00+00:00,4047.5950000000003,4049.005,4044.3450000000003,4044.975,10426
2026-07-15T16:00:00+00:00,4044.975,4045.955,4035.3250000000003,4036.525,13380
2026-07-15T16:15:00+00:00,4036.525,4038.795,4030.955,4032.675,17060
2026-07-15T16:30:00+00:00,4032.675,4035.065,4024.775,4026.8650000000002,17316
2026-07-15T16:45:00+00:00,4026.8650000000002,4036.055,4025.535,4031.715,17808
2026-07-15T17:00:00+00:00,4031.715,4037.205,4030.985,4034.055,11262
2026-07-15T17:15:00+00:00,4034.055,4046.225,4031.145,4045.375,11799
2026-07-15T17:30:00+00:00,4045.375,4061.135,4044.945,4060.425,15944
2026-07-15T17:45:00+00:00,4060.425,4064.245,4058.355,4060.295,12449
2026-07-15T18:00:00+00:00,4060.295,4068.2549999999997,4059.805,4065.9149999999995,12023.551994369733
2026-07-15T18:15:00+00:00,4065.9149999999995,4073.285,4064.6249999999995,4072.035,11681
2026-07-15T18:30:00+00:00,4072.035,4079.3849999999998,4065.615,4065.6749999999997,11643
2026-07-15T18:45:00+00:00,4065.6749999999997,4066.575,4055.785,4057.1249999999995,11012
2026-07-15T19:00:00+00:00,4057.1249999999995,4060.8949999999995,4055.2349999999997,4058.825,10008
2026-07-15T19:15:00+00:00,4058.825,4059.225,4050.7349999999997,4053.9349999999995,8043
2026-07-15T19:30:00+00:00,4053.9349999999995,4055.4249999999997,4045.725,4048.9849999999997,13391
2026-07-15T19:45:00+00:00,4048.9849999999997,4055.2349999999997,4048.3749999999995,4054.9449999999997,9765
2026-07-15T20:00:00+00:00,4054.9449999999997,4056.3149999999996,4053.1649999999995,4055.3549999999996,3923
2026-07-15T20:15:00+00:00,4055.3549999999996,4060.095,4055.1649999999995,4059.2749999999996,2421
2026-07-15T20:30:00+00:00,4059.2749999999996,4061.0049999999997,4058.3149999999996,4059.4349999999995,1945
2026-07-15T20:45:00+00:00,4059.4349999999995,4060.765,4057.2749999999996,4057.765,2383
2026-07-15T22:00:00+00:00,4057.765,4064.8649999999993,4057.4649999999997,4062.9949999999994,3518.337213504309
2026-07-15T22:15:00+00:00,4062.9949999999994,4063.6549999999997,4060.7749999999996,4061.7549999999997,2440
2026-07-15T22:30:00+00:00,4061.7549999999997,4061.8749999999995,4058.5249999999996,4059.5849999999996,2478
2026-07-15T22:45:00+00:00,4059.5849999999996,4061.0049999999997,4057.6949999999997,4059.1649999999995,2400
2026-07-15T23:00:00+00:00,4059.1649999999995,4061.6849999999995,4058.5049999999997,4059.9949999999994,2792
2026-07-15T23:15:00+00:00,4059.9949999999994,4059.9949999999994,4056.5349999999994,4057.2549999999997,2428
2026-07-15T23:30:00+00:00,4057.2549999999997,4059.0049999999997,4055.0549999999994,4057.4049999999997,2553
2026-07-15T23:45:00+00:00,4057.4049999999997,4060.6449999999995,4055.8049999999994,4057.5749999999994,5352
2026-07-16T00:00:00+00:00,4057.5749999999994,4059.1549999999993,4054.524999999999,4056.0749999999994,9492
2026-07-16T00:15:00+00:00,4056.0749999999994,4060.0749999999994,4054.664999999999,4058.104999999999,6745
2026-07-16T00:30:00+00:00,4058.104999999999,4060.8249999999994,4053.934999999999,4054.7149999999992,6573
2026-07-16T00:45:00+00:00,4054.7149999999992,4060.584999999999,4043.4649999999992,4044.254999999999,10550
2026-07-16T01:00:00+00:00,4044.254999999999,4050.254999999999,4040.4949999999994,4045.0749999999994,21342
2026-07-16T01:15:00+00:00,4045.0749999999994,4045.1349999999993,4033.704999999999,4036.774999999999,14352
2026-07-16T01:30:00+00:00,4036.774999999999,4045.724999999999,4036.374999999999,4041.8649999999993,11705
2026-07-16T01:45:00+00:00,4041.8649999999993,4043.4649999999992,4036.874999999999,4038.774999999999,10635
2026-07-16T02:00:00+00:00,4038.774999999999,4039.854999999999,4030.934999999999,4032.3449999999993,9866
2026-07-16T02:15:00+00:00,4032.3449999999993,4034.7449999999994,4028.454999999999,4034.394999999999,7600
2026-07-16T02:30:00+00:00,4034.394999999999,4035.4049999999993,4023.934999999999,4027.544999999999,11543
2026-07-16T02:45:00+00:00,4027.544999999999,4032.2449999999994,4024.434999999999,4031.124999999999,8749
2026-07-16T03:00:00+00:00,4031.124999999999,4032.794999999999,4028.954999999999,4029.584999999999,8165
2026-07-16T03:15:00+00:00,4029.584999999999,4033.774999999999,4027.474999999999,4033.6549999999993,7917
2026-07-16T03:30:00+00:00,4033.6549999999993,4036.084999999999,4032.3049999999994,4035.2449999999994,6026
2026-07-16T03:45:00+00:00,4035.2449999999994,4036.6349999999993,4033.9249999999993,4035.974999999999,3620
2026-07-16T04:00:00+00:00,4035.974999999999,4037.6949999999993,4031.664999999999,4036.6349999999993,4272
2026-07-16T04:15:00+00:00,4036.6349999999993,4036.6549999999993,4031.584999999999,4033.7649999999994,3407
2026-07-16T04:30:00+00:00,4033.7649999999994,4035.144999999999,4031.524999999999,4032.2849999999994,2915
2026-07-16T04:45:00+00:00,4032.2849999999994,4034.9249999999993,4032.0549999999994,4032.7649999999994,2738
2026-07-16T05:00:00+00:00,4032.7649999999994,4033.604999999999,4029.0349999999994,4030.644999999999,4423
2026-07-16T05:15:00+00:00,4030.644999999999,4032.8649999999993,4026.474999999999,4027.334999999999,6412
2026-07-16T05:30:00+00:00,4027.334999999999,4032.7149999999992,4025.0349999999994,4032.124999999999,15801
2026-07-16T05:45:00+00:00,4032.124999999999,4032.5149999999994,4025.274999999999,4027.024999999999,11895
2026-07-16T06:00:00+00:00,4027.024999999999,4036.1149999999993,4026.644999999999,4031.8049999999994,12934
2026-07-16T06:15:00+00:00,4031.8049999999994,4032.4649999999992,4027.6349999999993,4030.084999999999,9822
2026-07-16T06:30:00+00:00,4030.084999999999,4030.4649999999992,4022.664999999999,4026.774999999999,12328
2026-07-16T06:45:00+00:00,4026.774999999999,4031.124999999999,4026.064999999999,4030.234999999999,8164
2026-07-16T07:00:00+00:00,4030.234999999999,4030.254999999999,4025.274999999999,4026.0149999999994,7795
2026-07-16T07:15:00+00:00,4026.0149999999994,4026.6349999999993,4023.4049999999993,4024.234999999999,7659
2026-07-16T07:30:00+00:00,4024.234999999999,4028.1349999999993,4022.6749999999993,4025.754999999999,7579
2026-07-16T07:45:00+00:00,4025.754999999999,4031.434999999999,4025.5349999999994,4030.314999999999,8658
2026-07-16T08:00:00+00:00,4030.314999999999,4033.754999999999,4025.064999999999,4025.5349999999994,10247
2026-07-16T08:15:00+00:00,4025.5349999999994,4033.3849999999993,4025.0549999999994,4031.934999999999,7590
2026-07-16T08:30:00+00:00,4031.934999999999,4035.314999999999,4031.7149999999992,4033.334999999999,7400
2026-07-16T08:45:00+00:00,4033.334999999999,4036.294999999999,4032.724999999999,4034.9049999999993,5726
2026-07-16T09:00:00+00:00,4034.9049999999993,4037.104999999999,4034.8249999999994,4036.524999999999,5099
2026-07-16T09:15:00+00:00,4036.524999999999,4037.254999999999,4030.5549999999994,4032.7849999999994,5480
2026-07-16T09:30:00+00:00,4032.7849999999994,4034.8849999999993,4029.9949999999994,4034.004999999999,6626
2026-07-16T09:45:00+00:00,4034.004999999999,4036.024999999999,4031.2649999999994,4031.2649999999994,5206
2026-07-16T10:00:00+00:00,4031.2649999999994,4032.434999999999,4029.204999999999,4031.474999999999,5538
2026-07-16T10:15:00+00:00,4031.474999999999,4034.564999999999,4031.274999999999,4033.024999999999,4301
2026-07-16T10:30:00+00:00,4033.024999999999,4034.204999999999,4031.144999999999,4032.7849999999994,5228
2026-07-16T10:45:00+00:00,4032.7849999999994,4032.984999999999,4028.394999999999,4029.3049999999994,5734
2026-07-16T11:00:00+00:00,4029.3049999999994,4029.8249999999994,4026.234999999999,4027.7449999999994,6384
2026-07-16T11:15:00+00:00,4027.7449999999994,4027.7449999999994,4020.9049999999993,4024.0149999999994,8876
2026-07-16T11:30:00+00:00,4024.0149999999994,4035.6149999999993,4023.294999999999,4034.5349999999994,9237
2026-07-16T11:45:00+00:00,4034.5349999999994,4042.224999999999,4026.8649999999993,4038.0549999999994,18054
2026-07-16T12:00:00+00:00,4038.0549999999994,4043.0349999999994,4027.4449999999993,4031.374999999999,13826
2026-07-16T12:15:00+00:00,4031.374999999999,4031.954999999999,4012.354999999999,4024.474999999999,20787
2026-07-16T12:30:00+00:00,4024.474999999999,4029.1749999999993,4000.454999999999,4002.4249999999993,23225
2026-07-16T12:45:00+00:00,4002.4249999999993,4008.5349999999994,3990.0149999999994,3991.814999999999,26068
2026-07-16T13:00:00+00:00,3991.814999999999,3996.4649999999992,3973.224999999999,3992.024999999999,31612
2026-07-16T13:15:00+00:00,3992.024999999999,4005.894999999999,3990.9649999999992,4005.254999999999,16799
2026-07-16T13:30:00+00:00,4005.254999999999,4007.9949999999994,3981.394999999999,3986.004999999999,32184
2026-07-16T13:45:00+00:00,3986.004999999999,3996.6549999999993,3985.9449999999993,3989.544999999999,27984
2026-07-16T14:00:00+00:00,3989.544999999999,3997.024999999999,3986.7149999999992,3988.874999999999,27826
2026-07-16T14:15:00+00:00,3988.874999999999,4000.254999999999,3987.4249999999993,3998.9249999999993,26059
2026-07-16T14:30:00+00:00,3998.9249999999993,4004.564999999999,3995.3049999999994,4004.564999999999,18774
2026-07-16T14:45:00+00:00,4004.564999999999,4006.2849999999994,3992.1349999999993,3997.5749999999994,20393
2026-07-16T15:00:00+00:00,3997.5749999999994,3998.414999999999,3988.984999999999,3992.544999999999,18153
2026-07-16T15:15:00+00:00,3992.544999999999,4016.6149999999993,3992.354999999999,4011.0949999999993,20449
2026-07-16T15:30:00+00:00,4011.0949999999993,4015.8649999999993,4007.374999999999,4010.024999999999,17169
2026-07-16T15:45:00+00:00,4010.024999999999,4011.8449999999993,4005.204999999999,4006.664999999999,13060
2026-07-16T16:00:00+00:00,4006.664999999999,4007.3049999999994,3989.3249999999994,3989.3249999999994,18777
2026-07-16T16:15:00+00:00,3989.3249999999994,3991.2149999999992,3982.164999999999,3987.1949999999993,22504
2026-07-16T16:30:00+00:00,3987.1949999999993,3992.334999999999,3986.604999999999,3991.684999999999,13345
2026-07-16T16:45:00+00:00,3991.684999999999,3996.5949999999993,3989.064999999999,3991.664999999999,12512
2026-07-16T17:00:00+00:00,3991.664999999999,3992.544999999999,3984.2449999999994,3985.524999999999,12590
2026-07-16T17:15:00+00:00,3985.524999999999,3988.484999999999,3982.504999999999,3987.1949999999993,13916
2026-07-16T17:30:00+00:00,3987.1949999999993,3988.4249999999993,3979.874999999999,3981.224999999999,14920
2026-07-16T17:45:00+00:00,3981.224999999999,3987.1349999999993,3980.6949999999993,3984.104999999999,12563
2026-07-16T18:00:00+00:00,3984.104999999999,3989.0149999999994,3983.274999999999,3984.8249999999994,15515
2026-07-16T18:15:00+00:00,3984.8249999999994,3990.0949999999993,3984.1149999999993,3985.954999999999,11582
2026-07-16T18:30:00+00:00,3985.954999999999,3985.954999999999,3976.234999999999,3982.8049999999994,16279
2026-07-16T18:45:00+00:00,3982.8049999999994,3984.6349999999993,3979.1749999999993,3980.044999999999,9359
2026-07-16T19:00:00+00:00,3980.044999999999,3985.644999999999,3978.684999999999,3980.2449999999994,12270
2026-07-16T19:15:00+00:00,3980.2449999999994,3983.734999999999,3978.184999999999,3978.454999999999,9099
2026-07-16T19:30:00+00:00,3978.454999999999,3979.224999999999,3968.8449999999993,3975.334999999999,14209
2026-07-16T19:45:00+00:00,3975.334999999999,3982.1549999999993,3972.604999999999,3979.6549999999993,16683
2026-07-16T20:00:00+00:00,3979.6549999999993,3979.754999999999,3974.2149999999992,3974.814999999999,4196
2026-07-16T20:15:00+00:00,3974.814999999999,3975.0949999999993,3971.5949999999993,3974.5549999999994,2744
2026-07-16T20:30:00+00:00,3974.5549999999994,3976.0949999999993,3973.184999999999,3974.1349999999993,2628
2026-07-16T20:45:00+00:00,3974.1349999999993,3976.434999999999,3973.8849999999993,3975.504999999999,3674
2026-07-16T22:00:00+00:00,3975.504999999999,3981.934999999999,3975.504999999999,3977.984999999999,3991.5870061324476
2026-07-16T22:15:00+00:00,3977.984999999999,3978.814999999999,3976.1949999999993,3978.164999999999,2647
2026-07-16T22:30:00+00:00,3978.164999999999,3978.554999999999,3975.1149999999993,3975.1149999999993,2619
2026-07-16T22:45:00+00:00,3975.1149999999993,3980.074999999999,3974.684999999999,3979.934999999999,2039
2026-07-16T23:00:00+00:00,3979.934999999999,3981.894999999999,3977.054999999999,3981.554999999999,3643
2026-07-16T23:15:00+00:00,3981.554999999999,3982.184999999999,3979.334999999999,3979.894999999999,2394
2026-07-16T23:30:00+00:00,3979.894999999999,3983.454999999999,3977.014999999999,3983.164999999999,3263
2026-07-16T23:45:00+00:00,3983.164999999999,3987.974999999999,3978.164999999999,3987.4449999999993,9370
2026-07-17T00:00:00+00:00,3987.4449999999993,3988.894999999999,3984.6149999999993,3984.764999999999,14758
2026-07-17T00:15:00+00:00,3984.764999999999,3992.484999999999,3984.764999999999,3986.484999999999,13538
2026-07-17T00:30:00+00:00,3986.484999999999,3986.6549999999993,3982.124999999999,3983.684999999999,8786
2026-07-17T00:45:00+00:00,3983.684999999999,3993.504999999999,3983.164999999999,3993.254999999999,11954
2026-07-17T01:00:00+00:00,3993.254999999999,3996.554999999999,3988.894999999999,3993.724999999999,24734
2026-07-17T01:15:00+00:00,3993.724999999999,3997.6349999999993,3989.574999999999,3992.6349999999993,15101
2026-07-17T01:30:00+00:00,3992.6349999999993,3996.994999999999,3990.414999999999,3992.994999999999,14498
2026-07-17T01:45:00+00:00,3992.994999999999,3994.274999999999,3980.6549999999993,3984.664999999999,17336
2026-07-17T02:00:00+00:00,3984.664999999999,3988.9249999999993,3981.3849999999993,3982.334999999999,12512
2026-07-17T02:15:00+00:00,3982.334999999999,3986.054999999999,3981.914999999999,3984.6549999999993,7862
2026-07-17T02:30:00+00:00,3984.6549999999993,3985.754999999999,3972.204999999999,3976.4649999999992,15765
2026-07-17T02:45:00+00:00,3976.4649999999992,3981.484999999999,3976.034999999999,3980.824999999999,13673
2026-07-17T03:00:00+00:00,3980.824999999999,3994.1949999999993,3980.414999999999,3990.184999999999,15274
2026-07-17T03:15:00+00:00,3990.184999999999,4010.104999999999,3990.124999999999,4002.734999999999,17092
2026-07-17T03:30:00+00:00,4002.734999999999,4003.164999999999,3997.284999999999,3999.034999999999,8260
2026-07-17T03:45:00+00:00,3999.034999999999,4000.004999999999,3992.1349999999993,3993.044999999999,6015
2026-07-17T04:00:00+00:00,3993.044999999999,3993.224999999999,3988.834999999999,3990.324999999999,6595
2026-07-17T04:15:00+00:00,3990.324999999999,3991.824999999999,3986.734999999999,3987.804999999999,6619
2026-07-17T04:30:00+00:00,3987.804999999999,3989.604999999999,3981.754999999999,3983.6149999999993,8435
2026-07-17T04:45:00+00:00,3983.6149999999993,3986.304999999999,3981.8449999999993,3983.3849999999993,5890
2026-07-17T05:00:00+00:00,3983.3849999999993,3984.3849999999993,3978.744999999999,3981.064999999999,7960
2026-07-17T05:15:00+00:00,3981.064999999999,3983.164999999999,3976.874999999999,3981.3449999999993,9243
2026-07-17T05:30:00+00:00,3981.3449999999993,3992.014999999999,3979.9449999999993,3988.274999999999,19971
2026-07-17T05:45:00+00:00,3988.274999999999,3992.9249999999993,3983.264999999999,3986.664999999999,14574
2026-07-17T06:00:00+00:00,3986.664999999999,4002.044999999999,3986.664999999999,4001.164999999999,18069
2026-07-17T06:15:00+00:00,4001.164999999999,4007.334999999999,3999.3449999999993,4005.234999999999,14585
2026-07-17T06:30:00+00:00,4005.234999999999,4008.584999999999,3997.2149999999992,3997.824999999999,12530
2026-07-17T06:45:00+00:00,3997.824999999999,4003.074999999999,3997.644999999999,4000.8649999999993,11558
2026-07-17T07:00:00+00:00,4000.8649999999993,4003.914999999999,3994.9049999999993,3997.984999999999,12916
2026-07-17T07:15:00+00:00,3997.984999999999,4000.8649999999993,3995.494999999999,3997.8849999999993,10275
2026-07-17T07:30:00+00:00,3997.8849999999993,4000.074999999999,3995.684999999999,4000.074999999999,9691
2026-07-17T07:45:00+00:00,4000.074999999999,4000.1549999999993,3994.224999999999,3994.3449999999993,8151
2026-07-17T08:00:00+00:00,3994.3449999999993,4001.334999999999,3992.934999999999,3994.784999999999,14265
2026-07-17T08:15:00+00:00,3994.784999999999,3996.554999999999,3989.684999999999,3994.004999999999,15339
2026-07-17T08:30:00+00:00,3994.004999999999,3994.914999999999,3989.504999999999,3994.9049999999993,9704
2026-07-17T08:45:00+00:00,3994.9049999999993,4000.954999999999,3993.1749999999993,3995.684999999999,9126
2026-07-17T09:00:00+00:00,3995.684999999999,4000.024999999999,3994.294999999999,3999.4449999999993,11426
2026-07-17T09:15:00+00:00,3999.4449999999993,4004.014999999999,3997.034999999999,4000.6149999999993,9153
2026-07-17T09:30:00+00:00,4000.6149999999993,4001.254999999999,3996.734999999999,3997.284999999999,7875
2026-07-17T09:45:00+00:00,3997.284999999999,4000.2149999999992,3996.1749999999993,3999.574999999999,6618
2026-07-17T10:00:00+00:00,3999.574999999999,4000.244999999999,3996.3849999999993,3998.834999999999,8727
2026-07-17T10:15:00+00:00,3998.834999999999,4000.724999999999,3995.874999999999,3997.704999999999,7314
2026-07-17T10:30:00+00:00,3997.704999999999,3999.1349999999993,3995.394999999999,3997.854999999999,5356
2026-07-17T10:45:00+00:00,3997.854999999999,3998.814999999999,3992.084999999999,3992.4449999999993,6254
2026-07-17T11:00:00+00:00,3992.4449999999993,3995.834999999999,3991.9649999999992,3993.1749999999993,8570
2026-07-17T11:15:00+00:00,3993.1749999999993,3997.434999999999,3991.494999999999,3997.2149999999992,8882
2026-07-17T11:30:00+00:00,3997.2149999999992,3998.064999999999,3992.9049999999993,3993.574999999999,7248
2026-07-17T11:45:00+00:00,3993.574999999999,4000.4049999999993,3992.974999999999,3995.544999999999,8447
2026-07-17T12:00:00+00:00,3995.544999999999,3997.1749999999993,3989.894999999999,3991.454999999999,10391
2026-07-17T12:15:00+00:00,3991.454999999999,3993.814999999999,3985.824999999999,3988.604999999999,10695
2026-07-17T12:30:00+00:00,3988.604999999999,3989.894999999999,3967.0949999999993,3971.164999999999,14527
2026-07-17T12:45:00+00:00,3971.164999999999,3974.6949999999993,3965.6149999999993,3967.544999999999,17660
2026-07-17T13:00:00+00:00,3967.544999999999,3977.284999999999,3961.1149999999993,3971.354999999999,25222
2026-07-17T13:15:00+00:00,3971.354999999999,3976.644999999999,3968.6149999999993,3969.854999999999,23293
2026-07-17T13:30:00+00:00,3969.854999999999,4004.7149999999992,3965.394999999999,3986.554999999999,47988
2026-07-17T13:45:00+00:00,3986.554999999999,3998.914999999999,3982.794999999999,3998.374999999999,34081
2026-07-17T14:00:00+00:00,3998.374999999999,4002.104999999999,3991.814999999999,3996.144999999999,31246
2026-07-17T14:15:00+00:00,3996.144999999999,4006.004999999999,3995.354999999999,4000.1149999999993,30989
2026-07-17T14:30:00+00:00,4000.1149999999993,4001.284999999999,3993.6549999999993,3999.274999999999,22408
2026-07-17T14:45:00+00:00,3999.274999999999,4002.974999999999,3994.504999999999,4002.724999999999,20523
2026-07-17T15:00:00+00:00,4002.724999999999,4015.584999999999,3999.274999999999,4007.584999999999,25398
2026-07-17T15:15:00+00:00,4007.584999999999,4014.9649999999992,4006.164999999999,4014.9649999999992,20940
2026-07-17T15:30:00+00:00,4014.9649999999992,4017.794999999999,4010.824999999999,4016.794999999999,20578
2026-07-17T15:45:00+00:00,4016.794999999999,4022.754999999999,4015.264999999999,4020.744999999999,14946
2026-07-17T16:00:00+00:00,4020.744999999999,4022.014999999999,4012.494999999999,4019.3449999999993,21067
2026-07-17T16:15:00+00:00,4019.3449999999993,4025.264999999999,4018.4249999999993,4020.164999999999,13599
2026-07-17T16:30:00+00:00,4020.164999999999,4020.934999999999,4014.204999999999,4018.994999999999,11160
2026-07-17T16:45:00+00:00,4018.994999999999,4022.1949999999993,4016.104999999999,4016.554999999999,8931
2026-07-17T17:00:00+00:00,4016.554999999999,4020.6349999999993,4014.804999999999,4014.9249999999993,8510
2026-07-17T17:15:00+00:00,4014.9249999999993,4017.334999999999,4013.934999999999,4015.414999999999,9273
2026-07-17T17:30:00+00:00,4015.414999999999,4016.054999999999,4011.284999999999,4012.544999999999,7844
2026-07-17T17:45:00+00:00,4012.544999999999,4014.774999999999,4009.9649999999992,4011.524999999999,8674
2026-07-17T18:00:00+00:00,4011.524999999999,4014.4449999999993,4009.264999999999,4011.934999999999,10772
2026-07-17T18:15:00+00:00,4011.934999999999,4017.6149999999993,4010.434999999999,4016.8649999999993,10015
2026-07-17T18:30:00+00:00,4016.8649999999993,4017.584999999999,4008.764999999999,4009.6349999999993,7536
2026-07-17T18:45:00+00:00,4009.6349999999993,4013.684999999999,4008.1149999999993,4012.734999999999,6571
2026-07-17T19:00:00+00:00,4012.734999999999,4013.074999999999,4005.994999999999,4007.4649999999992,7941
2026-07-17T19:15:00+00:00,4007.4649999999992,4008.334999999999,4003.874999999999,4006.804999999999,7598
2026-07-17T19:30:00+00:00,4006.804999999999,4011.514999999999,4006.484999999999,4011.4049999999993,7698
2026-07-17T19:45:00+00:00,4011.4049999999993,4018.144999999999,4010.744999999999,4016.914999999999,13118
2026-07-17T20:00:00+00:00,4016.914999999999,4017.314999999999,4013.1749999999993,4013.304999999999,3775
2026-07-17T20:15:00+00:00,4013.304999999999,4013.834999999999,4010.074999999999,4012.224999999999,3131
2026-07-17T20:30:00+00:00,4012.224999999999,4015.084999999999,4010.044999999999,4014.8849999999993,3124
2026-07-19T22:00:00+00:00,4014.8849999999993,4020.484999999999,4007.454999999999,4009.184999999999,7955.325676396431
2026-07-19T22:15:00+00:00,4009.184999999999,4013.1549999999993,4007.584999999999,4007.744999999999,4216
2026-07-19T22:30:00+00:00,4007.744999999999,4012.314999999999,4006.164999999999,4009.624999999999,5200
2026-07-19T22:45:00+00:00,4009.624999999999,4011.364999999999,4007.434999999999,4007.6949999999993,3246
2026-07-19T23:00:00+00:00,4007.6949999999993,4008.364999999999,4003.1949999999993,4003.9449999999993,4773
2026-07-19T23:15:00+00:00,4003.9449999999993,4007.284999999999,4003.394999999999,4006.084999999999,3478
2026-07-19T23:30:00+00:00,4006.084999999999,4007.314999999999,4002.574999999999,4005.314999999999,4393
2026-07-19T23:45:00+00:00,4005.314999999999,4009.354999999999,4002.394999999999,4008.454999999999,10131
2026-07-20T00:00:00+00:00,4008.454999999999,4011.834999999999,3995.564999999999,4009.1549999999993,17269
2026-07-20T00:15:00+00:00,4009.1549999999993,4018.594999999999,4006.874999999999,4017.164999999999,14589
2026-07-20T00:30:00+00:00,4017.164999999999,4020.604999999999,4011.4449999999993,4011.754999999999,12719
2026-07-20T00:45:00+00:00,4011.754999999999,4023.414999999999,4011.474999999999,4021.584999999999,11714
2026-07-20T01:00:00+00:00,4021.584999999999,4033.524999999999,4018.9449999999993,4023.084999999999,27924
2026-07-20T01:15:00+00:00,4023.084999999999,4023.304999999999,4012.774999999999,4016.094999999999,17426
2026-07-20T01:30:00+00:00,4016.094999999999,4018.834999999999,4008.734999999999,4010.244999999999,16713
2026-07-20T01:45:00+00:00,4010.244999999999,4017.434999999999,4010.134999999999,4015.2149999999992,13390
2026-07-20T02:00:00+00:00,4015.2149999999992,4022.894999999999,4014.364999999999,4019.334999999999,15133
2026-07-20T02:15:00+00:00,4019.334999999999,4021.914999999999,4017.144999999999,4020.004999999999,9334
2026-07-20T02:30:00+00:00,4020.004999999999,4029.344999999999,4019.254999999999,4027.854999999999,14749
2026-07-20T02:45:00+00:00,4027.854999999999,4041.9649999999992,4026.984999999999,4034.834999999999,13398
2026-07-20T03:00:00+00:00,4034.834999999999,4037.524999999999,4031.684999999999,4037.144999999999,12154
2026-07-20T03:15:00+00:00,4037.144999999999,4039.894999999999,4034.614999999999,4035.2149999999992,11344
2026-07-20T03:30:00+00:00,4035.2149999999992,4040.9649999999992,4031.684999999999,4040.004999999999,7566
2026-07-20T03:45:00+00:00,4040.004999999999,4040.954999999999,4035.774999999999,4037.254999999999,5382
2026-07-20T04:00:00+00:00,4037.254999999999,4039.824999999999,4034.454999999999,4034.514999999999,5067
2026-07-20T04:15:00+00:00,4034.514999999999,4038.6749999999993,4034.4249999999993,4038.504999999999,4249
2026-07-20T04:30:00+00:00,4038.504999999999,4038.504999999999,4035.1949999999993,4036.064999999999,4604
2026-07-20T04:45:00+00:00,4036.064999999999,4036.144999999999,4031.474999999999,4031.844999999999,5411
2026-07-20T05:00:00+00:00,4031.844999999999,4034.264999999999,4024.9449999999993,4026.934999999999,6467
2026-07-20T05:15:00+00:00,4026.934999999999,4028.064999999999,4023.034999999999,4024.144999999999,5829
2026-07-20T05:30:00+00:00,4024.144999999999,4027.684999999999,4021.014999999999,4022.9649999999992,13413
2026-07-20T05:45:00+00:00,4022.9649999999992,4024.024999999999,4018.4049999999993,4021.9049999999993,11145
2026-07-20T06:00:00+00:00,4021.9049999999993,4024.804999999999,4019.834999999999,4020.574999999999,11368
2026-07-20T06:15:00+00:00,4020.574999999999,4022.6549999999993,4017.124999999999,4018.004999999999,9327
2026-07-20T06:30:00+00:00,4018.004999999999,4019.524999999999,4016.034999999999,4017.984999999999,9137
2026-07-20T06:45:00+00:00,4017.984999999999,4020.744999999999,4016.344999999999,4016.974999999999,7224
2026-07-20T07:00:00+00:00,4016.974999999999,4019.994999999999,4015.104999999999,4017.364999999999,7604
2026-07-20T07:15:00+00:00,4017.364999999999,4021.804999999999,4015.244999999999,4019.864999999999,9001
2026-07-20T07:30:00+00:00,4019.864999999999,4034.054999999999,4019.684999999999,4034.044999999999,13682
2026-07-20T07:45:00+00:00,4034.044999999999,4034.844999999999,4028.9449999999993,4030.344999999999,8445
2026-07-20T08:00:00+00:00,4030.344999999999,4038.584999999999,4030.344999999999,4037.064999999999,9108
2026-07-20T08:15:00+00:00,4037.064999999999,4043.564999999999,4035.014999999999,4035.034999999999,8354
2026-07-20T08:30:00+00:00,4035.034999999999,4037.984999999999,4032.084999999999,4034.974999999999,7462
2026-07-20T08:45:00+00:00,4034.974999999999,4035.914999999999,4030.9049999999993,4032.034999999999,6949
2026-07-20T09:00:00+00:00,4032.034999999999,4034.204999999999,4028.354999999999,4032.474999999999,6655
2026-07-20T09:15:00+00:00,4032.474999999999,4035.274999999999,4028.454999999999,4029.474999999999,5115
2026-07-20T09:30:00+00:00,4029.474999999999,4034.034999999999,4027.844999999999,4032.234999999999,7641
2026-07-20T09:45:00+00:00,4032.234999999999,4036.354999999999,4030.644999999999,4034.374999999999,6163
2026-07-20T10:00:00+00:00,4034.374999999999,4034.834999999999,4031.294999999999,4033.844999999999,6172
2026-07-20T10:15:00+00:00,4033.844999999999,4036.484999999999,4031.854999999999,4035.034999999999,5285
2026-07-20T10:30:00+00:00,4035.034999999999,4037.294999999999,4034.344999999999,4035.234999999999,5562
2026-07-20T10:45:00+00:00,4035.234999999999,4038.624999999999,4034.044999999999,4037.334999999999,5432
2026-07-20T11:00:00+00:00,4037.334999999999,4040.354999999999,4032.984999999999,4035.134999999999,9168
2026-07-20T11:15:00+00:00,4035.134999999999,4037.144999999999,4033.074999999999,4035.354999999999,5446
2026-07-20T11:30:00+00:00,4035.354999999999,4053.834999999999,4034.6549999999993,4045.6949999999993,30669
2026-07-20T11:45:00+00:00,4045.6949999999993,4045.6949999999993,4038.164999999999,4038.384999999999,11697
2026-07-20T12:00:00+00:00,4038.384999999999,4038.384999999999,4024.6549999999993,4025.9049999999993,23539
2026-07-20T12:15:00+00:00,4025.9049999999993,4027.974999999999,4019.894999999999,4026.124999999999,15687
2026-07-20T12:30:00+00:00,4026.124999999999,4027.9649999999992,4019.584999999999,4023.074999999999,13247
2026-07-20T12:45:00+00:00,4023.074999999999,4028.634999999999,4021.064999999999,4021.274999999999,11431
2026-07-20T13:00:00+00:00,4021.274999999999,4026.984999999999,4020.814999999999,4021.6949999999993,14730
2026-07-20T13:15:00+00:00,4021.6949999999993,4025.664999999999,4020.034999999999,4021.734999999999,12050
2026-07-20T13:30:00+00:00,4021.734999999999,4030.474999999999,4021.234999999999,4026.1549999999993,21977
2026-07-20T13:45:00+00:00,4026.1549999999993,4026.504999999999,4018.804999999999,4018.804999999999,18931
2026-07-20T14:00:00+00:00,4018.804999999999,4020.9049999999993,4011.294999999999,4011.9649999999992,20088
2026-07-20T14:15:00+00:00,4011.9649999999992,4019.984999999999,4011.374999999999,4019.6949999999993,15963
2026-07-20T14:30:00+00:00,4019.6949999999993,4023.974999999999,4019.2149999999992,4020.484999999999,13331
2026-07-20T14:45:00+00:00,4020.484999999999,4026.544999999999,4018.184999999999,4019.294999999999,15019
2026-07-20T15:00:00+00:00,4019.294999999999,4032.524999999999,4017.604999999999,4027.374999999999,18350
2026-07-20T15:15:00+00:00,4027.374999999999,4029.614999999999,4024.234999999999,4029.474999999999,15436
2026-07-20T15:30:00+00:00,4029.474999999999,4029.764999999999,4023.334999999999,4026.044999999999,11257
2026-07-20T15:45:00+00:00,4026.044999999999,4029.434999999999,4024.844999999999,4024.884999999999,8373
2026-07-20T16:00:00+00:00,4024.884999999999,4031.524999999999,4024.414999999999,4026.814999999999,8432
2026-07-20T16:15:00+00:00,4026.814999999999,4027.4049999999993,4023.834999999999,4025.614999999999,7159
2026-07-20T16:30:00+00:00,4025.614999999999,4025.784999999999,4014.4449999999993,4022.774999999999,13181
2026-07-20T16:45:00+00:00,4022.774999999999,4023.774999999999,4020.354999999999,4022.854999999999,8579
2026-07-20T17:00:00+00:00,4022.854999999999,4025.4449999999993,4022.724999999999,4023.274999999999,6258
2026-07-20T17:15:00+00:00,4023.274999999999,4026.034999999999,4021.9449999999993,4025.1749999999993,6898
2026-07-20T17:30:00+00:00,4025.1749999999993,4026.004999999999,4020.894999999999,4021.064999999999,5826
2026-07-20T17:45:00+00:00,4021.064999999999,4021.064999999999,4016.934999999999,4018.284999999999,7666
2026-07-20T18:00:00+00:00,4018.284999999999,4023.864999999999,4018.284999999999,4021.9049999999993,6635
2026-07-20T18:15:00+00:00,4021.9049999999993,4024.9649999999992,4016.4649999999992,4019.984999999999,9585
2026-07-20T18:30:00+00:00,4019.984999999999,4020.484999999999,4017.624999999999,4019.574999999999,7598
2026-07-20T18:45:00+00:00,4019.574999999999,4021.9049999999993,4018.434999999999,4020.314999999999,6989
2026-07-20T19:00:00+00:00,4020.314999999999,4021.2149999999992,4017.564999999999,4017.834999999999,5892
2026-07-20T19:15:00+00:00,4017.834999999999,4026.1749999999993,4017.494999999999,4026.1749999999993,7280
2026-07-20T19:30:00+00:00,4026.1749999999993,4031.024999999999,4018.344999999999,4018.954999999999,11538
2026-07-20T19:45:00+00:00,4018.954999999999,4023.084999999999,4018.754999999999,4019.9449999999993,8470
2026-07-20T20:00:00+00:00,4019.9449999999993,4022.4449999999993,4018.914999999999,4020.9249999999993,4066
2026-07-20T20:15:00+00:00,4020.9249999999993,4022.374999999999,4020.1549999999993,4021.4649999999992,2123
2026-07-20T20:30:00+00:00,4021.4649999999992,4022.484999999999,4020.384999999999,4021.764999999999,1688
2026-07-20T20:45:00+00:00,4021.764999999999,4022.044999999999,4020.124999999999,4020.794999999999,2147
2026-07-20T22:00:00+00:00,4020.794999999999,4022.414999999999,4018.804999999999,4020.014999999999,2220.366863703147
2026-07-20T22:15:00+00:00,4020.014999999999,4023.8449999999993,4018.2149999999992,4023.064999999999,3683
2026-07-20T22:30:00+00:00,4023.064999999999,4023.064999999999,4015.564999999999,4016.914999999999,4181
2026-07-20T22:45:00+00:00,4016.914999999999,4021.1549999999993,4012.6549999999993,4013.534999999999,5430
2026-07-20T23:00:00+00:00,4013.534999999999,4022.984999999999,4013.204999999999,4016.224999999999,5989
2026-07-20T23:15:00+00:00,4016.224999999999,4020.304999999999,4016.2149999999992,4016.6149999999993,3624
2026-07-20T23:30:00+00:00,4016.6149999999993,4021.5749999999994,4016.334999999999,4020.554999999999,3400
2026-07-20T23:45:00+00:00,4020.554999999999,4023.4249999999993,4017.044999999999,4022.8849999999993,6457
2026-07-21T00:00:00+00:00,4022.8849999999993,4025.6949999999993,4016.734999999999,4023.264999999999,18585
2026-07-21T00:15:00+00:00,4023.264999999999,4031.784999999999,4020.984999999999,4028.024999999999,12452
2026-07-21T00:30:00+00:00,4028.024999999999,4036.8649999999993,4027.0749999999994,4035.304999999999,8988
2026-07-21T00:45:00+00:00,4035.304999999999,4040.184999999999,4034.854999999999,4038.434999999999,7868
2026-07-21T01:00:00+00:00,4038.434999999999,4042.984999999999,4031.814999999999,4041.804999999999,16152
2026-07-21T01:15:00+00:00,4041.804999999999,4048.724999999999,4039.1749999999993,4041.2149999999992,13604
2026-07-21T01:30:00+00:00,4041.2149999999992,4043.8849999999993,4036.084999999999,4037.3449999999993,12115
2026-07-21T01:45:00+00:00,4037.3449999999993,4041.334999999999,4034.434999999999,4036.1949999999993,8483
2026-07-21T02:00:00+00:00,4036.1949999999993,4039.684999999999,4035.1549999999993,4037.534999999999,7817
2026-07-21T02:15:00+00:00,4037.534999999999,4043.054999999999,4034.934999999999,4041.6949999999993,6553
2026-07-21T02:30:00+00:00,4041.6949999999993,4056.9449999999993,4040.774999999999,4048.3849999999993,13433
2026-07-21T02:45:00+00:00,4048.3849999999993,4051.604999999999,4044.034999999999,4051.034999999999,7423
2026-07-21T03:00:00+00:00,4051.034999999999,4055.254999999999,4050.684999999999,4051.1949999999993,7912
2026-07-21T03:15:00+00:00,4051.1949999999993,4064.5749999999994,4049.794999999999,4060.624999999999,9835
2026-07-21T03:30:00+00:00,4060.624999999999,4062.6949999999993,4054.804999999999,4054.8849999999993,5678
2026-07-21T03:45:00+00:00,4054.8849999999993,4060.6149999999993,4054.834999999999,4059.974999999999,5047
2026-07-21T04:00:00+00:00,4059.974999999999,4064.744999999999,4058.584999999999,4058.934999999999,5688
2026-07-21T04:15:00+00:00,4058.934999999999,4059.934999999999,4056.644999999999,4057.544999999999,3468
2026-07-21T04:30:00+00:00,4057.544999999999,4060.7149999999992,4057.3849999999993,4059.994999999999,3400
2026-07-21T04:45:00+00:00,4059.994999999999,4062.6149999999993,4058.3649999999993,4062.6149999999993,2956
2026-07-21T05:00:00+00:00,4062.6149999999993,4064.734999999999,4059.3449999999993,4064.374999999999,4973
2026-07-21T05:15:00+00:00,4064.374999999999,4069.5949999999993,4061.144999999999,4067.624999999999,5551
2026-07-21T05:30:00+00:00,4067.624999999999,4079.514999999999,4067.624999999999,4078.8849999999993,11213
2026-07-21T05:45:00+00:00,4078.8849999999993,4080.974999999999,4074.414999999999,4074.6149999999993,8301
2026-07-21T06:00:00+00:00,4074.6149999999993,4085.5949999999993,4074.6149999999993,4084.284999999999,9076
2026-07-21T06:15:00+00:00,4084.284999999999,4087.4649999999992,4081.494999999999,4085.4049999999993,9124
2026-07-21T06:30:00+00:00,4085.4049999999993,4093.7149999999992,4084.874999999999,4090.004999999999,8931
2026-07-21T06:45:00+00:00,4090.004999999999,4097.264999999999,4090.004999999999,4091.504999999999,7743
2026-07-21T07:00:00+00:00,4091.504999999999,4093.224999999999,4084.734999999999,4085.234999999999,6853
2026-07-21T07:15:00+00:00,4085.234999999999,4086.624999999999,4081.144999999999,4082.584999999999,4994
2026-07-21T07:30:00+00:00,4082.584999999999,4088.4649999999992,4080.604999999999,4084.504999999999,5607
2026-07-21T07:45:00+00:00,4084.504999999999,4085.6749999999993,4082.8449999999993,4084.4049999999993,5271
2026-07-21T08:00:00+00:00,4084.4049999999993,4085.604999999999,4078.704999999999,4080.984999999999,8032
2026-07-21T08:15:00+00:00,4080.984999999999,4081.724999999999,4076.014999999999,4076.644999999999,6717
2026-07-21T08:30:00+00:00,4076.644999999999,4078.1949999999993,4073.854999999999,4075.264999999999,6399
2026-07-21T08:45:00+00:00,4075.264999999999,4076.704999999999,4072.144999999999,4075.834999999999,4492
2026-07-21T09:00:00+00:00,4075.834999999999,4079.9649999999992,4075.834999999999,4078.054999999999,4504
2026-07-21T09:15:00+00:00,4078.054999999999,4081.554999999999,4075.6349999999993,4075.794999999999,5181
2026-07-21T09:30:00+00:00,4075.794999999999,4078.744999999999,4074.164999999999,4075.4049999999993,4724
2026-07-21T09:45:00+00:00,4075.4049999999993,4082.534999999999,4075.254999999999,4078.834999999999,5228
2026-07-21T10:00:00+00:00,4078.834999999999,4081.354999999999,4073.874999999999,4079.4049999999993,8876
2026-07-21T10:15:00+00:00,4079.4049999999993,4082.4049999999993,4078.014999999999,4079.6749999999993,7125
2026-07-21T10:30:00+00:00,4079.6749999999993,4083.084999999999,4079.644999999999,4080.024999999999,4887
2026-07-21T10:45:00+00:00,4080.024999999999,4081.684999999999,4075.514999999999,4075.974999999999,5227
2026-07-21T11:00:00+00:00,4075.974999999999,4076.6149999999993,4068.4249999999993,4071.644999999999,7928
2026-07-21T11:15:00+00:00,4071.644999999999,4072.854999999999,4069.224999999999,4070.954999999999,6009
2026-07-21T11:30:00+00:00,4070.954999999999,4074.024999999999,4068.484999999999,4069.124999999999,6021
2026-07-21T11:45:00+00:00,4069.124999999999,4071.524999999999,4067.454999999999,4069.0949999999993,4139
2026-07-21T12:00:00+00:00,4069.0949999999993,4073.8649999999993,4068.954999999999,4072.4049999999993,6567
2026-07-21T12:15:00+00:00,4072.4049999999993,4078.624999999999,4068.794999999999,4074.454999999999,9766
2026-07-21T12:30:00+00:00,4074.454999999999,4076.774999999999,4064.104999999999,4066.9649999999992,13530
2026-07-21T12:45:00+00:00,4066.9649999999992,4075.1949999999993,4065.9249999999993,4067.124999999999,12213
2026-07-21T13:00:00+00:00,4067.124999999999,4073.484999999999,4066.8849999999993,4072.784999999999,19666
2026-07-21T13:15:00+00:00,4072.784999999999,4074.774999999999,4063.004999999999,4063.9249999999993,17576
2026-07-21T13:30:00+00:00,4063.9249999999993,4070.474999999999,4057.704999999999,4059.604999999999,24654
2026-07-21T13:45:00+00:00,4059.604999999999,4066.5749999999994,4057.554999999999,4066.084999999999,17390
2026-07-21T14:00:00+00:00,4066.084999999999,4078.984999999999,4064.8249999999994,4078.984999999999,19352
2026-07-21T14:15:00+00:00,4078.984999999999,4082.4649999999992,4074.144999999999,4082.4649999999992,20274
2026-07-21T14:30:00+00:00,4082.4649999999992,4086.724999999999,4075.3449999999993,4080.514999999999,15507
2026-07-21T14:45:00+00:00,4080.514999999999,4083.754999999999,4079.3249999999994,4081.454999999999,15257
2026-07-21T15:00:00+00:00,4081.454999999999,4086.7149999999992,4078.684999999999,4086.3449999999993,12976
2026-07-21T15:15:00+00:00,4086.3449999999993,4092.0749999999994,4086.3449999999993,4089.834999999999,14867
2026-07-21T15:30:00+00:00,4089.834999999999,4096.384999999999,4088.4049999999993,4088.744999999999,12764
2026-07-21T15:45:00+00:00,4088.744999999999,4091.1349999999993,4085.294999999999,4087.0749999999994,7220
2026-07-21T16:00:00+00:00,4087.0749999999994,4092.144999999999,4086.564999999999,4091.434999999999,7428
2026-07-21T16:15:00+00:00,4091.434999999999,4091.544999999999,4087.044999999999,4088.624999999999,6717
2026-07-21T16:30:00+00:00,4088.624999999999,4089.414999999999,4084.064999999999,4084.984999999999,6282
2026-07-21T16:45:00+00:00,4084.984999999999,4086.3449999999993,4082.9049999999993,4084.5749999999994,6460
2026-07-21T17:00:00+00:00,4084.5749999999994,4085.544999999999,4082.1949999999993,4083.514999999999,6171
2026-07-21T17:15:00+00:00,4083.514999999999,4085.934999999999,4082.034999999999,4085.1549999999993,6659
2026-07-21T17:30:00+00:00,4085.1549999999993,4085.3249999999994,4079.664999999999,4081.054999999999,4224
2026-07-21T17:45:00+00:00,4081.054999999999,4081.764999999999,4079.744999999999,4081.764999999999,3243
2026-07-21T18:00:00+00:00,4081.764999999999,4085.1949999999993,4080.784999999999,4084.394999999999,5620
2026-07-21T18:15:00+00:00,4084.394999999999,4099.615,4084.2149999999992,4096.855,9150
2026-07-21T18:30:00+00:00,4096.855,4098.724999999999,4094.2149999999997,4095.5949999999993,6191
2026-07-21T18:45:00+00:00,4095.5949999999993,4096.394999999999,4092.374999999999,4095.374999999999,4281
2026-07-21T19:00:00+00:00,4095.374999999999,4098.714999999999,4093.1549999999997,4093.9849999999997,6184
2026-07-21T19:15:00+00:00,4093.9849999999997,4098.295,4093.9849999999997,4097.145,6005
2026-07-21T19:30:00+00:00,4097.145,4098.215,4095.055,4096.484999999999,5215
2026-07-21T19:45:00+00:00,4096.484999999999,4098.505000000001,4095.824999999999,4097.625,8798
2026-07-21T20:00:00+00:00,4097.625,4099.345,4096.555,4097.395000000001,2569
2026-07-21T20:15:00+00:00,4097.395000000001,4097.555000000001,4094.505000000001,4095.8750000000005,1258
2026-07-21T20:30:00+00:00,4095.8750000000005,4098.295,4093.8250000000016,4094.0750000000016,2031
2026-07-21T20:45:00+00:00,4094.0750000000016,4094.0750000000016,4089.3950000000013,4090.4950000000013,2592
2026-07-21T22:00:00+00:00,4090.4950000000013,4090.7450000000013,4086.7450000000013,4089.615000000001,2904.540042087652
2026-07-21T22:15:00+00:00,4089.615000000001,4093.945000000001,4088.8750000000014,4093.7250000000013,2911
2026-07-21T22:30:00+00:00,4093.7250000000013,4096.035000000002,4093.5450000000014,4094.6850000000013,3008
2026-07-21T22:45:00+00:00,4094.6850000000013,4095.425000000001,4089.1650000000013,4091.425000000001,3196
2026-07-21T23:00:00+00:00,4091.425000000001,4092.9550000000013,4090.3350000000014,4092.2450000000013,2135
2026-07-21T23:15:00+00:00,4092.2450000000013,4093.4150000000013,4091.735000000001,4092.1250000000014,1484
2026-07-21T23:30:00+00:00,4092.1250000000014,4093.2250000000013,4090.195000000001,4091.2950000000014,1934
2026-07-21T23:45:00+00:00,4091.2950000000014,4093.9750000000013,4090.195000000001,4091.8950000000013,2879
2026-07-22T00:00:00+00:00,4091.8950000000013,4103.705000000002,4087.805000000001,4103.255000000001,15933
2026-07-22T00:15:00+00:00,4103.255000000001,4109.775000000002,4103.245000000001,4109.045000000002,11769
2026-07-22T00:30:00+00:00,4109.045000000002,4113.245000000002,4100.725000000002,4103.755000000001,12505
2026-07-22T00:45:00+00:00,4103.755000000001,4110.365000000002,4102.635000000001,4108.485000000001,10339
2026-07-22T01:00:00+00:00,4108.485000000001,4132.485000000001,4107.475,4132.385,26453
2026-07-22T01:15:00+00:00,4132.385,4132.555,4122.845,4126.445000000001,15526
2026-07-22T01:30:00+00:00,4126.445000000001,4133.845,4123.865000000001,4132.695000000001,16330
2026-07-22T01:45:00+00:00,4132.695000000001,4134.595,4128.345,4133.275000000001,12005
2026-07-22T02:00:00+00:00,4133.275000000001,4134.245,4129.985000000001,4132.945000000001,10692
2026-07-22T02:15:00+00:00,4132.945000000001,4137.015,4130.885,4135.075000000001,7993
2026-07-22T02:30:00+00:00,4135.075000000001,4141.285000000001,4133.125,4139.325000000001,13774
2026-07-22T02:45:00+00:00,4139.325000000001,4141.905000000001,4137.245,4141.475,10883
2026-07-22T03:00:00+00:00,4141.475,4151.525000000001,4140.285000000001,4148.235000000001,11667
2026-07-22T03:15:00+00:00,4148.235000000001,4152.655000000001,4147.655000000001,4149.275000000001,8607
2026-07-22T03:30:00+00:00,4149.275000000001,4149.335,4143.425,4144.475,6665
2026-07-22T03:45:00+00:00,4144.475,4145.225,4141.085,4141.8150000000005,5652
2026-07-22T04:00:00+00:00,4141.8150000000005,4142.205,4137.255,4138.025000000001,5583
2026-07-22T04:15:00+00:00,4138.025000000001,4140.735000000001,4137.985000000001,4139.655000000001,3728
2026-07-22T04:30:00+00:00,4139.655000000001,4140.045,4135.755,4138.325000000001,4523
2026-07-22T04:45:00+00:00,4138.325000000001,4138.665,4136.165,4137.985000000001,3790
2026-07-22T05:00:00+00:00,4137.985000000001,4140.895,4136.725,4139.515,4919
2026-07-22T05:15:00+00:00,4139.515,4139.705,4134.225,4134.685,6292
2026-07-22T05:30:00+00:00,4134.685,4144.995,4133.965,4143.505,13290
2026-07-22T05:45:00+00:00,4143.505,4144.205,4138.885,4142.115000000001,9602
2026-07-22T06:00:00+00:00,4142.115000000001,4146.155000000001,4140.415,4140.865000000001,9642
2026-07-22T06:15:00+00:00,4140.865000000001,4142.945000000001,4125.005,4128.475,12017
2026-07-22T06:30:00+00:00,4128.475,4131.415,4125.785000000001,4129.835,11429
2026-07-22T06:45:00+00:00,4129.835,4131.675,4124.3550000000005,4127.385,9899
2026-07-22T07:00:00+00:00,4127.385,4128.175,4122.905000000001,4127.485000000001,9379
2026-07-22T07:15:00+00:00,4127.485000000001,4133.495,4126.965,4130.675,6606
2026-07-22T07:30:00+00:00,4130.675,4133.905000000001,4121.935,4123.325000000001,9261
2026-07-22T07:45:00+00:00,4123.325000000001,4125.275000000001,4120.265,4121.615000000001,8684
2026-07-22T08:00:00+00:00,4121.615000000001,4126.965,4121.585,4125.645,9458
2026-07-22T08:15:00+00:00,4125.645,4128.715,4124.385,4128.435,8534
2026-07-22T08:30:00+00:00,4128.435,4130.035000000001,4125.045,4125.475,8525
2026-07-22T08:45:00+00:00,4125.475,4131.0650000000005,4124.3150000000005,4129.285000000001,7184
2026-07-22T09:00:00+00:00,4129.285000000001,4133.185,4128.765,4132.595,7548
2026-07-22T09:15:00+00:00,4132.595,4133.385,4128.725,4129.665,5854
2026-07-22T09:30:00+00:00,4129.665,4132.745,4125.445000000001,4126.845,7829
2026-07-22T09:45:00+00:00,4126.845,4128.835,4124.215,4125.985000000001,5846
2026-07-22T10:00:00+00:00,4125.985000000001,4130.925,4125.825000000001,4128.365000000001,6651
2026-07-22T10:15:00+00:00,4128.365000000001,4132.825000000001,4127.445000000001,4130.345,6721
2026-07-22T10:30:00+00:00,4130.345,4130.985000000001,4126.8150000000005,4128.055,4776
2026-07-22T10:45:00+00:00,4128.055,4131.215,4127.125,4128.585,4479
2026-07-22T11:00:00+00:00,4128.585,4131.865000000001,4126.175,4130.085,5449
2026-07-22T11:15:00+00:00,4130.085,4134.025000000001,4128.485000000001,4129.645,5260
2026-07-22T11:30:00+00:00,4129.645,4131.525000000001,4123.695000000001,4126.165,9797
2026-07-22T11:45:00+00:00,4126.165,4133.985000000001,4125.895,4133.535000000001,7304
2026-07-22T12:00:00+00:00,4133.535000000001,4138.265,4132.895,4138.035000000001,9362
2026-07-22T12:15:00+00:00,4138.035000000001,4144.0650000000005,4135.715,4143.6050000000005,11318
2026-07-22T12:30:00+00:00,4143.6050000000005,4145.345,4135.665,4138.275000000001,12136
2026-07-22T12:45:00+00:00,4138.275000000001,4138.595,4117.575000000001,4123.885,15732
2026-07-22T13:00:00+00:00,4123.885,4136.895,4123.775000000001,4136.715,16625
2026-07-22T13:15:00+00:00,4136.715,4145.975,4135.965,4142.655000000001,11873
2026-07-22T13:30:00+00:00,4142.655000000001,4157.015,4142.655000000001,4153.595,26554
2026-07-22T13:45:00+00:00,4153.595,4166.765,4153.595,4165.585,23736
2026-07-22T14:00:00+00:00,4165.585,4174.305,4164.3550000000005,4167.635,22963
2026-07-22T14:15:00+00:00,4167.635,4167.635,4155.555,4157.185,21817
2026-07-22T14:30:00+00:00,4157.185,4163.895,4157.155000000001,4161.785000000001,16346
2026-07-22T14:45:00+00:00,4161.785000000001,4163.805,4154.935,4159.455,15686
2026-07-22T15:00:00+00:00,4159.455,4169.465,4159.455,4168.405000000001,11940
2026-07-22T15:15:00+00:00,4168.405000000001,4172.245,4164.205,4168.0650000000005,9149
2026-07-22T15:30:00+00:00,4168.0650000000005,4171.835,4166.505,4170.915,10252
2026-07-22T15:45:00+00:00,4170.915,4176.985000000001,4169.3150000000005,4170.215,11507
2026-07-22T16:00:00+00:00,4170.215,4170.305,4164.095,4165.535000000001,8943
2026-07-22T16:15:00+00:00,4165.535000000001,4166.555,4158.785000000001,4160.215,7616
2026-07-22T16:30:00+00:00,4160.215,4162.365000000001,4155.485000000001,4158.045,9031
2026-07-22T16:45:00+00:00,4158.045,4160.045,4155.585,4157.725,7317
2026-07-22T17:00:00+00:00,4157.725,4158.795,4154.095,4156.3150000000005,7144
2026-07-22T17:15:00+00:00,4156.3150000000005,4158.095,4153.635,4157.125,8245
2026-07-22T17:30:00+00:00,4157.125,4158.5650000000005,4149.395,4151.615000000001,7423
2026-07-22T17:45:00+00:00,4151.615000000001,4154.675,4151.435,4153.255,5426
2026-07-22T18:00:00+00:00,4153.255,4153.725,4147.805,4149.085,10588
2026-07-22T18:15:00+00:00,4149.085,4150.6050000000005,4145.705,4146.185,11456
2026-07-22T18:30:00+00:00,4146.185,4147.225,4143.015,4146.865000000001,11107
2026-07-22T18:45:00+00:00,4146.865000000001,4149.935,4146.3550000000005,4147.025000000001,6333
2026-07-22T19:00:00+00:00,4147.025000000001,4148.185,4143.935,4144.985000000001,6464
2026-07-22T19:15:00+00:00,4144.985000000001,4146.425,4142.745,4145.435,5739
2026-07-22T19:30:00+00:00,4145.435,4147.255,4143.585,4144.8150000000005,6398
2026-07-22T19:45:00+00:00,4144.8150000000005,4146.305,4139.905000000001,4142.845,9556
2026-07-22T20:00:00+00:00,4142.845,4146.615000000001,4141.445000000001,4145.515,9650
2026-07-22T20:15:00+00:00,4145.515,4148.8550000000005,4144.995,4147.495,3704
2026-07-22T20:30:00+00:00,4147.495,4148.645,4142.025000000001,4142.115000000001,3210
2026-07-22T20:45:00+00:00,4142.115000000001,4142.185,4139.235000000001,4140.8550000000005,6376
2026-07-22T22:00:00+00:00,4140.8550000000005,4153.805000000001,4119.535000000001,4129.385,7686.402919787851
2026-07-22T22:15:00+00:00,4129.385,4134.8150000000005,4126.375000000001,4134.805,6623
2026-07-22T22:30:00+00:00,4134.805,4135.725,4125.885,4127.445000000001,5783
2026-07-22T22:45:00+00:00,4127.445000000001,4132.385,4126.435,4127.475,6750
2026-07-22T23:00:00+00:00,4127.475,4130.405000000001,4122.395,4129.505000000001,7992
2026-07-22T23:15:00+00:00,4129.505000000001,4129.725,4124.875000000001,4125.825000000001,3995
2026-07-22T23:30:00+00:00,4125.825000000001,4130.575000000001,4124.915000000001,4129.3150000000005,3365
2026-07-22T23:45:00+00:00,4129.3150000000005,4140.015,4128.735000000001,4139.385,9029
2026-07-23T00:00:00+00:00,4139.385,4140.3150000000005,4132.015,4132.635,10220
2026-07-23T00:15:00+00:00,4132.635,4140.655000000001,4132.555,4135.805,8282
2026-07-23T00:30:00+00:00,4135.805,4138.205000000001,4132.985000000001,4133.635,7162
2026-07-23T00:45:00+00:00,4133.635,4139.155000000001,4131.095,4138.095,7132
2026-07-23T01:00:00+00:00,4138.095,4144.975,4135.915000000001,4140.575000000001,21271
2026-07-23T01:15:00+00:00,4140.575000000001,4146.925,4139.625000000001,4143.365000000001,12659
2026-07-23T01:30:00+00:00,4143.365000000001,4145.285000000001,4127.595,4127.595,19270
2026-07-23T01:45:00+00:00,4127.595,4129.645,4120.215000000001,4123.785000000001,16462
2026-07-23T02:00:00+00:00,4123.785000000001,4124.735000000001,4117.965000000001,4123.575000000001,13770
2026-07-23T02:15:00+00:00,4123.575000000001,4124.035000000001,4119.155000000001,4122.075000000001,8983
2026-07-23T02:30:00+00:00,4122.075000000001,4128.215000000001,4119.5650000000005,4128.215000000001,12572
2026-07-23T02:45:00+00:00,4128.215000000001,4134.715000000001,4127.195000000001,4134.045000000001,10633
2026-07-23T03:00:00+00:00,4134.045000000001,4134.925,4130.0650000000005,4133.1050000000005,8999
2026-07-23T03:15:00+00:00,4133.1050000000005,4138.935,4132.6050000000005,4136.535000000001,9695
2026-07-23T03:30:00+00:00,4136.535000000001,4136.975,4131.735000000001,4134.615000000001,6130
2026-07-23T03:45:00+00:00,4134.615000000001,4134.745000000001,4130.075000000001,4130.635,3925
2026-07-23T04:00:00+00:00,4130.635,4133.6050000000005,4128.415000000001,4133.585000000001,4973
2026-07-23T04:15:00+00:00,4133.585000000001,4135.655000000001,4130.955000000001,4135.615000000001,5413
2026-07-23T04:30:00+00:00,4135.615000000001,4136.215000000001,4128.975,4129.015,5454
2026-07-23T04:45:00+00:00,4129.015,4130.235000000001,4125.905000000001,4127.095,4751
2026-07-23T05:00:00+00:00,4127.095,4130.915000000001,4125.235000000001,4130.245000000001,6438
2026-07-23T05:15:00+00:00,4130.245000000001,4131.325000000001,4125.865000000001,4131.325000000001,6008
2026-07-23T05:30:00+00:00,4131.325000000001,4134.445000000001,4129.215000000001,4133.645,12056
2026-07-23T05:45:00+00:00,4133.645,4136.485000000001,4126.625000000001,4130.045000000001,10258
2026-07-23T06:00:00+00:00,4130.045000000001,4134.135,4127.085000000001,4129.075000000001,12514
2026-07-23T06:15:00+00:00,4129.075000000001,4133.725,4127.205000000001,4128.035000000001,7907
2026-07-23T06:30:00+00:00,4128.035000000001,4129.745000000001,4122.805,4125.925,10172
2026-07-23T06:45:00+00:00,4125.925,4128.305,4123.735000000001,4124.405000000001,7662
2026-07-23T07:00:00+00:00,4124.405000000001,4125.375000000001,4107.875000000001,4112.515,13271
2026-07-23T07:15:00+00:00,4112.515,4117.945000000001,4111.375000000001,4114.335000000001,10936
2026-07-23T07:30:00+00:00,4114.335000000001,4114.665000000001,4097.295000000001,4101.425000000001,10755
2026-07-23T07:45:00+00:00,4101.425000000001,4102.755000000001,4096.125000000001,4101.374999999999,12004
2026-07-23T08:00:00+00:00,4101.374999999999,4103.624999999998,4096.094999999998,4097.384999999998,11314
2026-07-23T08:15:00+00:00,4097.384999999998,4098.404999999999,4094.4449999999983,4097.784999999998,7795
2026-07-23T08:30:00+00:00,4097.784999999998,4099.6349999999975,4094.5949999999975,4098.3449999999975,7680
2026-07-23T08:45:00+00:00,4098.3449999999975,4100.794999999996,4092.894999999997,4099.174999999997,7370
2026-07-23T09:00:00+00:00,4099.174999999997,4105.344999999997,4098.654999999997,4100.754999999997,9033
2026-07-23T09:15:00+00:00,4100.754999999997,4103.024999999998,4095.294999999998,4097.374999999998,6616
2026-07-23T09:30:00+00:00,4097.374999999998,4098.744999999998,4094.5749999999985,4097.784999999998,7077
2026-07-23T09:45:00+00:00,4097.784999999998,4100.164999999997,4094.294999999998,4095.864999999998,6230
2026-07-23T10:00:00+00:00,4095.864999999998,4097.5549999999985,4093.8449999999993,4096.794999999998,7077
2026-07-23T10:15:00+00:00,4096.794999999998,4098.394999999999,4091.9249999999984,4095.7249999999985,6682
2026-07-23T10:30:00+00:00,4095.7249999999985,4098.684999999998,4092.474999999999,4095.324999999999,7302
2026-07-23T10:45:00+00:00,4095.324999999999,4101.144999999999,4093.214999999999,4099.064999999999,7280
2026-07-23T11:00:00+00:00,4099.064999999999,4099.8049999999985,4092.964999999999,4093.5649999999987,8221
2026-07-23T11:15:00+00:00,4093.5649999999987,4095.154999999999,4087.014999999999,4090.264999999999,9472
2026-07-23T11:30:00+00:00,4090.264999999999,4090.264999999999,4079.0249999999987,4084.5849999999987,12613
2026-07-23T11:45:00+00:00,4084.5849999999987,4094.694999999999,4083.784999999999,4091.574999999999,9463
2026-07-23T12:00:00+00:00,4091.574999999999,4091.8749999999986,4087.2549999999987,4087.404999999999,7273
2026-07-23T12:15:00+00:00,4087.404999999999,4089.1249999999986,4076.224999999999,4080.614999999999,15580
2026-07-23T12:30:00+00:00,4080.614999999999,4080.9849999999988,4070.4849999999988,4074.8549999999987,17279
2026-07-23T12:45:00+00:00,4074.8549999999987,4075.114999999999,4066.9849999999988,4067.704999999999,17645
2026-07-23T13:00:00+00:00,4067.704999999999,4069.4349999999986,4046.444999999999,4046.824999999999,33600
2026-07-23T13:15:00+00:00,4046.824999999999,4065.0449999999987,4046.634999999999,4064.804999999999,22368
2026-07-23T13:30:00+00:00,4064.804999999999,4073.304999999999,4061.4149999999986,4062.054999999999,29969
2026-07-23T13:45:00+00:00,4062.054999999999,4064.884999999999,4048.764999999999,4049.114999999999,24534
2026-07-23T14:00:00+00:00,4049.114999999999,4057.174999999999,4046.0049999999987,4053.954999999999,27405
2026-07-23T14:15:00+00:00,4053.954999999999,4062.864999999999,4048.2349999999988,4062.3749999999986,26341
2026-07-23T14:30:00+00:00,4062.3749999999986,4066.214999999999,4057.694999999999,4062.974999999999,20146
2026-07-23T14:45:00+00:00,4062.974999999999,4067.614999999999,4061.9849999999988,4063.844999999999,17155
2026-07-23T15:00:00+00:00,4063.844999999999,4065.344999999999,4055.404999999999,4057.324999999999,18651
2026-07-23T15:15:00+00:00,4057.324999999999,4062.694999999999,4051.464999999999,4052.7549999999987,18883
2026-07-23T15:30:00+00:00,4052.7549999999987,4059.194999999999,4048.2549999999987,4054.114999999999,20736
2026-07-23T15:45:00+00:00,4054.114999999999,4056.884999999999,4052.6649999999986,4054.674999999999,12179
2026-07-23T16:00:00+00:00,4054.674999999999,4056.8749999999986,4053.304999999999,4056.174999999999,10428
2026-07-23T16:15:00+00:00,4056.174999999999,4057.554999999999,4051.714999999999,4055.9849999999988,7926
2026-07-23T16:30:00+00:00,4055.9849999999988,4056.964999999999,4052.944999999999,4055.704999999999,8217
2026-07-23T16:45:00+00:00,4055.704999999999,4057.694999999999,4053.844999999999,4057.4349999999986,7793
2026-07-23T17:00:00+00:00,4057.4349999999986,4060.4149999999986,4052.8749999999986,4053.1849999999986,10982
2026-07-23T17:15:00+00:00,4053.1849999999986,4056.474999999999,4052.094999999999,4053.194999999999,10992
2026-07-23T17:30:00+00:00,4053.194999999999,4055.1049999999987,4047.8749999999986,4048.704999999999,10072
2026-07-23T17:45:00+00:00,4048.704999999999,4050.174999999999,4047.424999999999,4047.614999999999,8005
2026-07-23T18:00:00+00:00,4047.614999999999,4050.114999999999,4046.594999999999,4047.7349999999988,12667
2026-07-23T18:15:00+00:00,4047.7349999999988,4051.074999999999,4046.5849999999987,4050.424999999999,10356
2026-07-23T18:30:00+00:00,4050.424999999999,4053.884999999999,4050.3349999999987,4052.5449999999987,6926
2026-07-23T18:45:00+00:00,4052.5449999999987,4054.324999999999,4050.424999999999,4051.9149999999986,5753
2026-07-23T19:00:00+00:00,4051.9149999999986,4054.364999999999,4048.974999999999,4049.1649999999986,6452
2026-07-23T19:15:00+00:00,4049.1649999999986,4055.114999999999,4049.0849999999987,4054.224999999999,5943
2026-07-23T19:30:00+00:00,4054.224999999999,4056.954999999999,4051.7349999999988,4051.7349999999988,8093
2026-07-23T19:45:00+00:00,4051.7349999999988,4057.0449999999987,4050.844999999999,4055.7349999999988,10849
2026-07-23T20:00:00+00:00,4055.7349999999988,4057.224999999999,4054.094999999999,4055.454999999999,4293
2026-07-23T20:15:00+00:00,4055.454999999999,4056.5049999999987,4053.4149999999986,4056.154999999999,2039
2026-07-23T20:30:00+00:00,4056.154999999999,4056.474999999999,4055.0049999999987,4055.844999999999,1944
2026-07-23T20:45:00+00:00,4055.844999999999,4055.964999999999,4053.2349999999988,4054.804999999999,2119
2026-07-23T22:00:00+00:00,4054.804999999999,4056.574999999999,4054.334999999999,4055.1749999999993,2194.814240292899
2026-07-23T22:15:00+00:00,4055.1749999999993,4056.404999999999,4055.1749999999993,4056.154999999999,1507
2026-07-23T22:30:00+00:00,4056.154999999999,4056.624999999999,4054.844999999999,4055.484999999999,1782
2026-07-23T22:45:00+00:00,4055.484999999999,4056.604999999999,4054.584999999999,4055.6949999999993,1297
2026-07-23T23:00:00+00:00,4055.6949999999993,4055.9449999999993,4053.594999999999,4054.6949999999993,1665
2026-07-23T23:15:00+00:00,4054.6949999999993,4056.004999999999,4053.364999999999,4055.314999999999,1865
2026-07-23T23:30:00+00:00,4055.314999999999,4056.624999999999,4053.224999999999,4054.244999999999,2791
2026-07-23T23:45:00+00:00,4054.244999999999,4055.764999999999,4052.774999999999,4053.204999999999,4085
2026-07-24T00:00:00+00:00,4053.204999999999,4056.164999999999,4047.414999999999,4047.614999999999,9682
2026-07-24T00:15:00+00:00,4047.614999999999,4054.1749999999993,4047.454999999999,4052.834999999999,8456
2026-07-24T00:30:00+00:00,4052.834999999999,4056.334999999999,4051.014999999999,4055.344999999999,6915
2026-07-24T00:45:00+00:00,4055.344999999999,4056.734999999999,4054.564999999999,4055.894999999999,5798
2026-07-24T01:00:00+00:00,4055.894999999999,4056.244999999999,4046.484999999999,4048.624999999999,15512
2026-07-24T01:15:00+00:00,4048.624999999999,4051.994999999999,4047.604999999999,4048.894999999999,9252
2026-07-24T01:30:00+00:00,4048.894999999999,4056.604999999999,4047.854999999999,4056.054999999999,9808
2026-07-24T01:45:00+00:00,4056.054999999999,4056.204999999999,4047.604999999999,4049.7149999999992,7876
2026-07-24T02:00:00+00:00,4049.7149999999992,4052.054999999999,4047.114999999999,4051.894999999999,7748
2026-07-24T02:15:00+00:00,4051.894999999999,4054.254999999999,4048.744999999999,4052.564999999999,4126
2026-07-24T02:30:00+00:00,4052.564999999999,4054.294999999999,4047.344999999999,4047.7149999999992,7587
2026-07-24T02:45:00+00:00,4047.7149999999992,4047.974999999999,4029.204999999999,4030.544999999999,17090
2026-07-24T03:00:00+00:00,4030.544999999999,4038.494999999999,4029.314999999999,4037.874999999999,8961
2026-07-24T03:15:00+00:00,4037.874999999999,4039.764999999999,4034.274999999999,4036.554999999999,7279
2026-07-24T03:30:00+00:00,4036.554999999999,4039.4649999999992,4036.554999999999,4037.6749999999993,5748
2026-07-24T03:45:00+00:00,4037.6749999999993,4038.294999999999,4034.604999999999,4035.574999999999,4062
2026-07-24T04:00:00+00:00,4035.574999999999,4036.4649999999992,4033.094999999999,4034.334999999999,4316
2026-07-24T04:15:00+00:00,4034.334999999999,4036.434999999999,4033.804999999999,4035.874999999999,3271
2026-07-24T04:30:00+00:00,4035.874999999999,4036.4649999999992,4032.114999999999,4033.064999999999,2924
2026-07-24T04:45:00+00:00,4033.064999999999,4034.974999999999,4031.384999999999,4033.224999999999,2665
2026-07-24T05:00:00+00:00,4033.224999999999,4038.364999999999,4031.434999999999,4033.764999999999,5237
2026-07-24T05:15:00+00:00,4033.764999999999,4036.074999999999,4028.574999999999,4032.374999999999,5489
2026-07-24T05:30:00+00:00,4032.374999999999,4037.634999999999,4030.1749999999993,4030.9249999999993,10837
2026-07-24T05:45:00+00:00,4030.9249999999993,4035.394999999999,4028.024999999999,4029.144999999999,8687
2026-07-24T06:00:00+00:00,4029.144999999999,4037.474999999999,4029.134999999999,4037.004999999999,10899
2026-07-24T06:15:00+00:00,4037.004999999999,4045.154999999999,4035.414999999999,4042.724999999999,9884
2026-07-24T06:30:00+00:00,4042.724999999999,4043.384999999999,4039.404999999999,4040.054999999999,8767
2026-07-24T06:45:00+00:00,4040.054999999999,4044.874999999999,4037.6949999999993,4041.834999999999,9231
2026-07-24T07:00:00+00:00,4041.834999999999,4053.554999999999,4041.334999999999,4051.514999999999,11251
2026-07-24T07:15:00+00:00,4051.514999999999,4056.854999999999,4050.124999999999,4054.864999999999,8548
2026-07-24T07:30:00+00:00,4054.864999999999,4059.744999999999,4051.954999999999,4054.494999999999,6256
2026-07-24T07:45:00+00:00,4054.494999999999,4055.844999999999,4052.084999999999,4054.394999999999,5418
2026-07-24T08:00:00+00:00,4054.394999999999,4055.364999999999,4051.414999999999,4052.984999999999,7323
2026-07-24T08:15:00+00:00,4052.984999999999,4058.724999999999,4051.264999999999,4058.724999999999,7054
2026-07-24T08:30:00+00:00,4058.724999999999,4061.554999999999,4054.954999999999,4060.6749999999993,6893
2026-07-24T08:45:00+00:00,4060.6749999999993,4064.814999999999,4058.384999999999,4063.614999999999,5709
2026-07-24T09:00:00+00:00,4063.614999999999,4066.954999999999,4059.474999999999,4060.324999999999,5759
2026-07-24T09:15:00+00:00,4060.324999999999,4062.774999999999,4058.664999999999,4059.144999999999,4563
2026-07-24T09:30:00+00:00,4059.144999999999,4062.324999999999,4057.874999999999,4061.734999999999,4068
2026-07-24T09:45:00+00:00,4061.734999999999,4066.014999999999,4060.864999999999,4065.974999999999,3776
2026-07-24T10:00:00+00:00,4065.974999999999,4067.654999999999,4063.914999999999,4064.224999999999,4393
2026-07-24T10:15:00+00:00,4064.224999999999,4069.804999999999,4063.644999999999,4068.114999999999,3874
2026-07-24T10:30:00+00:00,4068.114999999999,4070.064999999999,4064.264999999999,4064.544999999999,3140
2026-07-24T10:45:00+00:00,4064.544999999999,4066.364999999999,4063.304999999999,4066.124999999999,3779
2026-07-24T11:00:00+00:00,4066.124999999999,4069.594999999999,4064.634999999999,4067.404999999999,4161
2026-07-24T11:15:00+00:00,4067.404999999999,4068.064999999999,4065.244999999999,4065.254999999999,2596
2026-07-24T11:30:00+00:00,4065.254999999999,4066.524999999999,4061.254999999999,4061.294999999999,4389
2026-07-24T11:45:00+00:00,4061.294999999999,4067.704999999999,4057.554999999999,4063.874999999999,7575
2026-07-24T12:00:00+00:00,4063.874999999999,4064.664999999999,4058.504999999999,4062.684999999999,10388
2026-07-24T12:15:00+00:00,4062.684999999999,4066.274999999999,4060.884999999999,4065.734999999999,7686
2026-07-24T12:30:00+00:00,4065.734999999999,4065.734999999999,4058.134999999999,4061.154999999999,8179
2026-07-24T12:45:00+00:00,4061.154999999999,4062.524999999999,4057.784999999999,4062.234999999999,6293
2026-07-24T13:00:00+00:00,4062.234999999999,4064.564999999999,4050.884999999999,4054.314999999999,12259
2026-07-24T13:15:00+00:00,4054.314999999999,4055.554999999999,4051.044999999999,4052.534999999999,8055
2026-07-24T13:30:00+00:00,4052.534999999999,4062.774999999999,4050.974999999999,4058.044999999999,16441
2026-07-24T13:45:00+00:00,4058.044999999999,4074.704999999999,4054.414999999999,4073.364999999999,18763
2026-07-24T14:00:00+00:00,4073.364999999999,4076.144999999999,4063.4249999999993,4064.914999999999,21454
2026-07-24T14:15:00+00:00,4064.914999999999,4075.4449999999993,4062.084999999999,4072.184999999999,20916
2026-07-24T14:30:00+00:00,4072.184999999999,4074.084999999999,4065.4449999999993,4066.434999999999,13615
2026-07-24T14:45:00+00:00,4066.434999999999,4072.594999999999,4064.6949999999993,4069.434999999999,14814
2026-07-24T15:00:00+00:00,4069.434999999999,4082.6749999999993,4068.014999999999,4080.844999999999,21075
2026-07-24T15:15:00+00:00,4080.844999999999,4088.124999999999,4077.984999999999,4081.1949999999993,24985
2026-07-24T15:30:00+00:00,4081.1949999999993,4085.734999999999,4077.9649999999992,4078.2149999999992,15258
2026-07-24T15:45:00+00:00,4078.2149999999992,4083.954999999999,4077.124999999999,4083.504999999999,10596
2026-07-24T16:00:00+00:00,4083.504999999999,4083.684999999999,4080.524999999999,4080.934999999999,8656
2026-07-24T16:15:00+00:00,4080.934999999999,4084.294999999999,4079.524999999999,4079.834999999999,7532
2026-07-24T16:30:00+00:00,4079.834999999999,4080.144999999999,4072.774999999999,4073.794999999999,8348
2026-07-24T16:45:00+00:00,4073.794999999999,4073.814999999999,4070.334999999999,4073.114999999999,6045
2026-07-24T17:00:00+00:00,4073.114999999999,4074.594999999999,4069.034999999999,4070.354999999999,7465
2026-07-24T17:15:00+00:00,4070.354999999999,4076.004999999999,4069.784999999999,4074.504999999999,6981
2026-07-24T17:30:00+00:00,4074.504999999999,4075.934999999999,4072.234999999999,4072.604999999999,4476
2026-07-24T17:45:00+00:00,4072.604999999999,4073.314999999999,4069.104999999999,4069.534999999999,4863
2026-07-24T18:00:00+00:00,4069.534999999999,4070.624999999999,4067.414999999999,4067.784999999999,5587
2026-07-24T18:15:00+00:00,4067.784999999999,4069.134999999999,4061.144999999999,4061.374999999999,6022
2026-07-24T18:30:00+00:00,4061.374999999999,4063.154999999999,4057.224999999999,4058.304999999999,6759
2026-07-24T18:45:00+00:00,4058.304999999999,4061.934999999999,4057.914999999999,4060.544999999999,4083
2026-07-24T19:00:00+00:00,4060.544999999999,4062.524999999999,4058.324999999999,4058.474999999999,7322
2026-07-24T19:15:00+00:00,4058.474999999999,4058.514999999999,4055.334999999999,4057.644999999999,4916
2026-07-24T19:30:00+00:00,4057.644999999999,4064.104999999999,4057.4449999999993,4062.954999999999,7389
2026-07-24T19:45:00+00:00,4062.954999999999,4063.534999999999,4058.804999999999,4059.814999999999,6702
2026-07-24T20:00:00+00:00,4059.814999999999,4061.374999999999,4058.4249999999993,4058.684999999999,1870
2026-07-24T20:15:00+00:00,4058.684999999999,4060.894999999999,4058.244999999999,4059.834999999999,1319
2026-07-24T20:30:00+00:00,4059.834999999999,4062.134999999999,4057.754999999999,4061.584999999999,1445
2026-07-26T22:00:00+00:00,4061.584999999999,4102.855,4056.844999999999,4093.874999999999,6791.099256822254
2026-07-26T22:15:00+00:00,4093.874999999999,4096.504999999999,4090.284999999999,4093.074999999999,4507
2026-07-26T22:30:00+00:00,4093.074999999999,4099.424999999999,4091.7949999999987,4097.415000000001,3388
2026-07-26T22:45:00+00:00,4097.415000000001,4099.655000000001,4094.915,4095.7450000000003,2661
2026-07-26T23:00:00+00:00,4095.7450000000003,4097.365,4090.635,4091.005,3234
2026-07-26T23:15:00+00:00,4091.005,4092.6450000000004,4089.7850000000003,4091.1250000000005,3014
2026-07-26T23:30:00+00:00,4091.1250000000005,4095.6150000000002,4090.5550000000003,4095.2850000000003,2543
2026-07-26T23:45:00+00:00,4095.2850000000003,4102.705,4094.3950000000004,4100.4349999999995,8827
2026-07-27T00:00:00+00:00,4100.4349999999995,4122.315,4100.214999999999,4121.9349999999995,15061
2026-07-27T00:15:00+00:00,4121.9349999999995,4121.974999999999,4097.234999999999,4100.705,11667
2026-07-27T00:30:00+00:00,4100.705,4108.765,4099.995000000001,4106.0650000000005,8212
2026-07-27T00:45:00+00:00,4106.0650000000005,4115.595,4105.265,4107.025000000001,9709
2026-07-27T01:00:00+00:00,4107.025000000001,4118.745,4106.965,4113.475,20913
2026-07-27T01:15:00+00:00,4113.475,4115.425,4103.175,4106.3150000000005,14051
2026-07-27T01:30:00+00:00,4106.3150000000005,4110.375,4104.115000000001,4108.975,12587
2026-07-27T01:45:00+00:00,4108.975,4116.395,4108.975,4116.395,10324
2026-07-27T02:00:00+00:00,4116.395,4117.225,4109.625,4111.845,10049
2026-07-27T02:15:00+00:00,4111.845,4112.135,4108.385,4109.285,5521
2026-07-27T02:30:00+00:00,4109.285,4109.455,4101.805,4102.775000000001,8971
2026-07-27T02:45:00+00:00,4102.775000000001,4103.835,4099.855,4099.9349999999995,5733
2026-07-27T03:00:00+00:00,4099.9349999999995,4102.014999999999,4095.414999999998,4098.194999999998,7831
2026-07-27T03:15:00+00:00,4098.194999999998,4099.804999999998,4091.5449999999964,4091.8449999999966,6288
2026-07-27T03:30:00+00:00,4091.8449999999966,4097.084999999997,4091.4449999999965,4096.024999999998,5428
2026-07-27T03:45:00+00:00,4096.024999999998,4097.544999999996,4094.784999999998,4097.234999999997,2999
2026-07-27T04:00:00+00:00,4097.234999999997,4099.134999999997,4094.774999999996,4096.364999999996,4259
2026-07-27T04:15:00+00:00,4096.364999999996,4096.7149999999965,4093.2149999999965,4095.2849999999967,3826
2026-07-27T04:30:00+00:00,4095.2849999999967,4098.564999999996,4095.2849999999967,4096.654999999995,3454
2026-07-27T04:45:00+00:00,4096.654999999995,4097.474999999995,4095.4849999999947,4096.514999999996,2512
2026-07-27T05:00:00+00:00,4096.514999999996,4101.054999999997,4094.704999999996,4100.9649999999965,4724
2026-07-27T05:15:00+00:00,4100.9649999999965,4100.9649999999965,4092.3949999999977,4093.2449999999976,4273
2026-07-27T05:30:00+00:00,4093.2449999999976,4096.624999999998,4091.9349999999977,4094.2949999999973,9961
2026-07-27T05:45:00+00:00,4094.2949999999973,4100.034999999998,4090.7849999999976,4099.4649999999965,8522
2026-07-27T06:00:00+00:00,4099.4649999999965,4102.604999999996,4097.914999999996,4100.574999999995,8241
2026-07-27T06:15:00+00:00,4100.574999999995,4102.664999999995,4097.474999999997,4102.3349999999955,5567
2026-07-27T06:30:00+00:00,4102.3349999999955,4105.514999999996,4100.424999999996,4104.914999999995,5568
2026-07-27T06:45:00+00:00,4104.914999999995,4105.314999999996,4100.944999999995,4102.254999999995,4767
2026-07-27T07:00:00+00:00,4102.254999999995,4108.2049999999945,4102.254999999995,4108.194999999995,8117
2026-07-27T07:15:00+00:00,4108.194999999995,4112.2049999999945,4106.064999999995,4109.404999999995,6948
2026-07-27T07:30:00+00:00,4109.404999999995,4109.964999999995,4102.154999999995,4103.514999999995,6250
2026-07-27T07:45:00+00:00,4103.514999999995,4105.484999999995,4094.744999999994,4094.964999999994,6512
2026-07-27T08:00:00+00:00,4094.964999999994,4099.294999999994,4093.4349999999945,4097.484999999995,9638
2026-07-27T08:15:00+00:00,4097.484999999995,4098.814999999995,4095.1449999999945,4097.154999999994,8169
2026-07-27T08:30:00+00:00,4097.154999999994,4099.154999999994,4093.614999999995,4097.654999999994,6790
2026-07-27T08:45:00+00:00,4097.654999999994,4103.084999999995,4097.1249999999945,4101.3749999999945,4653
2026-07-27T09:00:00+00:00,4101.3749999999945,4104.604999999996,4099.244999999994,4100.254999999994,4746
2026-07-27T09:15:00+00:00,4100.254999999994,4102.044999999994,4097.354999999995,4097.794999999995,5213
2026-07-27T09:30:00+00:00,4097.794999999995,4100.944999999996,4096.664999999995,4100.424999999996,5068
2026-07-27T09:45:00+00:00,4100.424999999996,4106.624999999995,4100.034999999996,4102.394999999996,4706
2026-07-27T10:00:00+00:00,4102.394999999996,4102.674999999996,4092.744999999995,4097.144999999995,6467
2026-07-27T10:15:00+00:00,4097.144999999995,4100.194999999992,4095.434999999995,4099.324999999993,4589
2026-07-27T10:30:00+00:00,4099.324999999993,4108.244999999992,4099.2449999999935,4106.594999999992,4833
2026-07-27T10:45:00+00:00,4106.594999999992,4108.624999999992,4105.0749999999925,4105.794999999992,4466
2026-07-27T11:00:00+00:00,4105.794999999992,4110.294999999992,4103.264999999992,4108.1549999999925,5575
2026-07-27T11:15:00+00:00,4108.1549999999925,4109.6149999999925,4103.1549999999925,4103.1549999999925,4389
2026-07-27T11:30:00+00:00,4103.1549999999925,4106.1549999999925,4100.854999999992,4101.8649999999925,8022
2026-07-27T11:45:00+00:00,4101.8649999999925,4103.484999999993,4100.044999999994,4100.074999999993,6311
2026-07-27T12:00:00+00:00,4100.074999999993,4103.894999999994,4092.5949999999943,4093.9349999999945,10422
2026-07-27T12:15:00+00:00,4093.9349999999945,4095.254999999994,4088.0649999999946,4092.6849999999945,10407
2026-07-27T12:30:00+00:00,4092.6849999999945,4094.8649999999943,4089.504999999994,4093.004999999994,6904
2026-07-27T12:45:00+00:00,4093.004999999994,4095.2049999999945,4088.004999999994,4089.9949999999944,9682
2026-07-27T13:00:00+00:00,4089.9949999999944,4095.0149999999944,4087.1849999999945,4091.1249999999945,16796
2026-07-27T13:15:00+00:00,4091.1249999999945,4093.4649999999942,4082.294999999994,4082.3149999999946,13800
2026-07-27T13:30:00+00:00,4082.3149999999946,4095.4949999999944,4081.774999999994,4092.9049999999943,26858
2026-07-27T13:45:00+00:00,4092.9049999999943,4095.7649999999944,4076.8049999999944,4080.504999999994,21681
2026-07-27T14:00:00+00:00,4080.504999999994,4085.3349999999946,4077.3549999999946,4083.294999999994,21733
2026-07-27T14:15:00+00:00,4083.294999999994,4084.8449999999943,4073.3849999999943,4074.6049999999946,19325
2026-07-27T14:30:00+00:00,4074.6049999999946,4076.8449999999943,4071.5549999999944,4075.0749999999944,22310
2026-07-27T14:45:00+00:00,4075.0749999999944,4083.5149999999944,4075.0749999999944,4082.4349999999945,15739
2026-07-27T15:00:00+00:00,4082.4349999999945,4082.7249999999945,4078.1349999999943,4082.3049999999944,14784
2026-07-27T15:15:00+00:00,4082.3049999999944,4085.3849999999943,4080.8749999999945,4082.8349999999946,13355
2026-07-27T15:30:00+00:00,4082.8349999999946,4084.0349999999944,4078.8449999999943,4082.3749999999945,11612
2026-07-27T15:45:00+00:00,4082.3749999999945,4085.9549999999945,4080.8849999999943,4084.754999999994,10018
2026-07-27T16:00:00+00:00,4084.754999999994,4091.1649999999945,4084.0949999999943,4087.6349999999943,9328
2026-07-27T16:15:00+00:00,4087.6349999999943,4095.044999999994,4085.9149999999945,4091.3649999999943,13473
2026-07-27T16:30:00+00:00,4091.3649999999943,4100.144999999994,4091.2449999999944,4094.374999999993,11016
2026-07-27T16:45:00+00:00,4094.374999999993,4094.844999999993,4087.034999999993,4088.574999999993,7940
2026-07-27T17:00:00+00:00,4088.574999999993,4088.594999999993,4076.854999999993,4079.684999999993,10393
2026-07-27T17:15:00+00:00,4079.684999999993,4083.084999999993,4078.444999999993,4081.014999999993,8196
2026-07-27T17:30:00+00:00,4081.014999999993,4082.264999999993,4078.454999999993,4080.874999999993,7253
2026-07-27T17:45:00+00:00,4080.874999999993,4083.394999999993,4079.444999999993,4082.604999999993,6214
2026-07-27T18:00:00+00:00,4082.604999999993,4085.494999999993,4082.264999999993,4082.894999999993,6456
2026-07-27T18:15:00+00:00,4082.894999999993,4083.184999999993,4080.434999999993,4083.144999999993,6997
2026-07-27T18:30:00+00:00,4083.144999999993,4085.414999999993,4079.284999999993,4082.454999999993,8122
2026-07-27T18:45:00+00:00,4082.454999999993,4085.744999999993,4081.344999999993,4084.204999999993,6960
2026-07-27T19:00:00+00:00,4084.204999999993,4088.004999999993,4082.394999999993,4086.604999999993,6198
2026-07-27T19:15:00+00:00,4086.604999999993,4094.894999999993,4085.724999999993,4092.004999999993,5677
2026-07-27T19:30:00+00:00,4092.004999999993,4093.494999999993,4090.004999999993,4093.194999999993,5243
2026-07-27T19:45:00+00:00,4093.194999999993,4095.534999999993,4088.604999999993,4089.654999999993,9456
2026-07-27T20:00:00+00:00,4089.654999999993,4090.354999999993,4087.624999999993,4088.434999999993,2886
2026-07-27T20:15:00+00:00,4088.434999999993,4088.504999999993,4084.494999999993,4084.874999999993,1783
2026-07-27T20:30:00+00:00,4084.874999999993,4085.364999999993,4082.224999999993,4083.414999999993,2053
2026-07-27T20:45:00+00:00,4083.414999999993,4083.704999999993,4081.734999999993,4082.954999999993,1564
2026-07-27T22:00:00+00:00,4082.954999999993,4089.934999999993,4081.8249999999935,4085.234999999993,2484.141592516541
2026-07-27T22:15:00+00:00,4085.234999999993,4085.504999999993,4079.574999999993,4080.864999999993,2501
2026-07-27T22:30:00+00:00,4080.864999999993,4083.634999999993,4080.864999999993,4083.484999999993,1895
2026-07-27T22:45:00+00:00,4083.484999999993,4083.514999999993,4082.054999999993,4082.734999999993,2002
2026-07-27T23:00:00+00:00,4082.734999999993,4083.574999999993,4080.384999999993,4082.624999999993,2069
2026-07-27T23:15:00+00:00,4082.624999999993,4083.124999999993,4080.604999999993,4081.704999999993,1860
2026-07-27T23:30:00+00:00,4081.704999999993,4082.204999999993,4080.114999999993,4080.614999999993,1606
2026-07-27T23:45:00+00:00,4080.614999999993,4081.874999999993,4078.434999999993,4081.8149999999932,6158
2026-07-28T00:00:00+00:00,4081.8149999999932,4082.744999999993,4070.574999999993,4075.574999999993,12373
2026-07-28T00:15:00+00:00,4075.574999999993,4075.884999999993,4067.524999999993,4070.454999999993,9334
2026-07-28T00:30:00+00:00,4070.454999999993,4074.644999999993,4068.984999999993,4073.954999999993,9819
2026-07-28T00:45:00+00:00,4073.954999999993,4074.024999999993,4066.034999999993,4066.484999999993,10056
2026-07-28T01:00:00+00:00,4066.484999999993,4068.754999999993,4062.344999999993,4066.504999999993,20108
2026-07-28T01:15:00+00:00,4066.504999999993,4067.644999999993,4054.974999999993,4055.954999999993,14131
2026-07-28T01:30:00+00:00,4055.954999999993,4058.924999999993,4052.104999999993,4057.474999999993,12563
2026-07-28T01:45:00+00:00,4057.474999999993,4057.474999999993,4051.134999999993,4053.714999999993,10295
2026-07-28T02:00:00+00:00,4053.714999999993,4056.074999999993,4051.014999999993,4054.984999999993,9585
2026-07-28T02:15:00+00:00,4054.984999999993,4057.504999999993,4053.824999999993,4054.634999999993,6777
2026-07-28T02:30:00+00:00,4054.634999999993,4056.344999999993,4049.904999999993,4052.694999999993,9586
2026-07-28T02:45:00+00:00,4052.694999999993,4054.014999999993,4049.354999999993,4050.624999999993,7736
2026-07-28T03:00:00+00:00,4050.624999999993,4055.724999999993,4048.804999999993,4054.3149999999932,6656
2026-07-28T03:15:00+00:00,4054.3149999999932,4057.834999999993,4053.764999999993,4056.364999999993,5755
2026-07-28T03:30:00+00:00,4056.364999999993,4059.5649999999932,4055.804999999993,4056.834999999993,6744
2026-07-28T03:45:00+00:00,4056.834999999993,4059.324999999993,4056.584999999993,4057.944999999993,5236
2026-07-28T04:00:00+00:00,4057.944999999993,4058.154999999993,4052.024999999993,4052.5649999999932,6345
2026-07-28T04:15:00+00:00,4052.5649999999932,4056.524999999993,4052.044999999993,4054.144999999993,5197
2026-07-28T04:30:00+00:00,4054.144999999993,4056.294999999993,4052.424999999993,4056.194999999993,3721
2026-07-28T04:45:00+00:00,4056.194999999993,4056.344999999993,4050.164999999993,4050.694999999993,4494
2026-07-28T05:00:00+00:00,4050.694999999993,4052.524999999993,4048.444999999993,4050.884999999993,7233
2026-07-28T05:15:00+00:00,4050.884999999993,4052.244999999993,4049.354999999993,4051.774999999993,6670
2026-07-28T05:30:00+00:00,4051.774999999993,4054.074999999993,4043.144999999993,4050.154999999993,14798
2026-07-28T05:45:00+00:00,4050.154999999993,4054.964999999993,4048.074999999993,4053.684999999993,8955
2026-07-28T06:00:00+00:00,4053.684999999993,4056.384999999993,4051.364999999993,4052.634999999993,9286
2026-07-28T06:15:00+00:00,4052.634999999993,4057.374999999993,4052.524999999993,4056.234999999993,9041
2026-07-28T06:30:00+00:00,4056.234999999993,4060.874999999993,4055.294999999993,4058.464999999993,8353
2026-07-28T06:45:00+00:00,4058.464999999993,4059.854999999993,4056.504999999993,4056.884999999993,5737
2026-07-28T07:00:00+00:00,4056.884999999993,4059.634999999993,4055.984999999993,4057.384999999993,7291
2026-07-28T07:15:00+00:00,4057.384999999993,4060.844999999993,4057.124999999993,4058.624999999993,5375
2026-07-28T07:30:00+00:00,4058.624999999993,4059.544999999993,4057.034999999993,4057.874999999993,5488
2026-07-28T07:45:00+00:00,4057.874999999993,4058.364999999993,4054.614999999993,4055.694999999993,6963
2026-07-28T08:00:00+00:00,4055.694999999993,4063.674999999993,4051.674999999993,4053.004999999993,11940
2026-07-28T08:15:00+00:00,4053.004999999993,4059.634999999993,4052.844999999993,4057.984999999993,11973
2026-07-28T08:30:00+00:00,4057.984999999993,4058.224999999993,4050.374999999993,4051.714999999993,9010
2026-07-28T08:45:00+00:00,4051.714999999993,4054.704999999993,4050.114999999993,4053.914999999993,6806
2026-07-28T09:00:00+00:00,4053.914999999993,4054.414999999993,4049.184999999993,4049.494999999993,5718
2026-07-28T09:15:00+00:00,4049.494999999993,4052.744999999993,4047.514999999993,4048.8149999999932,5328
2026-07-28T09:30:00+00:00,4048.8149999999932,4048.844999999993,4038.094999999993,4041.884999999993,8980
2026-07-28T09:45:00+00:00,4041.884999999993,4042.784999999993,4028.024999999993,4031.884999999993,9051
2026-07-28T10:00:00+00:00,4031.884999999993,4035.394999999993,4029.094999999993,4032.824999999993,9438
2026-07-28T10:15:00+00:00,4032.824999999993,4034.354999999993,4025.474999999993,4026.144999999993,8569
2026-07-28T10:30:00+00:00,4026.144999999993,4032.114999999993,4025.704999999993,4031.044999999993,8412
2026-07-28T10:45:00+00:00,4031.044999999993,4037.034999999993,4030.654999999993,4035.004999999993,6873
2026-07-28T11:00:00+00:00,4035.004999999993,4037.224999999993,4031.714999999993,4032.424999999993,10474
2026-07-28T11:15:00+00:00,4032.424999999993,4040.824999999993,4032.274999999993,4035.984999999993,11054
2026-07-28T11:30:00+00:00,4035.984999999993,4039.864999999993,4034.894999999993,4035.714999999993,8448
2026-07-28T11:45:00+00:00,4035.714999999993,4036.724999999993,4032.524999999993,4036.574999999993,7648
2026-07-28T12:00:00+00:00,4036.574999999993,4037.374999999993,4031.424999999993,4036.284999999993,9850
2026-07-28T12:15:00+00:00,4036.284999999993,4043.404999999993,4034.664999999993,4042.974999999993,8243
2026-07-28T12:30:00+00:00,4042.974999999993,4043.284999999993,4034.224999999993,4042.114999999993,10962
2026-07-28T12:45:00+00:00,4042.114999999993,4046.654999999993,4036.644999999993,4037.964999999993,9098
2026-07-28T13:00:00+00:00,4037.964999999993,4043.924999999993,4037.634999999993,4041.324999999993,12244
2026-07-28T13:15:00+00:00,4041.324999999993,4044.554999999993,4036.964999999993,4037.504999999993,10135
2026-07-28T13:30:00+00:00,4037.504999999993,4041.334999999993,4028.694999999993,4033.674999999993,24559
2026-07-28T13:45:00+00:00,4033.674999999993,4037.424999999993,4030.144999999993,4030.644999999993,20146
2026-07-28T14:00:00+00:00,4030.644999999993,4041.734999999993,4030.224999999993,4034.234999999993,19773
2026-07-28T14:15:00+00:00,4034.234999999993,4035.184999999993,4020.124999999993,4030.674999999993,26464
2026-07-28T14:30:00+00:00,4030.674999999993,4033.684999999993,4027.324999999993,4031.244999999993,17774
2026-07-28T14:45:00+00:00,4031.244999999993,4038.084999999993,4029.8149999999932,4032.964999999993,12239
2026-07-28T15:00:00+00:00,4032.964999999993,4044.894999999993,4030.744999999993,4042.134999999993,18333
2026-07-28T15:15:00+00:00,4042.134999999993,4049.234999999993,4040.374999999993,4043.944999999993,20470
2026-07-28T15:30:00+00:00,4043.944999999993,4050.524999999993,4040.904999999993,4049.804999999993,13200
2026-07-28T15:45:00+00:00,4049.804999999993,4055.514999999993,4049.584999999993,4054.614999999993,10033
2026-07-28T16:00:00+00:00,4054.614999999993,4054.934999999993,4050.624999999993,4053.154999999993,8720
2026-07-28T16:15:00+00:00,4053.154999999993,4054.264999999993,4050.574999999993,4050.714999999993,7607
2026-07-28T16:30:00+00:00,4050.714999999993,4052.304999999993,4048.844999999993,4049.014999999993,7033
2026-07-28T16:45:00+00:00,4049.014999999993,4049.534999999993,4045.104999999993,4045.994999999993,6679
2026-07-28T17:00:00+00:00,4045.994999999993,4049.484999999993,4044.014999999993,4045.5649999999932,8806
2026-07-28T17:15:00+00:00,4045.5649999999932,4050.024999999993,4043.774999999993,4046.014999999993,11276
2026-07-28T17:30:00+00:00,4046.014999999993,4046.384999999993,4036.144999999993,4036.794999999993,7330
2026-07-28T17:45:00+00:00,4036.794999999993,4038.104999999993,4034.394999999993,4036.284999999993,8336
2026-07-28T18:00:00+00:00,4036.284999999993,4038.964999999993,4035.494999999993,4036.764999999993,11859
2026-07-28T18:15:00+00:00,4036.764999999993,4038.504999999993,4034.304999999993,4035.594999999993,14089
2026-07-28T18:30:00+00:00,4035.594999999993,4035.974999999993,4031.5649999999932,4032.734999999993,11153
2026-07-28T18:45:00+00:00,4032.734999999993,4034.524999999993,4030.174999999993,4031.444999999993,9725
2026-07-28T19:00:00+00:00,4031.444999999993,4034.224999999993,4030.834999999993,4032.654999999993,7611
2026-07-28T19:15:00+00:00,4032.654999999993,4033.634999999993,4030.554999999993,4031.864999999993,4639
2026-07-28T19:30:00+00:00,4031.864999999993,4036.274999999993,4031.864999999993,4034.604999999993,5941
2026-07-28T19:45:00+00:00,4034.604999999993,4036.5649999999932,4033.934999999993,4034.944999999993,7513
2026-07-28T20:00:00+00:00,4034.944999999993,4034.974999999993,4031.014999999993,4032.244999999993,3620
2026-07-28T20:15:00+00:00,4032.244999999993,4036.434999999993,4032.144999999993,4035.914999999993,1945
2026-07-28T20:30:00+00:00,4035.914999999993,4038.634999999993,4035.914999999993,4038.514999999993,2534
2026-07-28T20:45:00+00:00,4038.514999999993,4039.144999999993,4034.944999999993,4036.834999999993,2338
2026-07-28T22:00:00+00:00,4036.834999999993,4040.694999999993,4034.194999999993,4034.2249999999926,2182.7114946889224
2026-07-28T22:15:00+00:00,4034.2249999999926,4034.924999999993,4027.0149999999926,4030.6449999999927,3695
2026-07-28T22:30:00+00:00,4030.6449999999927,4030.8249999999925,4023.4749999999926,4028.214999999993,5243
2026-07-28T22:45:00+00:00,4028.214999999993,4029.564999999993,4024.8049999999926,4028.0749999999925,4398
2026-07-28T23:00:00+00:00,4028.0749999999925,4032.904999999993,4025.8749999999927,4031.7849999999926,6297
2026-07-28T23:15:00+00:00,4031.7849999999926,4031.8949999999927,4024.8349999999928,4028.364999999993,5780
2026-07-28T23:30:00+00:00,4028.364999999993,4033.1649999999927,4027.154999999993,4032.364999999993,4148
2026-07-28T23:45:00+00:00,4032.364999999993,4036.0349999999926,4028.544999999993,4034.6649999999927,13420
2026-07-29T00:00:00+00:00,4034.6649999999927,4035.8349999999928,4027.3949999999927,4030.3949999999927,13178
2026-07-29T00:15:00+00:00,4030.3949999999927,4039.364999999993,4030.3549999999927,4032.5349999999926,12904
2026-07-29T00:30:00+00:00,4032.5349999999926,4037.5149999999926,4031.444999999993,4035.6649999999927,9202
2026-07-29T00:45:00+00:00,4035.6649999999927,4035.6849999999927,4030.1849999999927,4031.6649999999927,11326
2026-07-29T01:00:00+00:00,4031.6649999999927,4031.6649999999927,4020.1849999999927,4022.984999999993,19559
2026-07-29T01:15:00+00:00,4022.984999999993,4030.064999999993,4021.524999999993,4028.214999999993,12188
2026-07-29T01:30:00+00:00,4028.214999999993,4040.364999999993,4024.864999999993,4037.4149999999927,16668
2026-07-29T01:45:00+00:00,4037.4149999999927,4037.964999999993,4031.5749999999925,4035.6849999999927,11846
2026-07-29T02:00:00+00:00,4035.6849999999927,4038.9149999999927,4032.9549999999927,4038.004999999993,12882
2026-07-29T02:15:00+00:00,4038.004999999993,4045.044999999993,4036.044999999993,4042.844999999993,8629
2026-07-29T02:30:00+00:00,4042.844999999993,4047.7249999999926,4040.444999999993,4044.714999999993,9802
2026-07-29T02:45:00+00:00,4044.714999999993,4044.924999999993,4038.9949999999926,4039.2049999999927,7489
2026-07-29T03:00:00+00:00,4039.2049999999927,4042.614999999993,4037.2249999999926,4037.544999999993,8173
2026-07-29T03:15:00+00:00,4037.544999999993,4038.6849999999927,4035.3949999999927,4036.884999999993,6585
2026-07-29T03:30:00+00:00,4036.884999999993,4039.4149999999927,4034.524999999993,4035.7849999999926,4930
2026-07-29T03:45:00+00:00,4035.7849999999926,4036.7849999999926,4033.064999999993,4033.424999999993,3942
2026-07-29T04:00:00+00:00,4033.424999999993,4034.734999999993,4031.094999999993,4031.5749999999925,4415
2026-07-29T04:15:00+00:00,4031.5749999999925,4035.3949999999927,4030.3749999999927,4033.3749999999927,4814
2026-07-29T04:30:00+00:00,4033.3749999999927,4037.1449999999927,4033.274999999993,4036.814999999993,5480
2026-07-29T04:45:00+00:00,4036.814999999993,4037.444999999993,4033.314999999993,4036.984999999993,7521
2026-07-29T05:00:00+00:00,4036.984999999993,4041.424999999993,4036.464999999993,4040.1849999999927,6193
2026-07-29T05:15:00+00:00,4040.1849999999927,4040.864999999993,4036.8949999999927,4040.3049999999926,5075
2026-07-29T05:30:00+00:00,4040.3049999999926,4049.3549999999927,4039.6649999999927,4048.8549999999927,13226
2026-07-29T05:45:00+00:00,4048.8549999999927,4049.7249999999926,4041.3249999999925,4042.714999999993,10331
2026-07-29T06:00:00+00:00,4042.714999999993,4048.004999999993,4042.6849999999927,4047.114999999993,9931
2026-07-29T06:15:00+00:00,4047.114999999993,4052.864999999993,4045.564999999993,4050.6649999999927,7394
2026-07-29T06:30:00+00:00,4050.6649999999927,4054.5549999999926,4050.484999999993,4052.484999999993,7254
2026-07-29T06:45:00+00:00,4052.484999999993,4052.5549999999926,4049.464999999993,4050.944999999993,5910
2026-07-29T07:00:00+00:00,4050.944999999993,4056.3349999999928,4050.864999999993,4055.214999999993,6151
2026-07-29T07:15:00+00:00,4055.214999999993,4057.4749999999926,4054.004999999993,4055.654999999993,4867
2026-07-29T07:30:00+00:00,4055.654999999993,4057.254999999993,4054.4949999999926,4055.794999999993,5184
2026-07-29T07:45:00+00:00,4055.794999999993,4056.6649999999927,4052.404999999993,4053.6449999999927,4128
2026-07-29T08:00:00+00:00,4053.6449999999927,4054.174999999993,4048.814999999993,4048.9149999999927,5863
2026-07-29T08:15:00+00:00,4048.9149999999927,4051.8949999999927,4045.194999999993,4047.134999999993,4598
2026-07-29T08:30:00+00:00,4047.134999999993,4048.964999999993,4045.4549999999927,4047.9349999999927,4418
2026-07-29T08:45:00+00:00,4047.9349999999927,4049.924999999993,4046.844999999993,4047.3549999999927,4611
2026-07-29T09:00:00+00:00,4047.3549999999927,4048.1449999999927,4045.2849999999926,4046.064999999993,4542
2026-07-29T09:15:00+00:00,4046.064999999993,4047.3949999999927,4043.214999999993,4043.444999999993,4478
2026-07-29T09:30:00+00:00,4043.444999999993,4044.7449999999926,4041.0149999999926,4044.174999999993,5222
2026-07-29T09:45:00+00:00,4044.174999999993,4046.434999999993,4041.984999999993,4042.604999999993,3558
2026-07-29T10:00:00+00:00,4042.604999999993,4044.194999999993,4041.024999999993,4041.934999999993,5863
2026-07-29T10:15:00+00:00,4041.934999999993,4043.3349999999928,4040.154999999993,4043.304999999993,3781
2026-07-29T10:30:00+00:00,4043.304999999993,4044.424999999993,4036.344999999993,4037.514999999993,4500
2026-07-29T10:45:00+00:00,4037.514999999993,4038.714999999993,4036.134999999993,4037.604999999993,3594
2026-07-29T11:00:00+00:00,4037.604999999993,4039.694999999993,4035.064999999993,4039.684999999993,5000
2026-07-29T11:15:00+00:00,4039.684999999993,4043.504999999993,4038.3349999999928,4042.824999999993,3968
2026-07-29T11:30:00+00:00,4042.824999999993,4043.004999999993,4040.254999999993,4040.914999999993,3122
2026-07-29T11:45:00+00:00,4040.914999999993,4046.224999999993,4040.594999999993,4042.794999999993,5665
2026-07-29T12:00:00+00:00,4042.794999999993,4043.464999999993,4036.184999999993,4037.134999999993,5720
2026-07-29T12:15:00+00:00,4037.134999999993,4037.644999999993,4022.774999999993,4023.394999999993,19422
2026-07-29T12:30:00+00:00,4023.394999999993,4032.604999999993,4019.284999999993,4030.954999999993,11335
2026-07-29T12:45:00+00:00,4030.954999999993,4033.594999999993,4028.844999999993,4032.614999999993,7886
2026-07-29T13:00:00+00:00,4032.614999999993,4036.434999999993,4025.024999999993,4025.704999999993,13844
2026-07-29T13:15:00+00:00,4025.704999999993,4033.154999999993,4023.874999999993,4024.664999999993,11656
2026-07-29T13:30:00+00:00,4024.664999999993,4027.914999999993,4020.264999999993,4023.714999999993,26776
2026-07-29T13:45:00+00:00,4023.714999999993,4025.974999999993,4012.554999999993,4017.3349999999928,24097
2026-07-29T14:00:00+00:00,4017.3349999999928,4018.694999999993,4005.964999999993,4009.174999999993,23423
2026-07-29T14:15:00+00:00,4009.174999999993,4020.154999999993,4008.934999999993,4015.514999999993,19670
2026-07-29T14:30:00+00:00,4015.514999999993,4019.214999999993,4009.044999999993,4011.294999999993,15618
2026-07-29T14:45:00+00:00,4011.294999999993,4015.814999999993,4008.384999999993,4014.804999999993,18228
2026-07-29T15:00:00+00:00,4014.804999999993,4019.794999999993,4013.224999999993,4016.8349999999928,14252
2026-07-29T15:15:00+00:00,4016.8349999999928,4021.294999999993,4013.814999999993,4020.514999999993,11264
2026-07-29T15:30:00+00:00,4020.514999999993,4023.514999999993,4017.114999999993,4020.664999999993,10794
2026-07-29T15:45:00+00:00,4020.664999999993,4023.884999999993,4018.304999999993,4019.804999999993,8777
2026-07-29T16:00:00+00:00,4019.804999999993,4025.704999999993,4017.504999999993,4019.474999999993,9257
2026-07-29T16:15:00+00:00,4019.474999999993,4027.614999999993,4017.904999999993,4026.514999999993,8735
2026-07-29T16:30:00+00:00,4026.514999999993,4028.954999999993,4024.954999999993,4027.104999999993,8592
2026-07-29T16:45:00+00:00,4027.104999999993,4042.8349999999928,4025.214999999993,4037.284999999993,14857
2026-07-29T17:00:00+00:00,4037.284999999993,4060.634999999993,4037.284999999993,4052.144999999993,18811
2026-07-29T17:15:00+00:00,4052.144999999993,4060.524999999993,4047.364999999993,4049.244999999993,21568
2026-07-29T17:30:00+00:00,4049.244999999993,4057.384999999993,4046.504999999993,4055.774999999993,16322
2026-07-29T17:45:00+00:00,4055.774999999993,4058.054999999993,4051.364999999993,4053.754999999993,11714
2026-07-29T18:00:00+00:00,4053.754999999993,4095.904999999993,4051.864999999993,4091.144999999993,44911
2026-07-29T18:15:00+00:00,4091.144999999993,4093.944999999993,4073.944999999993,4077.454999999993,29676
2026-07-29T18:30:00+00:00,4077.454999999993,4096.804999999993,4062.064999999993,4093.354999999993,43196
2026-07-29T18:45:00+00:00,4093.354999999993,4119.794999999993,4092.114999999993,4117.114999999993,44252
2026-07-29T19:00:00+00:00,4117.114999999993,4126.364999999993,4100.074999999993,4109.704999999993,41667
2026-07-29T19:15:00+00:00,4109.704999999993,4114.514999999993,4091.034999999993,4093.974999999993,40241
2026-07-29T19:30:00+00:00,4093.974999999993,4098.374999999993,4075.224999999993,4079.344999999993,40135
2026-07-29T19:45:00+00:00,4079.344999999993,4082.044999999993,4054.494999999993,4054.844999999993,39275
2026-07-29T20:00:00+00:00,4054.844999999993,4065.924999999993,4052.924999999993,4061.994999999993,24890
2026-07-29T20:15:00+00:00,4061.994999999993,4067.464999999993,4053.824999999993,4065.724999999993,12885
2026-07-29T20:30:00+00:00,4065.724999999993,4078.5849999999928,4064.044999999993,4077.154999999993,8765
2026-07-29T20:45:00+00:00,4077.154999999993,4080.264999999993,4073.434999999993,4077.914999999993,7357
2026-07-29T22:00:00+00:00,4077.914999999993,4091.5649999999932,4073.144999999993,4090.084999999993,8224.039102099927
2026-07-29T22:15:00+00:00,4090.084999999993,4091.2749999999933,4086.334999999993,4088.724999999993,5248
2026-07-29T22:30:00+00:00,4088.724999999993,4095.204999999993,4086.6549999999934,4095.204999999993,5188
2026-07-29T22:45:00+00:00,4095.204999999993,4104.504999999995,4093.6249999999936,4102.234999999995,5291
2026-07-29T23:00:00+00:00,4102.234999999995,4114.054999999996,4102.024999999995,4105.444999999996,6503
2026-07-29T23:15:00+00:00,4105.444999999996,4108.734999999995,4104.324999999995,4107.524999999997,4614
2026-07-29T23:30:00+00:00,4107.524999999997,4108.314999999996,4103.2049999999945,4103.8749999999945,6125
2026-07-29T23:45:00+00:00,4103.8749999999945,4106.864999999994,4098.234999999993,4098.324999999993,18209
2026-07-30T00:00:00+00:00,4098.324999999993,4100.5349999999935,4093.014999999994,4095.1949999999943,21281
2026-07-30T00:15:00+00:00,4095.1949999999943,4097.504999999994,4086.664999999994,4089.164999999994,19921
2026-07-30T00:30:00+00:00,4089.164999999994,4090.734999999994,4078.874999999994,4079.994999999994,14581
2026-07-30T00:45:00+00:00,4079.994999999994,4086.854999999994,4078.774999999994,4086.094999999994,13088
2026-07-30T01:00:00+00:00,4086.094999999994,4106.694999999994,4084.504999999994,4089.6349999999934,25436
2026-07-30T01:15:00+00:00,4089.6349999999934,4098.554999999993,4087.2049999999936,4094.9449999999933,19687
2026-07-30T01:30:00+00:00,4094.9449999999933,4103.544999999993,4094.584999999993,4100.574999999993,15476
2026-07-30T01:45:00+00:00,4100.574999999993,4104.884999999995,4097.674999999994,4098.564999999995,12018
2026-07-30T02:00:00+00:00,4098.564999999995,4104.1649999999945,4096.164999999997,4096.294999999996,12333
2026-07-30T02:15:00+00:00,4096.294999999996,4097.504999999997,4093.824999999996,4096.554999999998,9331
2026-07-30T02:30:00+00:00,4096.554999999998,4096.554999999998,4087.464999999998,4090.5949999999975,15822
2026-07-30T02:45:00+00:00,4090.5949999999975,4090.8449999999975,4077.3849999999975,4077.4549999999977,12192
2026-07-30T03:00:00+00:00,4077.4549999999977,4084.0549999999976,4074.3849999999975,4076.8249999999975,11750
2026-07-30T03:15:00+00:00,4076.8249999999975,4077.814999999998,4066.3049999999976,4067.6449999999977,11593
2026-07-30T03:30:00+00:00,4067.6449999999977,4069.8049999999976,4064.564999999998,4066.294999999998,9252
2026-07-30T03:45:00+00:00,4066.294999999998,4073.524999999998,4066.294999999998,4072.6649999999977,8513
2026-07-30T04:00:00+00:00,4072.6649999999977,4074.0749999999975,4066.8449999999975,4067.1649999999977,7871
2026-07-30T04:15:00+00:00,4067.1649999999977,4069.1149999999975,4064.8049999999976,4067.9349999999977,5716
2026-07-30T04:30:00+00:00,4067.9349999999977,4067.9349999999977,4061.504999999998,4062.5149999999976,6538
2026-07-30T04:45:00+00:00,4062.5149999999976,4065.794999999998,4058.3349999999978,4059.8949999999977,7831
2026-07-30T05:00:00+00:00,4059.8949999999977,4059.904999999998,4055.214999999998,4059.714999999998,9274
2026-07-30T05:15:00+00:00,4059.714999999998,4061.024999999998,4051.544999999998,4060.7849999999976,10402
2026-07-30T05:30:00+00:00,4060.7849999999976,4065.174999999998,4042.0349999999976,4047.1349999999975,23231
2026-07-30T05:45:00+00:00,4047.1349999999975,4052.1249999999977,4043.944999999998,4047.5749999999975,15513
2026-07-30T06:00:00+00:00,4047.5749999999975,4053.214999999998,4045.2449999999976,4046.0949999999975,16180
2026-07-30T06:15:00+00:00,4046.0949999999975,4053.2049999999977,4043.294999999998,4046.984999999998,13983
2026-07-30T06:30:00+00:00,4046.984999999998,4052.064999999998,4044.8949999999977,4049.4749999999976,11571
2026-07-30T06:45:00+00:00,4049.4749999999976,4054.3449999999975,4048.194999999998,4050.524999999998,9413
2026-07-30T07:00:00+00:00,4050.524999999998,4061.6849999999977,4049.4549999999977,4060.564999999998,17593
2026-07-30T07:15:00+00:00,4060.564999999998,4065.2449999999976,4056.8549999999977,4059.6449999999977,11764
2026-07-30T07:30:00+00:00,4059.6449999999977,4060.9549999999977,4049.984999999998,4059.734999999998,10810
2026-07-30T07:45:00+00:00,4059.734999999998,4060.294999999998,4052.0349999999976,4052.8049999999976,10455
2026-07-30T08:00:00+00:00,4052.8049999999976,4069.924999999998,4050.5749999999975,4067.0349999999976,15499
2026-07-30T08:15:00+00:00,4067.0349999999976,4082.1849999999977,4066.024999999998,4078.444999999998,12314
2026-07-30T08:30:00+00:00,4078.444999999998,4086.2949999999983,4076.454999999998,4079.364999999998,14643
2026-07-30T08:45:00+00:00,4079.364999999998,4084.484999999998,4072.934999999998,4074.884999999998,9466
2026-07-30T09:00:00+00:00,4074.884999999998,4082.374999999998,4073.884999999998,4079.324999999998,9859
2026-07-30T09:15:00+00:00,4079.324999999998,4085.824999999998,4078.154999999998,4081.024999999998,10900
2026-07-30T09:30:00+00:00,4081.024999999998,4082.534999999998,4074.074999999998,4078.964999999998,9845
2026-07-30T09:45:00+00:00,4078.964999999998,4086.554999999998,4075.854999999998,4076.874999999998,8237
2026-07-30T10:00:00+00:00,4076.874999999998,4088.0649999999982,4076.534999999998,4081.844999999998,12558
2026-07-30T10:15:00+00:00,4081.844999999998,4091.104999999998,4081.134999999998,4089.694999999998,11821
2026-07-30T10:30:00+00:00,4089.694999999998,4096.2249999999985,4088.664999999998,4094.694999999998,12220
2026-07-30T10:45:00+00:00,4094.694999999998,4096.454999999998,4091.5149999999985,4091.7949999999987,9022
2026-07-30T11:00:00+00:00,4091.7949999999987,4096.244999999999,4091.0649999999987,4093.2949999999987,9341
2026-07-30T11:15:00+00:00,4093.2949999999987,4095.2949999999987,4090.0949999999984,4091.6449999999986,8344
2026-07-30T11:30:00+00:00,4091.6449999999986,4092.9049999999984,4089.7249999999985,4090.9449999999983,8182
2026-07-30T11:45:00+00:00,4090.9449999999983,4094.1449999999986,4089.1249999999986,4091.2149999999983,7871
2026-07-30T12:00:00+00:00,4091.2149999999983,4095.9649999999983,4088.1949999999983,4091.8949999999986,10682
2026-07-30T12:15:00+00:00,4091.8949999999986,4094.6949999999983,4085.1149999999984,4090.2749999999983,10467
2026-07-30T12:30:00+00:00,4090.2749999999983,4099.854999999999,4085.2349999999983,4090.6749999999984,19988
2026-07-30T12:45:00+00:00,4090.6749999999984,4092.9249999999984,4080.6349999999984,4082.4749999999985,18718
2026-07-30T13:00:00+00:00,4082.4749999999985,4090.1349999999984,4078.6949999999983,4090.1349999999984,24598
2026-07-30T13:15:00+00:00,4090.1349999999984,4097.394999999999,4085.5149999999985,4093.7049999999986,18061
2026-07-30T13:30:00+00:00,4093.7049999999986,4111.884999999998,4088.4549999999986,4102.454999999999,37783
2026-07-30T13:45:00+00:00,4102.454999999999,4125.584999999998,4099.124999999998,4125.414999999998,31676
2026-07-30T14:00:00+00:00,4125.414999999998,4133.474999999998,4107.414999999998,4111.694999999998,32100
2026-07-30T14:15:00+00:00,4111.694999999998,4113.664999999998,4100.564999999999,4109.604999999998,23726
2026-07-30T14:30:00+00:00,4109.604999999998,4124.694999999998,4108.204999999998,4124.204999999998,17537
2026-07-30T14:45:00+00:00,4124.204999999998,4126.224999999998,4110.064999999998,4113.504999999998,17995
2026-07-30T15:00:00+00:00,4113.504999999998,4113.694999999998,4096.644999999998,4099.064999999999,23153
2026-07-30T15:15:00+00:00,4099.064999999999,4110.664999999999,4098.334999999999,4109.525,19282
2026-07-30T15:30:00+00:00,4109.525,4120.345,4106.0650000000005,4118.875,15243
2026-07-30T15:45:00+00:00,4118.875,4123.555,4117.025,4121.695,11027
2026-07-30T16:00:00+00:00,4121.695,4129.365,4121.285,4127.695,10998
2026-07-30T16:15:00+00:00,4127.695,4132.665,4127.1849999999995,4129.455,8537
2026-07-30T16:30:00+00:00,4129.455,4129.825,4121.805,4122.065,8523
2026-07-30T16:45:00+00:00,4122.065,4124.195,4120.115,4124.195,7005
2026-07-30T17:00:00+00:00,4124.195,4124.705,4118.325,4118.325,7855
2026-07-30T17:15:00+00:00,4118.325,4121.625,4112.014999999999,4115.135,9046
2026-07-30T17:30:00+00:00,4115.135,4121.425,4113.455,4119.425,11907
2026-07-30T17:45:00+00:00,4119.425,4121.915,4114.675,4116.155,7191
2026-07-30T18:00:00+00:00,4116.155,4120.264999999999,4116.155,4119.985,6898
2026-07-30T18:15:00+00:00,4119.985,4120.215,4114.275,4116.9349999999995,6954
2026-07-30T18:30:00+00:00,4116.9349999999995,4121.285,4116.455,4118.375,6377
2026-07-30T18:45:00+00:00,4118.375,4118.735,4112.245,4113.245,6344
2026-07-30T19:00:00+00:00,4113.245,4119.085,4112.245,4118.1449999999995,6575
2026-07-30T19:15:00+00:00,4118.1449999999995,4128.375,4116.465,4126.285,6810
2026-07-30T19:30:00+00:00,4126.285,4128.785,4125.025,4125.665,5251
2026-07-30T19:45:00+00:00,4125.665,4126.405,4122.615,4125.485,6565
2026-07-30T20:00:00+00:00,4125.485,4130.825,4123.485,4127.425,6847
2026-07-30T20:15:00+00:00,4127.425,4128.315,4125.165,4125.4349999999995,3367
2026-07-30T20:30:00+00:00,4125.4349999999995,4125.945,4115.775,4116.1849999999995,4843
2026-07-30T20:45:00+00:00,4116.1849999999995,4117.014999999999,4112.305,4116.455,2255
2026-07-30T22:00:00+00:00,4116.455,4121.105,4112.335,4120.155,3972.5849499358665
2026-07-30T22:15:00+00:00,4120.155,4121.715,4119.755,4120.974999999999,3302
2026-07-30T22:30:00+00:00,4120.974999999999,4123.695,4120.384999999999,4123.575,2664
2026-07-30T22:45:00+00:00,4123.575,4124.405,4122.035,4122.255,2100
2026-07-30T23:00:00+00:00,4122.255,4124.955,4119.6449999999995,4120.3949999999995,2889
2026-07-30T23:15:00+00:00,4120.3949999999995,4120.545,4117.304999999999,4117.325,2828
2026-07-30T23:30:00+00:00,4117.325,4120.445,4115.325,4119.235,3712
2026-07-30T23:45:00+00:00,4119.235,4123.075,4118.565,4119.014999999999,3673
2026-07-31T00:00:00+00:00,4119.014999999999,4120.1849999999995,4113.804999999999,4114.445,8312
2026-07-31T00:15:00+00:00,4114.445,4116.835,4109.344999999999,4109.585,7561
2026-07-31T00:30:00+00:00,4109.585,4110.625,4103.665000000003,4106.345000000003,6499
2026-07-31T00:45:00+00:00,4106.345000000003,4108.975000000002,4103.745000000003,4107.785000000003,6822
2026-07-31T01:00:00+00:00,4107.785000000003,4114.6150000000025,4101.885000000002,4102.225000000002,14389
2026-07-31T01:15:00+00:00,4102.225000000002,4107.995000000003,4099.875000000002,4105.165000000002,9074
2026-07-31T01:30:00+00:00,4105.165000000002,4105.205000000002,4097.055000000003,4098.935000000003,8809
2026-07-31T01:45:00+00:00,4098.935000000003,4102.575000000004,4095.0950000000043,4097.435000000005,7711
2026-07-31T02:00:00+00:00,4097.435000000005,4103.495000000005,4094.725000000005,4098.565000000004,7207
2026-07-31T02:15:00+00:00,4098.565000000004,4098.565000000004,4094.645000000004,4095.425000000005,4597
2026-07-31T02:30:00+00:00,4095.425000000005,4097.605000000005,4088.4750000000054,4088.4750000000054,7129
2026-07-31T02:45:00+00:00,4088.4750000000054,4091.425000000005,4087.3650000000052,4089.195000000005,6187
2026-07-31T03:00:00+00:00,4089.195000000005,4089.355000000005,4085.125000000005,4086.695000000005,6410
2026-07-31T03:15:00+00:00,4086.695000000005,4089.125000000005,4085.355000000005,4088.385000000005,5416
2026-07-31T03:30:00+00:00,4088.385000000005,4092.675000000005,4088.0550000000053,4089.5950000000053,4952
2026-07-31T03:45:00+00:00,4089.5950000000053,4090.655000000005,4087.335000000005,4088.155000000005,3107
2026-07-31T04:00:00+00:00,4088.155000000005,4090.065000000005,4086.545000000005,4089.885000000005,3449
2026-07-31T04:15:00+00:00,4089.885000000005,4093.165000000005,4087.4550000000054,4093.165000000005,3132
2026-07-31T04:30:00+00:00,4093.165000000005,4094.665000000005,4092.3450000000053,4092.355000000005,2252
2026-07-31T04:45:00+00:00,4092.355000000005,4093.3650000000052,4087.665000000005,4093.235000000005,2811
2026-07-31T05:00:00+00:00,4093.235000000005,4096.345000000005,4092.665000000005,4093.0350000000053,3539
2026-07-31T05:15:00+00:00,4093.0350000000053,4095.855000000005,4092.625000000005,4094.025000000005,2638
2026-07-31T05:30:00+00:00,4094.025000000005,4094.665000000005,4088.8450000000053,4089.415000000005,7415
2026-07-31T05:45:00+00:00,4089.415000000005,4089.635000000005,4086.445000000005,4087.405000000005,5521
2026-07-31T06:00:00+00:00,4087.405000000005,4095.935000000005,4085.8450000000053,4095.505000000005,6745
2026-07-31T06:15:00+00:00,4095.505000000005,4100.485000000006,4094.3050000000053,4097.965000000006,6342
2026-07-31T06:30:00+00:00,4097.965000000006,4098.1250000000055,4090.2750000000055,4091.3450000000057,9447
2026-07-31T06:45:00+00:00,4091.3450000000057,4094.745000000006,4089.5650000000055,4090.8850000000057,7163
2026-07-31T07:00:00+00:00,4090.8850000000057,4092.2550000000056,4088.4350000000054,4090.6550000000057,5744
2026-07-31T07:15:00+00:00,4090.6550000000057,4092.4150000000054,4085.2350000000056,4085.7950000000055,6001
2026-07-31T07:30:00+00:00,4085.7950000000055,4086.9150000000054,4081.3150000000055,4085.3150000000055,5549
2026-07-31T07:45:00+00:00,4085.3150000000055,4087.5450000000055,4080.7350000000056,4080.8550000000055,5372
2026-07-31T08:00:00+00:00,4080.8550000000055,4080.8550000000055,4074.2850000000058,4075.3950000000054,7909
2026-07-31T08:15:00+00:00,4075.3950000000054,4080.3550000000055,4071.0450000000055,4071.7950000000055,7710
2026-07-31T08:30:00+00:00,4071.7950000000055,4074.7150000000056,4067.5050000000056,4072.4850000000056,7752
2026-07-31T08:45:00+00:00,4072.4850000000056,4077.6450000000054,4070.8750000000055,4074.205000000006,6915
2026-07-31T09:00:00+00:00,4074.205000000006,4077.1050000000055,4068.475000000006,4069.9850000000056,7814
2026-07-31T09:15:00+00:00,4069.9850000000056,4070.6750000000056,4064.475000000006,4065.3850000000057,6666
2026-07-31T09:30:00+00:00,4065.3850000000057,4067.7150000000056,4063.4150000000054,4066.2350000000056,5435
2026-07-31T09:45:00+00:00,4066.2350000000056,4070.2350000000056,4065.5450000000055,4068.2350000000056,3928
2026-07-31T10:00:00+00:00,4068.2350000000056,4071.475000000006,4066.3150000000055,4068.8750000000055,4598
2026-07-31T10:15:00+00:00,4068.8750000000055,4069.0750000000057,4065.1750000000056,4066.2950000000055,3788
2026-07-31T10:30:00+00:00,4066.2950000000055,4069.725000000006,4066.0250000000055,4067.8950000000054,4523
2026-07-31T10:45:00+00:00,4067.8950000000054,4070.2750000000055,4066.8450000000057,4067.6750000000056,3765
2026-07-31T11:00:00+00:00,4067.6750000000056,4072.4350000000054,4065.3750000000055,4070.0550000000057,5378
2026-07-31T11:15:00+00:00,4070.0550000000057,4074.1750000000056,4067.4650000000056,4071.995000000006,7639
2026-07-31T11:30:00+00:00,4071.995000000006,4071.995000000006,4063.7950000000055,4065.1850000000054,6484
2026-07-31T11:45:00+00:00,4065.1850000000054,4068.5850000000055,4064.3950000000054,4066.8250000000057,4717
2026-07-31T12:00:00+00:00,4066.8250000000057,4072.4350000000054,4065.725000000006,4072.205000000006,6690
2026-07-31T12:15:00+00:00,4072.205000000006,4072.4250000000056,4060.1850000000054,4060.1850000000054,7358
2026-07-31T12:30:00+00:00,4060.1850000000054,4064.6150000000057,4055.7150000000056,4057.6950000000056,10500
2026-07-31T12:45:00+00:00,4057.6950000000056,4059.5850000000055,4053.6450000000054,4053.8650000000057,8868
2026-07-31T13:00:00+00:00,4053.8650000000057,4055.8050000000057,4047.8450000000057,4049.3150000000055,15385
2026-07-31T13:15:00+00:00,4049.3150000000055,4059.8750000000055,4048.705000000006,4055.7350000000056,12829
2026-07-31T13:30:00+00:00,4055.7350000000056,4056.9150000000054,4035.8050000000057,4038.2850000000058,25380
2026-07-31T13:45:00+00:00,4038.2850000000058,4045.3550000000055,4035.1950000000056,4038.7950000000055,27989
2026-07-31T14:00:00+00:00,4038.7950000000055,4045.5650000000055,4034.265000000006,4045.1250000000055,27397
2026-07-31T14:15:00+00:00,4045.1250000000055,4053.245000000006,4042.9150000000054,4051.9650000000056,23324
2026-07-31T14:30:00+00:00,4051.9650000000056,4056.2150000000056,4049.6650000000054,4054.5850000000055,15676
2026-07-31T14:45:00+00:00,4054.5850000000055,4063.4250000000056,4054.0950000000057,4062.265000000006,14356
2026-07-31T15:00:00+00:00,4062.265000000006,4063.7950000000055,4055.8250000000057,4060.0750000000057,15940
2026-07-31T15:15:00+00:00,4060.0750000000057,4065.3750000000055,4053.2550000000056,4054.1850000000054,14950
2026-07-31T15:30:00+00:00,4054.1850000000054,4056.7550000000056,4049.8150000000055,4055.2950000000055,13085
2026-07-31T15:45:00+00:00,4055.2950000000055,4059.8950000000054,4053.0450000000055,4058.6050000000055,11873
2026-07-31T16:00:00+00:00,4058.6050000000055,4060.1050000000055,4054.475000000006,4059.3950000000054,9155
2026-07-31T16:15:00+00:00,4059.3950000000054,4061.4450000000056,4056.245000000006,4060.5450000000055,9170
2026-07-31T16:30:00+00:00,4060.5450000000055,4062.8550000000055,4054.3150000000055,4055.6850000000054,8483
2026-07-31T16:45:00+00:00,4055.6850000000054,4058.2850000000058,4055.265000000006,4056.4150000000054,6356
2026-07-31T17:00:00+00:00,4056.4150000000054,4059.4850000000056,4054.6450000000054,4058.6550000000057,6386
2026-07-31T17:15:00+00:00,4058.6550000000057,4066.4350000000054,4057.8850000000057,4063.475000000006,9464
2026-07-31T17:30:00+00:00,4063.475000000006,4066.2850000000058,4060.9150000000054,4065.0450000000055,8967
2026-07-31T17:45:00+00:00,4065.0450000000055,4067.765000000006,4063.5450000000055,4066.8350000000055,9401
2026-07-31T18:00:00+00:00,4066.8350000000055,4068.3450000000057,4060.1950000000056,4061.1050000000055,9111
2026-07-31T18:15:00+00:00,4061.1050000000055,4064.8550000000055,4060.8550000000055,4064.205000000006,6399
2026-07-31T18:30:00+00:00,4064.205000000006,4064.7550000000056,4061.0650000000055,4062.5450000000055,4291
2026-07-31T18:45:00+00:00,4062.5450000000055,4064.6450000000054,4061.2950000000055,4063.8550000000055,4233
2026-07-31T19:00:00+00:00,4063.8550000000055,4066.0950000000057,4060.1450000000054,4061.1450000000054,4480
2026-07-31T19:15:00+00:00,4061.1450000000054,4063.7550000000056,4060.1750000000056,4063.7150000000056,4475
2026-07-31T19:30:00+00:00,4063.7150000000056,4067.8150000000055,4062.0450000000055,4067.1950000000056,4904
2026-07-31T19:45:00+00:00,4067.1950000000056,4068.6650000000054,4063.1750000000056,4064.0050000000056,12576
2026-07-31T20:00:00+00:00,4064.0050000000056,4064.9250000000056,4058.3550000000055,4060.8250000000057,6156
2026-07-31T20:15:00+00:00,4060.8250000000057,4062.1250000000055,4059.5350000000058,4060.725000000006,3713
2026-07-31T20:30:00+00:00,4060.725000000006,4066.0950000000057,4060.2950000000055,4064.0250000000055,4152
2026-08-02T22:00:00+00:00,4064.0250000000055,4087.315000000006,4057.0250000000055,4084.245000000006,9284.861174481333
2026-08-02T22:15:00+00:00,4084.245000000006,4085.225000000006,4071.645000000006,4073.895000000006,5228
2026-08-02T22:30:00+00:00,4073.895000000006,4076.435000000006,4072.0550000000057,4074.825000000006,4625
2026-08-02T22:45:00+00:00,4074.825000000006,4075.265000000006,4071.355000000006,4071.725000000006,3813
2026-08-02T23:00:00+00:00,4071.725000000006,4075.195000000006,4071.135000000006,4074.395000000006,4288
2026-08-02T23:15:00+00:00,4074.395000000006,4080.5550000000057,4074.0350000000058,4079.985000000006,3648
2026-08-02T23:30:00+00:00,4079.985000000006,4080.365000000006,4075.955000000006,4077.605000000006,2381
2026-08-02T23:45:00+00:00,4077.605000000006,4083.0350000000058,4076.195000000006,4082.935000000006,7584
2026-08-03T00:00:00+00:00,4082.935000000006,4087.005000000006,4077.925000000006,4079.945000000006,11595
2026-08-03T00:15:00+00:00,4079.945000000006,4080.945000000006,4069.235000000006,4072.355000000006,12036
2026-08-03T00:30:00+00:00,4072.355000000006,4078.075000000006,4064.845000000006,4066.195000000006,13639
2026-08-03T00:45:00+00:00,4066.195000000006,4068.5350000000058,4063.595000000006,4065.165000000006,12135
2026-08-03T01:00:00+00:00,4065.165000000006,4071.165000000006,4059.495000000006,4060.265000000006,20238
2026-08-03T01:15:00+00:00,4060.265000000006,4063.105000000006,4055.425000000006,4060.755000000006,10342
2026-08-03T01:30:00+00:00,4060.755000000006,4064.945000000006,4055.595000000006,4059.205000000006,11520
2026-08-03T01:45:00+00:00,4059.205000000006,4065.415000000006,4057.945000000006,4064.625000000006,9180
2026-08-03T02:00:00+00:00,4064.625000000006,4069.025000000006,4061.255000000006,4063.635000000006,8311
2026-08-03T02:15:00+00:00,4063.635000000006,4068.705000000006,4059.985000000006,4066.125000000006,6403
2026-08-03T02:30:00+00:00,4066.125000000006,4068.685000000006,4060.475000000006,4067.575000000006,9876
2026-08-03T02:45:00+00:00,4067.575000000006,4075.075000000006,4066.425000000006,4070.485000000006,7438
2026-08-03T03:00:00+00:00,4070.485000000006,4073.425000000006,4068.925000000006,4072.415000000006,6058
2026-08-03T03:15:00+00:00,4072.415000000006,4075.955000000006,4069.585000000006,4071.915000000006,6979
2026-08-03T03:30:00+00:00,4071.915000000006,4072.965000000006,4068.695000000006,4068.695000000006,5228
2026-08-03T03:45:00+00:00,4068.695000000006,4074.765000000006,4067.275000000006,4073.005000000006,4472
2026-08-03T04:00:00+00:00,4073.005000000006,4076.345000000006,4072.235000000006,4074.565000000006,3918
2026-08-03T04:15:00+00:00,4074.565000000006,4079.005000000006,4074.115000000006,4076.185000000006,3822
2026-08-03T04:30:00+00:00,4076.185000000006,4079.2850000000058,4076.185000000006,4078.495000000006,4583
2026-08-03T04:45:00+00:00,4078.495000000006,4079.875000000006,4071.775000000006,4071.795000000006,3967
2026-08-03T05:00:00+00:00,4071.795000000006,4073.345000000006,4064.765000000006,4065.475000000006,5792
2026-08-03T05:15:00+00:00,4065.475000000006,4070.675000000006,4062.105000000006,4068.265000000006,4635
2026-08-03T05:30:00+00:00,4068.265000000006,4072.685000000006,4063.085000000006,4071.475000000006,8748
2026-08-03T05:45:00+00:00,4071.475000000006,4077.845000000006,4066.755000000006,4076.815000000006,6514
2026-08-03T06:00:00+00:00,4076.815000000006,4079.165000000006,4073.975000000006,4074.065000000006,8033
2026-08-03T06:15:00+00:00,4074.065000000006,4079.955000000006,4073.425000000006,4076.465000000006,8416
2026-08-03T06:30:00+00:00,4076.465000000006,4076.895000000006,4068.235000000006,4073.545000000006,8183
2026-08-03T06:45:00+00:00,4073.545000000006,4074.915000000006,4070.815000000006,4071.995000000006,6349
2026-08-03T07:00:00+00:00,4071.995000000006,4073.115000000006,4067.585000000006,4069.545000000006,8540
2026-08-03T07:15:00+00:00,4069.545000000006,4069.995000000006,4060.015000000006,4066.085000000006,12130
2026-08-03T07:30:00+00:00,4066.085000000006,4069.175000000006,4064.615000000006,4067.695000000006,6107
2026-08-03T07:45:00+00:00,4067.695000000006,4071.265000000006,4066.345000000006,4069.0350000000058,5131
2026-08-03T08:00:00+00:00,4069.0350000000058,4070.165000000006,4066.355000000006,4069.675000000006,6852
2026-08-03T08:15:00+00:00,4069.675000000006,4070.455000000006,4062.215000000006,4063.995000000006,6491
2026-08-03T08:30:00+00:00,4063.995000000006,4068.675000000006,4062.895000000006,4066.525000000006,6035
2026-08-03T08:45:00+00:00,4066.525000000006,4068.665000000006,4065.625000000006,4067.385000000006,5473
2026-08-03T09:00:00+00:00,4067.385000000006,4070.075000000006,4065.215000000006,4069.445000000006,4970
2026-08-03T09:15:00+00:00,4069.445000000006,4069.445000000006,4060.125000000006,4060.545000000006,5602
2026-08-03T09:30:00+00:00,4060.545000000006,4062.855000000006,4054.5350000000058,4061.445000000006,8200
2026-08-03T09:45:00+00:00,4061.445000000006,4066.045000000006,4061.405000000006,4063.215000000006,5259
2026-08-03T10:00:00+00:00,4063.215000000006,4065.075000000006,4061.125000000006,4064.2850000000058,5273
2026-08-03T10:15:00+00:00,4064.2850000000058,4064.925000000006,4059.885000000006,4061.375000000006,4962
2026-08-03T10:30:00+00:00,4061.375000000006,4061.7850000000058,4056.595000000006,4057.235000000006,4894
2026-08-03T10:45:00+00:00,4057.235000000006,4058.775000000006,4054.075000000006,4057.365000000006,4206
2026-08-03T11:00:00+00:00,4057.365000000006,4060.875000000006,4055.895000000006,4057.7850000000058,6053
2026-08-03T11:15:00+00:00,4057.7850000000058,4057.905000000006,4053.445000000006,4056.475000000006,5907
2026-08-03T11:30:00+00:00,4056.475000000006,4062.965000000006,4055.995000000006,4061.465000000006,5314
2026-08-03T11:45:00+00:00,4061.465000000006,4071.145000000006,4060.525000000006,4070.475000000006,7264
2026-08-03T12:00:00+00:00,4070.475000000006,4072.575000000006,4062.705000000006,4063.965000000006,7229
2026-08-03T12:15:00+00:00,4063.965000000006,4064.475000000006,4056.595000000006,4058.855000000006,8055
2026-08-03T12:30:00+00:00,4058.855000000006,4060.895000000006,4050.265000000006,4053.055000000006,8402
2026-08-03T12:45:00+00:00,4053.055000000006,4056.935000000006,4051.2850000000058,4055.705000000006,7200
2026-08-03T13:00:00+00:00,4055.705000000006,4061.515000000006,4046.765000000006,4046.765000000006,17658
2026-08-03T13:15:00+00:00,4046.765000000006,4048.455000000006,4039.605000000006,4042.235000000006,13746
2026-08-03T13:30:00+00:00,4042.235000000006,4043.475000000006,4027.075000000006,4039.725000000006,26155
2026-08-03T13:45:00+00:00,4039.725000000006,4043.345000000006,4036.215000000006,4039.715000000006,20799
2026-08-03T14:00:00+00:00,4039.715000000006,4044.085000000006,4034.585000000006,4041.255000000006,20866
2026-08-03T14:15:00+00:00,4041.255000000006,4043.915000000006,4037.875000000006,4040.565000000006,12368
2026-08-03T14:30:00+00:00,4040.565000000006,4046.045000000006,4039.865000000006,4044.375000000006,10524
2026-08-03T14:45:00+00:00,4044.375000000006,4047.235000000006,4041.595000000006,4044.195000000006,9492
2026-08-03T15:00:00+00:00,4044.195000000006,4045.135000000006,4038.515000000006,4041.235000000006,10105
2026-08-03T15:15:00+00:00,4041.235000000006,4046.365000000006,4038.635000000006,4040.775000000006,11276
2026-08-03T15:30:00+00:00,4040.775000000006,4046.815000000006,4038.925000000006,4044.7850000000058,9090
2026-08-03T15:45:00+00:00,4044.7850000000058,4048.945000000006,4043.365000000006,4044.145000000006,6618
2026-08-03T16:00:00+00:00,4044.145000000006,4045.625000000006,4042.585000000006,4044.555000000006,4867
2026-08-03T16:15:00+00:00,4044.555000000006,4046.455000000006,4042.915000000006,4044.885000000006,5317
2026-08-03T16:30:00+00:00,4044.885000000006,4047.195000000006,4043.495000000006,4046.5350000000058,5411
2026-08-03T16:45:00+00:00,4046.5350000000058,4046.695000000006,4043.675000000006,4044.995000000006,4373
2026-08-03T17:00:00+00:00,4044.995000000006,4045.695000000006,4041.465000000006,4042.275000000006,4288
2026-08-03T17:15:00+00:00,4042.275000000006,4045.765000000006,4041.825000000006,4042.365000000006,6056
2026-08-03T17:30:00+00:00,4042.365000000006,4044.825000000006,4042.075000000006,4044.125000000006,4106
2026-08-03T17:45:00+00:00,4044.125000000006,4044.355000000006,4038.195000000006,4038.5350000000058,3735
2026-08-03T18:00:00+00:00,4038.5350000000058,4046.525000000006,4037.705000000006,4043.075000000006,5233
2026-08-03T18:15:00+00:00,4043.075000000006,4046.835000000006,4042.935000000006,4045.895000000006,4834
2026-08-03T18:30:00+00:00,4045.895000000006,4049.485000000006,4044.415000000006,4049.395000000006,3941
2026-08-03T18:45:00+00:00,4049.395000000006,4053.005000000006,4048.445000000006,4051.515000000006,4287
2026-08-03T19:00:00+00:00,4051.515000000006,4057.515000000006,4051.425000000006,4054.205000000006,7273
2026-08-03T19:15:00+00:00,4054.205000000006,4062.305000000006,4054.195000000006,4061.0350000000058,6459
2026-08-03T19:30:00+00:00,4061.0350000000058,4063.7850000000058,4059.955000000006,4062.065000000006,4547
2026-08-03T19:45:00+00:00,4062.065000000006,4063.5350000000058,4059.585000000006,4059.915000000006,5431
2026-08-03T20:00:00+00:00,4059.915000000006,4060.855000000006,4058.255000000006,4060.545000000006,2406
2026-08-03T20:15:00+00:00,4060.545000000006,4063.855000000006,4059.375000000006,4062.215000000006,1485
2026-08-03T20:30:00+00:00,4062.215000000006,4066.045000000006,4061.715000000006,4064.435000000006,1886
2026-08-03T20:45:00+00:00,4064.435000000006,4065.0350000000058,4061.585000000006,4062.895000000006,1509
2026-08-03T22:00:00+00:00,4062.895000000006,4073.165000000006,4062.895000000006,4069.205000000006,1928.7481841068698
2026-08-03T22:15:00+00:00,4069.205000000006,4070.295000000006,4068.375000000006,4069.7650000000062,1046
2026-08-03T22:30:00+00:00,4069.7650000000062,4071.185000000006,4069.235000000006,4070.455000000006,1230
2026-08-03T22:45:00+00:00,4070.455000000006,4071.125000000006,4068.875000000006,4070.455000000006,1688
2026-08-03T23:00:00+00:00,4070.455000000006,4072.755000000006,4067.635000000006,4069.165000000006,2127
2026-08-03T23:15:00+00:00,4069.165000000006,4072.325000000006,4068.405000000006,4069.415000000006,2226
2026-08-03T23:30:00+00:00,4069.415000000006,4070.485000000006,4068.825000000006,4070.185000000006,1018
2026-08-03T23:45:00+00:00,4070.185000000006,4071.755000000006,4069.075000000006,4071.625000000006,2309
2026-08-04T00:00:00+00:00,4071.625000000006,4086.835000000006,4070.735000000006,4081.415000000006,9069
2026-08-04T00:15:00+00:00,4081.415000000006,4082.195000000006,4075.645000000006,4076.835000000006,5279
2026-08-04T00:30:00+00:00,4076.835000000006,4078.385000000006,4073.335000000006,4074.105000000006,4235
2026-08-04T00:45:00+00:00,4074.105000000006,4075.705000000006,4066.485000000006,4067.095000000006,6684
2026-08-04T01:00:00+00:00,4067.095000000006,4068.295000000006,4060.2650000000062,4064.4950000000063,12925
2026-08-04T01:15:00+00:00,4064.4950000000063,4070.045000000006,4064.4950000000063,4066.855000000006,6871
2026-08-04T01:30:00+00:00,4066.855000000006,4077.715000000006,4066.125000000006,4076.895000000006,8161
2026-08-04T01:45:00+00:00,4076.895000000006,4079.335000000006,4074.185000000006,4076.445000000006,7305
2026-08-04T02:00:00+00:00,4076.445000000006,4078.885000000006,4073.2450000000063,4076.005000000006,8182
2026-08-04T02:15:00+00:00,4076.005000000006,4077.425000000006,4073.695000000006,4074.465000000006,5254
2026-08-04T02:30:00+00:00,4074.465000000006,4082.795000000006,4073.415000000006,4079.395000000006,7624
2026-08-04T02:45:00+00:00,4079.395000000006,4080.045000000006,4075.835000000006,4076.655000000006,5612
2026-08-04T03:00:00+00:00,4076.655000000006,4078.415000000006,4074.255000000006,4075.855000000006,5595
2026-08-04T03:15:00+00:00,4075.855000000006,4079.365000000006,4075.485000000006,4075.505000000006,4977
2026-08-04T03:30:00+00:00,4075.505000000006,4076.535000000006,4070.395000000006,4070.615000000006,4304
2026-08-04T03:45:00+00:00,4070.615000000006,4073.205000000006,4069.775000000006,4070.085000000006,2818
2026-08-04T04:00:00+00:00,4070.085000000006,4074.605000000006,4068.835000000006,4074.455000000006,3138
2026-08-04T04:15:00+00:00,4074.455000000006,4079.285000000006,4073.635000000006,4078.9950000000063,3813
2026-08-04T04:30:00+00:00,4078.9950000000063,4081.945000000006,4078.135000000006,4080.4950000000063,3036
2026-08-04T04:45:00+00:00,4080.4950000000063,4083.885000000006,4080.125000000006,4081.645000000006,2949
2026-08-04T05:00:00+00:00,4081.645000000006,4082.395000000006,4074.9950000000063,4075.725000000006,3388
2026-08-04T05:15:00+00:00,4075.725000000006,4081.545000000006,4074.9950000000063,4080.845000000006,2863
2026-08-04T05:30:00+00:00,4080.845000000006,4085.355000000006,4077.065000000006,4080.625000000006,6176
2026-08-04T05:45:00+00:00,4080.625000000006,4082.145000000006,4076.425000000006,4079.645000000006,5148
2026-08-04T06:00:00+00:00,4079.645000000006,4083.965000000006,4079.635000000006,4082.045000000006,6525
2026-08-04T06:15:00+00:00,4082.045000000006,4082.575000000006,4077.155000000006,4077.595000000006,5024
2026-08-04T06:30:00+00:00,4077.595000000006,4077.865000000006,4073.405000000006,4077.7450000000063,4941
2026-08-04T06:45:00+00:00,4077.7450000000063,4081.345000000006,4076.565000000006,4081.075000000006,4903
2026-08-04T07:00:00+00:00,4081.075000000006,4083.545000000006,4078.4950000000063,4078.725000000006,5752
2026-08-04T07:15:00+00:00,4078.725000000006,4083.315000000006,4078.595000000006,4080.665000000006,5174
2026-08-04T07:30:00+00:00,4080.665000000006,4084.435000000006,4079.0150000000062,4080.615000000006,5034
2026-08-04T07:45:00+00:00,4080.615000000006,4083.845000000006,4079.935000000006,4083.215000000006,3467
2026-08-04T08:00:00+00:00,4083.215000000006,4090.545000000006,4082.375000000006,4085.905000000006,7748
2026-08-04T08:15:00+00:00,4085.905000000006,4086.395000000006,4078.075000000006,4081.145000000006,4777
2026-08-04T08:30:00+00:00,4081.145000000006,4082.195000000006,4076.095000000006,4077.195000000006,6246
2026-08-04T08:45:00+00:00,4077.195000000006,4077.375000000006,4072.275000000006,4072.695000000006,5374
2026-08-04T09:00:00+00:00,4072.695000000006,4073.115000000006,4066.225000000006,4068.405000000006,5564
2026-08-04T09:15:00+00:00,4068.405000000006,4069.785000000006,4066.345000000006,4067.985000000006,4896
2026-08-04T09:30:00+00:00,4067.985000000006,4069.045000000006,4063.955000000006,4068.035000000006,4350
2026-08-04T09:45:00+00:00,4068.035000000006,4068.655000000006,4065.105000000006,4067.535000000006,3666
2026-08-04T10:00:00+00:00,4067.535000000006,4067.625000000006,4064.595000000006,4066.795000000006,3725
2026-08-04T10:15:00+00:00,4066.795000000006,4067.365000000006,4063.2650000000062,4066.805000000006,2811
2026-08-04T10:30:00+00:00,4066.805000000006,4071.485000000006,4064.215000000006,4070.405000000006,4940
2026-08-04T10:45:00+00:00,4070.405000000006,4078.385000000006,4070.215000000006,4071.555000000006,13051
2026-08-04T11:00:00+00:00,4071.555000000006,4076.405000000006,4069.945000000006,4074.375000000006,6758
2026-08-04T11:15:00+00:00,4074.375000000006,4078.585000000006,4073.135000000006,4078.435000000006,5007
2026-08-04T11:30:00+00:00,4078.435000000006,4087.885000000006,4077.545000000006,4087.175000000006,10371
2026-08-04T11:45:00+00:00,4087.175000000006,4102.015000000007,4084.845000000006,4092.7450000000067,19678
2026-08-04T12:00:00+00:00,4092.7450000000067,4093.3750000000064,4078.7150000000065,4079.7750000000065,12976
2026-08-04T12:15:00+00:00,4079.7750000000065,4088.0750000000066,4078.9250000000065,4085.7550000000065,8424
2026-08-04T12:30:00+00:00,4085.7550000000065,4102.015000000007,4085.7550000000065,4095.5850000000064,12161
2026-08-04T12:45:00+00:00,4095.5850000000064,4096.9650000000065,4087.1050000000064,4088.4950000000067,9534
2026-08-04T13:00:00+00:00,4088.4950000000067,4089.2450000000067,4078.9150000000063,4081.5350000000067,12278
2026-08-04T13:15:00+00:00,4081.5350000000067,4108.665000000006,4080.1950000000065,4096.285000000007,18200
2026-08-04T13:30:00+00:00,4096.285000000007,4109.195000000008,4093.6850000000063,4101.145000000008,24898
2026-08-04T13:45:00+00:00,4101.145000000008,4111.495000000008,4099.5550000000085,4101.545000000007,15658
2026-08-04T14:00:00+00:00,4101.545000000007,4109.165000000006,4100.955000000007,4107.875000000006,13709
2026-08-04T14:15:00+00:00,4107.875000000006,4109.475000000006,4098.365000000008,4101.455000000009,13090
2026-08-04T14:30:00+00:00,4101.455000000009,4104.435000000009,4092.1450000000095,4097.67500000001,16819
2026-08-04T14:45:00+00:00,4097.67500000001,4102.4750000000095,4095.5450000000105,4101.16500000001,9654
2026-08-04T15:00:00+00:00,4101.16500000001,4103.365000000011,4097.415000000009,4101.84500000001,9103
2026-08-04T15:15:00+00:00,4101.84500000001,4102.01500000001,4092.5750000000103,4096.12500000001,10051
2026-08-04T15:30:00+00:00,4096.12500000001,4104.905000000011,4094.39500000001,4101.535000000011,12918
2026-08-04T15:45:00+00:00,4101.535000000011,4106.525000000011,4100.415000000011,4104.905000000012,8397
2026-08-04T16:00:00+00:00,4104.905000000012,4106.205000000011,4102.08500000001,4102.82500000001,7838
2026-08-04T16:15:00+00:00,4102.82500000001,4107.45500000001,4100.555000000009,4105.18500000001,6354
2026-08-04T16:30:00+00:00,4105.18500000001,4107.045000000012,4102.565000000011,4106.725000000011,5535
2026-08-04T16:45:00+00:00,4106.725000000011,4111.2350000000115,4106.315000000011,4110.915000000012,5391
2026-08-04T17:00:00+00:00,4110.915000000012,4123.875000000013,4110.135000000012,4117.735000000012,10133
2026-08-04T17:15:00+00:00,4117.735000000012,4118.885000000012,4112.095000000012,4112.415000000012,8100
2026-08-04T17:30:00+00:00,4112.415000000012,4113.945000000014,4109.295000000012,4113.125000000013,5435
2026-08-04T17:45:00+00:00,4113.125000000013,4114.185000000013,4103.7850000000135,4103.7850000000135,6450
2026-08-04T18:00:00+00:00,4103.7850000000135,4106.6950000000115,4102.645000000013,4106.525000000011,6626
2026-08-04T18:15:00+00:00,4106.525000000011,4106.525000000011,4101.7250000000095,4102.27500000001,5427
2026-08-04T18:30:00+00:00,4102.27500000001,4103.445000000009,4093.855000000009,4094.295000000009,6357
2026-08-04T18:45:00+00:00,4094.295000000009,4098.975000000008,4092.855000000009,4097.625000000008,4861
2026-08-04T19:00:00+00:00,4097.625000000008,4101.945000000009,4096.505000000008,4099.295000000008,3871
2026-08-04T19:15:00+00:00,4099.295000000008,4102.455000000008,4097.1350000000075,4097.955000000007,4316
2026-08-04T19:30:00+00:00,4097.955000000007,4100.2650000000085,4096.495000000008,4099.115000000008,3889
2026-08-04T19:45:00+00:00,4099.115000000008,4100.005000000008,4094.045000000007,4096.175000000007,5687
2026-08-04T20:00:00+00:00,4096.175000000007,4097.945000000006,4095.955000000006,4096.7550000000065,3433
2026-08-04T20:15:00+00:00,4096.7550000000065,4096.7550000000065,4092.4350000000063,4093.1250000000064,3773
2026-08-04T20:30:00+00:00,4093.1250000000064,4096.2150000000065,4093.0450000000064,4095.2950000000064,2675
2026-08-04T20:45:00+00:00,4095.2950000000064,4095.7850000000067,4093.6650000000063,4095.0050000000065,2047
2026-08-04T22:00:00+00:00,4095.0050000000065,4096.4650000000065,4094.2650000000067,4094.9350000000063,1349.459388038943
2026-08-04T22:15:00+00:00,4094.9350000000063,4097.915000000006,4093.6650000000063,4097.815000000006,2555
2026-08-04T22:30:00+00:00,4097.815000000006,4103.815000000005,4096.915000000005,4101.975000000005,2682
2026-08-04T22:45:00+00:00,4101.975000000005,4102.495000000005,4093.6850000000036,4093.6850000000036,3746
2026-08-04T23:00:00+00:00,4093.6850000000036,4095.155000000004,4086.6850000000036,4091.5650000000037,5363
2026-08-04T23:15:00+00:00,4091.5650000000037,4092.765000000004,4083.445000000004,4085.2550000000037,3507
2026-08-04T23:30:00+00:00,4085.2550000000037,4088.075000000004,4083.805000000004,4087.2050000000036,2198
2026-08-04T23:45:00+00:00,4087.2050000000036,4091.515000000004,4087.1250000000036,4090.425000000004,2657
2026-08-05T00:00:00+00:00,4090.425000000004,4092.1050000000037,4088.2550000000037,4089.5850000000037,5064
2026-08-05T00:15:00+00:00,4089.5850000000037,4096.855000000004,4089.285000000004,4096.5350000000035,4544
2026-08-05T00:30:00+00:00,4096.5350000000035,4100.925000000003,4095.995000000004,4096.165000000004,3640
2026-08-05T00:45:00+00:00,4096.165000000004,4101.4550000000045,4095.7250000000035,4100.395000000004,4603
2026-08-05T01:00:00+00:00,4100.395000000004,4104.805000000004,4095.575000000004,4103.685000000003,11140
2026-08-05T01:15:00+00:00,4103.685000000003,4106.605000000003,4100.495000000006,4102.555000000006,7665
2026-08-05T01:30:00+00:00,4102.555000000006,4110.945000000005,4098.345000000005,4110.835000000005,7314
2026-08-05T01:45:00+00:00,4110.835000000005,4120.405000000004,4110.6650000000045,4119.295000000005,6577
2026-08-05T02:00:00+00:00,4119.295000000005,4120.845000000004,4114.235000000004,4117.695000000004,6795
2026-08-05T02:15:00+00:00,4117.695000000004,4126.125000000005,4113.575000000004,4121.585000000005,6723
2026-08-05T02:30:00+00:00,4121.585000000005,4146.655000000004,4119.465000000004,4146.125000000005,14199
2026-08-05T02:45:00+00:00,4146.125000000005,4153.365000000004,4142.605000000004,4146.985000000004,12476
2026-08-05T03:00:00+00:00,4146.985000000004,4154.215000000004,4144.765000000004,4153.825000000004,8117
2026-08-05T03:15:00+00:00,4153.825000000004,4154.485000000004,4147.835000000005,4148.385000000004,6187
2026-08-05T03:30:00+00:00,4148.385000000004,4148.685000000004,4145.385000000004,4146.505000000005,4345
2026-08-05T03:45:00+00:00,4146.505000000005,4148.305000000004,4145.435000000004,4146.095000000004,2653
2026-08-05T04:00:00+00:00,4146.095000000004,4159.315000000004,4146.075000000004,4156.475000000004,5694
2026-08-05T04:15:00+00:00,4156.475000000004,4158.965000000004,4155.6650000000045,4156.395000000004,3411
2026-08-05T04:30:00+00:00,4156.395000000004,4156.585000000005,4151.335000000005,4152.575000000004,3117
2026-08-05T04:45:00+00:00,4152.575000000004,4153.9550000000045,4150.575000000004,4153.405000000004,2984
2026-08-05T05:00:00+00:00,4153.405000000004,4156.185000000004,4152.625000000005,4155.015000000004,3963
2026-08-05T05:15:00+00:00,4155.015000000004,4160.125000000005,4153.465000000004,4157.335000000005,3801
2026-08-05T05:30:00+00:00,4157.335000000005,4176.905000000004,4157.335000000005,4174.685000000004,15685
2026-08-05T05:45:00+00:00,4174.685000000004,4190.835000000005,4174.685000000004,4179.685000000004,15395
2026-08-05T06:00:00+00:00,4179.685000000004,4192.265000000004,4178.035000000004,4191.1650000000045,10733
2026-08-05T06:15:00+00:00,4191.1650000000045,4191.365000000004,4179.035000000004,4186.6650000000045,8568
2026-08-05T06:30:00+00:00,4186.6650000000045,4196.135000000004,4184.905000000004,4193.555000000004,8522
2026-08-05T06:45:00+00:00,4193.555000000004,4196.335000000005,4190.385000000004,4195.355000000004,6775
2026-08-05T07:00:00+00:00,4195.355000000004,4197.485000000004,4184.1650000000045,4184.2050000000045,8502
2026-08-05T07:15:00+00:00,4184.2050000000045,4187.275000000004,4181.095000000004,4182.175000000004,7423
2026-08-05T07:30:00+00:00,4182.175000000004,4184.605000000004,4180.185000000004,4184.525000000004,5654
2026-08-05T07:45:00+00:00,4184.525000000004,4190.005000000005,4182.095000000004,4188.805000000004,4583
2026-08-05T08:00:00+00:00,4188.805000000004,4190.6650000000045,4182.885000000004,4183.435000000004,5941
2026-08-05T08:15:00+00:00,4183.435000000004,4186.135000000004,4179.995000000004,4182.4150000000045,5959
2026-08-05T08:30:00+00:00,4182.4150000000045,4184.985000000004,4179.375000000005,4184.135000000004,6639
2026-08-05T08:45:00+00:00,4184.135000000004,4184.195000000004,4177.025000000004,4178.475000000004,5727
2026-08-05T09:00:00+00:00,4178.475000000004,4185.005000000005,4178.475000000004,4180.865000000004,6127
2026-08-05T09:15:00+00:00,4180.865000000004,4180.865000000004,4173.085000000005,4175.595000000004,5458
2026-08-05T09:30:00+00:00,4175.595000000004,4177.065000000004,4172.315000000004,4176.115000000004,6194
2026-08-05T09:45:00+00:00,4176.115000000004,4177.1650000000045,4171.095000000004,4175.9150000000045,4526
2026-08-05T10:00:00+00:00,4175.9150000000045,4175.9150000000045,4168.345000000004,4169.065000000004,3902
2026-08-05T10:15:00+00:00,4169.065000000004,4176.585000000005,4168.105000000004,4174.645000000004,4582
2026-08-05T10:30:00+00:00,4174.645000000004,4175.785000000004,4171.535000000004,4173.085000000005,3445
2026-08-05T10:45:00+00:00,4173.085000000005,4179.585000000005,4171.755000000005,4179.435000000004,4293
2026-08-05T11:00:00+00:00,4179.435000000004,4188.925000000004,4178.855000000004,4188.745000000004,6554
2026-08-05T11:15:00+00:00,4188.745000000004,4198.485000000004,4187.465000000004,4193.845000000004,7212
2026-08-05T11:30:00+00:00,4193.845000000004,4206.525000000004,4192.055000000004,4202.855000000004,12029
2026-08-05T11:45:00+00:00,4202.855000000004,4210.595000000004,4200.9550000000045,4206.725000000004,8757
2026-08-05T12:00:00+00:00,4206.725000000004,4217.745000000004,4206.725000000004,4215.145000000004,12022
2026-08-05T12:15:00+00:00,4215.145000000004,4231.375000000005,4215.145000000004,4223.1650000000045,13803
2026-08-05T12:30:00+00:00,4223.1650000000045,4226.965000000004,4210.785000000004,4212.515000000004,12009
2026-08-05T12:45:00+00:00,4212.515000000004,4213.445000000004,4201.025000000004,4201.935000000004,10867
2026-08-05T13:00:00+00:00,4201.935000000004,4214.9550000000045,4201.865000000004,4205.905000000004,15126
2026-08-05T13:15:00+00:00,4205.905000000004,4215.895000000004,4203.575000000004,4214.935000000004,11108
2026-08-05T13:30:00+00:00,4214.935000000004,4222.675000000004,4210.515000000004,4215.305000000004,25361
2026-08-05T13:45:00+00:00,4215.305000000004,4224.625000000005,4207.435000000004,4223.7050000000045,20043
2026-08-05T14:00:00+00:00,4223.7050000000045,4252.655000000004,4221.335000000005,4247.475000000004,31232
2026-08-05T14:15:00+00:00,4247.475000000004,4258.645000000004,4244.735000000004,4255.055000000004,28946
2026-08-05T14:30:00+00:00,4255.055000000004,4261.375000000005,4246.875000000005,4261.065000000004,24436
2026-08-05T14:45:00+00:00,4261.065000000004,4265.375000000005,4251.305000000004,4262.075000000004,22985
2026-08-05T15:00:00+00:00,4262.075000000004,4278.675000000004,4260.755000000005,4276.035000000004,22384
2026-08-05T15:15:00+00:00,4276.035000000004,4282.9550000000045,4268.115000000004,4275.375000000005,17043
2026-08-05T15:30:00+00:00,4275.375000000005,4277.7050000000045,4270.505000000005,4273.695000000004,11885
2026-08-05T15:45:00+00:00,4273.695000000004,4273.695000000004,4249.995000000004,4250.525000000004,17856
2026-08-05T16:00:00+00:00,4250.525000000004,4254.245000000004,4242.755000000005,4252.185000000004,16395
2026-08-05T16:15:00+00:00,4252.185000000004,4259.715000000004,4250.685000000004,4259.4550000000045,12442
2026-08-05T16:30:00+00:00,4259.4550000000045,4265.035000000004,4256.935000000004,4262.445000000004,9626
2026-08-05T16:45:00+00:00,4262.445000000004,4265.265000000004,4256.365000000004,4260.305000000004,9312
2026-08-05T17:00:00+00:00,4260.305000000004,4262.2050000000045,4257.275000000004,4259.975000000004,9108
2026-08-05T17:15:00+00:00,4259.975000000004,4264.375000000005,4254.775000000004,4262.725000000004,11148
2026-08-05T17:30:00+00:00,4262.725000000004,4268.895000000004,4258.845000000004,4266.155000000004,9971
2026-08-05T17:45:00+00:00,4266.155000000004,4270.235000000004,4265.325000000004,4268.155000000004,6991
2026-08-05T18:00:00+00:00,4268.155000000004,4275.395000000004,4267.105000000004,4271.125000000005,8104
2026-08-05T18:15:00+00:00,4271.125000000005,4285.765000000004,4270.925000000004,4280.805000000004,8485
2026-08-05T18:30:00+00:00,4280.805000000004,4281.585000000005,4272.525000000004,4277.295000000005,7314
2026-08-05T18:45:00+00:00,4277.295000000005,4281.505000000005,4275.935000000004,4278.825000000004,7262
2026-08-05T19:00:00+00:00,4278.825000000004,4280.045000000005,4274.005000000005,4276.115000000004,7206
2026-08-05T19:15:00+00:00,4276.115000000004,4276.285000000004,4268.355000000004,4270.735000000004,7075
2026-08-05T19:30:00+00:00,4270.735000000004,4271.825000000004,4266.2050000000045,4271.155000000004,8206
2026-08-05T19:45:00+00:00,4271.155000000004,4271.315000000004,4264.225000000004,4265.035000000004,10654
2026-08-05T20:00:00+00:00,4265.035000000004,4267.475000000004,4264.605000000004,4267.085000000005,4143
2026-08-05T20:15:00+00:00,4267.085000000005,4267.535000000004,4263.395000000004,4264.225000000004,2045
2026-08-05T20:30:00+00:00,4264.225000000004,4267.495000000004,4263.065000000004,4263.395000000004,1680
2026-08-05T20:45:00+00:00,4263.395000000004,4265.565000000004,4261.115000000004,4265.055000000004,2243
2026-08-05T22:00:00+00:00,4265.055000000004,4272.775000000005,4263.145000000004,4266.435000000005,3675.831581218609
2026-08-05T22:15:00+00:00,4266.435000000005,4267.635000000005,4265.825000000005,4266.795000000005,1830
2026-08-05T22:30:00+00:00,4266.795000000005,4269.085000000005,4266.465000000005,4267.1650000000045,2279
2026-08-05T22:45:00+00:00,4267.1650000000045,4269.215000000005,4266.705000000005,4268.905000000005,1766
2026-08-05T23:00:00+00:00,4268.905000000005,4277.285000000005,4268.115000000005,4275.1650000000045,2574
2026-08-05T23:15:00+00:00,4275.1650000000045,4283.075000000005,4275.045000000005,4282.565000000005,3461
2026-08-05T23:30:00+00:00,4282.565000000005,4300.855000000005,4280.035000000005,4299.515000000005,7329
2026-08-05T23:45:00+00:00,4299.515000000005,4299.585000000005,4291.095000000005,4296.945000000005,7746
2026-08-06T00:00:00+00:00,4296.945000000005,4296.945000000005,4283.445000000005,4289.435000000005,13927
2026-08-06T00:15:00+00:00,4289.435000000005,4303.565000000005,4289.435000000005,4292.845000000005,13100
2026-08-06T00:30:00+00:00,4292.845000000005,4309.975000000005,4292.595000000005,4305.305000000005,12604
2026-08-06T00:45:00+00:00,4305.305000000005,4319.215000000005,4304.775000000005,4313.605000000005,12312
2026-08-06T01:00:00+00:00,4313.605000000005,4321.385000000005,4299.055000000005,4303.705000000005,23910
2026-08-06T01:15:00+00:00,4303.705000000005,4306.675000000005,4291.785000000005,4294.955000000005,17649
2026-08-06T01:30:00+00:00,4294.955000000005,4316.215000000005,4294.715000000005,4306.4150000000045,16794
2026-08-06T01:45:00+00:00,4306.4150000000045,4316.185000000005,4301.615000000005,4305.375000000005,16172
2026-08-06T02:00:00+00:00,4305.375000000005,4322.965000000005,4302.275000000005,4314.115000000005,13899
2026-08-06T02:15:00+00:00,4314.115000000005,4318.935000000005,4310.815000000005,4311.105000000005,7334
2026-08-06T02:30:00+00:00,4311.105000000005,4311.365000000005,4299.875000000005,4304.625000000005,12043
2026-08-06T02:45:00+00:00,4304.625000000005,4305.935000000005,4293.9150000000045,4297.485000000005,11229
2026-08-06T03:00:00+00:00,4297.485000000005,4299.815000000005,4292.805000000005,4292.835000000005,9946
2026-08-06T03:15:00+00:00,4292.835000000005,4292.955000000005,4279.835000000005,4285.175000000005,12612
2026-08-06T03:30:00+00:00,4285.175000000005,4285.565000000005,4280.535000000005,4281.845000000005,6548
2026-08-06T03:45:00+00:00,4281.845000000005,4284.675000000005,4279.4150000000045,4284.675000000005,6020
2026-08-06T04:00:00+00:00,4284.675000000005,4286.095000000005,4281.155000000005,4282.135000000005,5858
2026-08-06T04:15:00+00:00,4282.135000000005,4282.725000000005,4271.805000000005,4274.285000000005,5914
2026-08-06T04:30:00+00:00,4274.285000000005,4280.115000000005,4274.285000000005,4277.995000000005,5339
2026-08-06T04:45:00+00:00,4277.995000000005,4281.845000000005,4277.295000000005,4281.095000000005,4176
2026-08-06T05:00:00+00:00,4281.095000000005,4284.215000000005,4275.425000000005,4278.315000000005,7619
2026-08-06T05:15:00+00:00,4278.315000000005,4278.355000000005,4271.905000000005,4272.875000000005,6776
2026-08-06T05:30:00+00:00,4272.875000000005,4284.755000000005,4266.085000000005,4282.645000000005,12953
2026-08-06T05:45:00+00:00,4282.645000000005,4287.325000000005,4281.035000000005,4286.145000000005,7751
2026-08-06T06:00:00+00:00,4286.145000000005,4287.395000000005,4275.485000000005,4279.465000000005,8613
2026-08-06T06:15:00+00:00,4279.465000000005,4279.965000000005,4273.325000000005,4276.535000000005,7908
2026-08-06T06:30:00+00:00,4276.535000000005,4276.935000000005,4268.125000000005,4275.395000000005,6648
2026-08-06T06:45:00+00:00,4275.395000000005,4276.995000000005,4269.875000000005,4274.865000000005,6668
2026-08-06T07:00:00+00:00,4274.865000000005,4282.715000000005,4272.095000000005,4282.005000000005,7067
2026-08-06T07:15:00+00:00,4282.005000000005,4284.105000000005,4277.075000000005,4280.735000000005,5515
2026-08-06T07:30:00+00:00,4280.735000000005,4280.885000000005,4273.635000000005,4273.885000000005,4590
2026-08-06T07:45:00+00:00,4273.885000000005,4281.765000000005,4271.225000000005,4281.555000000005,5805
2026-08-06T08:00:00+00:00,4281.555000000005,4288.375000000005,4279.145000000005,4287.855000000005,6561
2026-08-06T08:15:00+00:00,4287.855000000005,4289.145000000005,4282.345000000005,4286.685000000005,6155
2026-08-06T08:30:00+00:00,4286.685000000005,4293.845000000005,4285.225000000005,4292.135000000005,6462
2026-08-06T08:45:00+00:00,4292.135000000005,4297.745000000005,4289.385000000005,4297.115000000005,7913
2026-08-06T09:00:00+00:00,4297.115000000005,4302.505000000005,4294.985000000005,4298.695000000005,8143
2026-08-06T09:15:00+00:00,4298.695000000005,4303.535000000005,4297.395000000005,4302.335000000005,5631
2026-08-06T09:30:00+00:00,4302.335000000005,4303.185000000005,4290.555000000005,4290.555000000005,6061
2026-08-06T09:45:00+00:00,4290.555000000005,4294.985000000005,4290.145000000005,4291.865000000005,4075
2026-08-06T10:00:00+00:00,4291.865000000005,4292.425000000005,4287.475000000005,4288.375000000005,5908
2026-08-06T10:15:00+00:00,4288.375000000005,4289.795000000005,4285.985000000005,4288.035000000005,5193
2026-08-06T10:30:00+00:00,4288.035000000005,4288.625000000005,4283.495000000005,4284.175000000005,5108
2026-08-06T10:45:00+00:00,4284.175000000005,4290.395000000005,4283.695000000005,4289.765000000005,4537
2026-08-06T11:00:00+00:00,4289.765000000005,4292.295000000005,4285.545000000005,4287.835000000005,7073
2026-08-06T11:15:00+00:00,4287.835000000005,4290.245000000005,4279.345000000005,4283.005000000005,6212
2026-08-06T11:30:00+00:00,4283.005000000005,4285.835000000005,4278.645000000005,4279.465000000005,5857
2026-08-06T11:45:00+00:00,4279.465000000005,4282.235000000005,4273.245000000005,4282.135000000005,8669
2026-08-06T12:00:00+00:00,4282.135000000005,4284.505000000005,4274.405000000005,4275.015000000005,8255
2026-08-06T12:15:00+00:00,4275.015000000005,4281.765000000005,4272.145000000005,4280.515000000005,8335
2026-08-06T12:30:00+00:00,4280.515000000005,4289.555000000005,4277.155000000005,4285.815000000005,8582
2026-08-06T12:45:00+00:00,4285.815000000005,4286.475000000005,4267.995000000005,4269.1650000000045,11376
2026-08-06T13:00:00+00:00,4269.1650000000045,4274.735000000005,4249.725000000005,4257.265000000005,19535
2026-08-06T13:15:00+00:00,4257.265000000005,4267.095000000005,4254.835000000005,4266.625000000005,12765
2026-08-06T13:30:00+00:00,4266.625000000005,4293.035000000005,4264.6650000000045,4289.105000000005,26878
2026-08-06T13:45:00+00:00,4289.105000000005,4289.105000000005,4281.195000000005,4285.865000000005,19792
2026-08-06T14:00:00+00:00,4285.865000000005,4294.105000000005,4282.885000000005,4287.145000000005,18799
2026-08-06T14:15:00+00:00,4287.145000000005,4287.855000000005,4279.045000000005,4284.205000000005,16157
2026-08-06T14:30:00+00:00,4284.205000000005,4293.6650000000045,4284.205000000005,4292.355000000005,15405
2026-08-06T14:45:00+00:00,4292.355000000005,4293.815000000005,4281.625000000005,4291.905000000005,14209
2026-08-06T15:00:00+00:00,4291.905000000005,4293.105000000005,4280.985000000005,4282.765000000005,15465
2026-08-06T15:15:00+00:00,4282.765000000005,4282.775000000005,4269.435000000005,4273.755000000005,17457
2026-08-06T15:30:00+00:00,4273.755000000005,4274.475000000005,4265.375000000005,4270.535000000005,12029
2026-08-06T15:45:00+00:00,4270.535000000005,4270.555000000005,4248.335000000005,4252.625000000005,19425
2026-08-06T16:00:00+00:00,4252.625000000005,4261.795000000005,4249.825000000005,4251.685000000005,19618
2026-08-06T16:15:00+00:00,4251.685000000005,4251.865000000005,4242.285000000005,4249.015000000005,20423
2026-08-06T16:30:00+00:00,4249.015000000005,4254.885000000005,4248.9150000000045,4252.305000000005,12656
2026-08-06T16:45:00+00:00,4252.305000000005,4261.405000000005,4250.575000000005,4260.215000000005,9674
2026-08-06T17:00:00+00:00,4260.215000000005,4263.325000000005,4258.395000000005,4259.845000000005,8494
2026-08-06T17:15:00+00:00,4259.845000000005,4261.635000000005,4257.275000000005,4260.655000000005,10015
2026-08-06T17:30:00+00:00,4260.655000000005,4262.305000000005,4257.375000000005,4260.745000000005,7267
2026-08-06T17:45:00+00:00,4260.745000000005,4266.965000000005,4259.215000000005,4265.995000000005,6277
2026-08-06T18:00:00+00:00,4265.995000000005,4267.945000000005,4263.005000000005,4265.6650000000045,6381
2026-08-06T18:15:00+00:00,4265.6650000000045,4268.515000000005,4265.035000000005,4265.575000000005,7135
2026-08-06T18:30:00+00:00,4265.575000000005,4266.655000000005,4259.895000000005,4260.465000000005,4531
2026-08-06T18:45:00+00:00,4260.465000000005,4264.4150000000045,4259.6650000000045,4262.245000000005,4428
2026-08-06T19:00:00+00:00,4262.245000000005,4270.195000000005,4261.805000000005,4266.195000000005,5905
2026-08-06T19:15:00+00:00,4266.195000000005,4267.385000000005,4254.045000000005,4256.255000000005,9520
2026-08-06T19:30:00+00:00,4256.255000000005,4258.505000000005,4251.815000000005,4253.455000000005,10152
2026-08-06T19:45:00+00:00,4253.455000000005,4269.535000000005,4253.455000000005,4267.695000000005,12314
2026-08-06T20:00:00+00:00,4267.695000000005,4269.005000000005,4261.455000000005,4263.285000000005,4031
2026-08-06T20:15:00+00:00,4263.285000000005,4264.345000000005,4258.765000000005,4260.745000000005,2564
2026-08-06T20:30:00+00:00,4260.745000000005,4261.315000000005,4254.195000000005,4254.275000000005,2260
2026-08-06T20:45:00+00:00,4254.275000000005,4260.805000000005,4253.715000000005,4258.365000000005,2839
2026-08-06T22:00:00+00:00,4258.365000000005,4258.405000000005,4249.355000000005,4252.645000000005,1433.1448316264537
2026-08-06T22:15:00+00:00,4252.645000000005,4257.175000000006,4252.575000000005,4256.165000000005,1562
2026-08-06T22:30:00+00:00,4256.165000000005,4257.115000000005,4252.565000000005,4253.115000000005,1721
2026-08-06T22:45:00+00:00,4253.115000000005,4256.5450000000055,4252.615000000005,4254.3750000000055,1254
2026-08-06T23:00:00+00:00,4254.3750000000055,4259.315000000005,4253.8350000000055,4258.995000000005,1924
2026-08-06T23:15:00+00:00,4258.995000000005,4259.715000000006,4256.6250000000055,4258.705000000005,1434
2026-08-06T23:30:00+00:00,4258.705000000005,4262.395000000005,4258.215000000006,4260.145000000005,1929
2026-08-06T23:45:00+00:00,4260.145000000005,4266.645000000005,4259.475000000005,4265.915000000005,4996
2026-08-07T00:00:00+00:00,4265.915000000005,4266.315000000005,4257.055000000005,4258.325000000005,8799
2026-08-07T00:15:00+00:00,4258.325000000005,4259.725000000005,4252.8750000000055,4257.705000000005,8865
2026-08-07T00:30:00+00:00,4257.705000000005,4257.705000000005,4243.865000000005,4248.525000000005,9620
2026-08-07T00:45:00+00:00,4248.525000000005,4250.575000000005,4243.255000000006,4246.275000000005,11462
2026-08-07T01:00:00+00:00,4246.275000000005,4260.315000000005,4245.435000000005,4257.815000000005,16947
2026-08-07T01:15:00+00:00,4257.815000000005,4263.785000000005,4253.645000000005,4257.005000000006,11774
2026-08-07T01:30:00+00:00,4257.005000000006,4269.445000000005,4252.825000000005,4268.855000000005,13293
2026-08-07T01:45:00+00:00,4268.855000000005,4272.895000000005,4265.695000000005,4270.475000000005,8864
2026-08-07T02:00:00+00:00,4270.475000000005,4275.1250000000055,4269.655000000005,4272.185000000005,7640
2026-08-07T02:15:00+00:00,4272.185000000005,4274.855000000005,4271.155000000005,4274.5450000000055,4065
2026-08-07T02:30:00+00:00,4274.5450000000055,4275.235000000005,4263.315000000005,4263.315000000005,9290
2026-08-07T02:45:00+00:00,4263.315000000005,4269.525000000005,4260.825000000005,4263.895000000005,7973
2026-08-07T03:00:00+00:00,4263.895000000005,4273.035000000005,4263.245000000005,4268.385000000005,8224
2026-08-07T03:15:00+00:00,4268.385000000005,4272.495000000005,4265.395000000005,4272.3350000000055,7171
2026-08-07T03:30:00+00:00,4272.3350000000055,4275.035000000005,4271.145000000005,4274.215000000006,4116
2026-08-07T03:45:00+00:00,4274.215000000006,4280.1250000000055,4272.715000000006,4279.945000000005,4675
2026-08-07T04:00:00+00:00,4279.945000000005,4282.905000000005,4275.675000000006,4279.495000000005,6937
2026-08-07T04:15:00+00:00,4279.495000000005,4281.8750000000055,4275.445000000005,4278.495000000005,6507
2026-08-07T04:30:00+00:00,4278.495000000005,4282.0450000000055,4274.205000000005,4277.675000000006,6157
2026-08-07T04:45:00+00:00,4277.675000000006,4280.855000000005,4276.0450000000055,4278.555000000005,3148
2026-08-07T05:00:00+00:00,4278.555000000005,4284.765000000005,4275.575000000005,4282.805000000005,7021
2026-08-07T05:15:00+00:00,4282.805000000005,4284.205000000005,4278.325000000005,4280.285000000005,5478
2026-08-07T05:30:00+00:00,4280.285000000005,4290.945000000005,4279.655000000005,4285.005000000006,10371
2026-08-07T05:45:00+00:00,4285.005000000006,4294.055000000005,4285.005000000006,4292.405000000005,9863
2026-08-07T06:00:00+00:00,4292.405000000005,4304.985000000005,4292.055000000005,4300.385000000005,9810
2026-08-07T06:15:00+00:00,4300.385000000005,4304.715000000006,4296.805000000005,4297.035000000005,10788
2026-08-07T06:30:00+00:00,4297.035000000005,4308.665000000005,4293.705000000005,4305.815000000005,9463
2026-08-07T06:45:00+00:00,4305.815000000005,4312.455000000005,4302.395000000005,4310.905000000005,9064
2026-08-07T07:00:00+00:00,4310.905000000005,4311.495000000005,4303.885000000005,4304.765000000005,6957
2026-08-07T07:15:00+00:00,4304.765000000005,4306.315000000005,4298.255000000006,4299.145000000005,6429
2026-08-07T07:30:00+00:00,4299.145000000005,4302.395000000005,4297.5450000000055,4298.725000000005,5664
2026-08-07T07:45:00+00:00,4298.725000000005,4304.805000000005,4296.495000000005,4303.635000000005,5585
2026-08-07T08:00:00+00:00,4303.635000000005,4313.905000000005,4302.615000000005,4313.1250000000055,7034
2026-08-07T08:15:00+00:00,4313.1250000000055,4314.315000000005,4307.005000000006,4308.615000000005,6445
2026-08-07T08:30:00+00:00,4308.615000000005,4329.905000000005,4307.5850000000055,4322.715000000006,11208
2026-08-07T08:45:00+00:00,4322.715000000006,4325.035000000005,4317.035000000005,4319.715000000006,6282
2026-08-07T09:00:00+00:00,4319.715000000006,4320.905000000005,4318.245000000005,4319.735000000005,5372
2026-08-07T09:15:00+00:00,4319.735000000005,4324.345000000005,4318.425000000006,4320.455000000005,5714
2026-08-07T09:30:00+00:00,4320.455000000005,4332.075000000005,4315.845000000005,4331.035000000005,7733
2026-08-07T09:45:00+00:00,4331.035000000005,4334.135000000005,4327.975000000005,4329.705000000005,8060
2026-08-07T10:00:00+00:00,4329.705000000005,4332.985000000005,4321.705000000005,4321.865000000005,6225
2026-08-07T10:15:00+00:00,4321.865000000005,4327.925000000006,4321.865000000005,4327.205000000005,5708
2026-08-07T10:30:00+00:00,4327.205000000005,4331.885000000005,4326.655000000005,4330.465000000006,5142
2026-08-07T10:45:00+00:00,4330.465000000006,4334.245000000005,4329.925000000006,4330.515000000005,5681
2026-08-07T11:00:00+00:00,4330.515000000005,4339.825000000005,4330.395000000005,4333.845000000005,7562
2026-08-07T11:15:00+00:00,4333.845000000005,4340.775000000005,4330.735000000005,4338.655000000005,8256
2026-08-07T11:30:00+00:00,4338.655000000005,4341.3350000000055,4334.455000000005,4336.415000000005,6951
2026-08-07T11:45:00+00:00,4336.415000000005,4340.485000000005,4334.3350000000055,4334.775000000005,6265
2026-08-07T12:00:00+00:00,4334.775000000005,4338.915000000005,4328.525000000005,4328.665000000005,8997
2026-08-07T12:15:00+00:00,4328.665000000005,4330.755000000006,4314.655000000005,4323.3350000000055,11851
2026-08-07T12:30:00+00:00,4323.3350000000055,4384.115000000005,4323.3350000000055,4380.605000000005,35335
2026-08-07T12:45:00+00:00,4380.605000000005,4385.385000000005,4369.615000000005,4375.025000000005,23278
2026-08-07T13:00:00+00:00,4375.025000000005,4376.815000000005,4359.6250000000055,4361.575000000005,25206
2026-08-07T13:15:00+00:00,4361.575000000005,4371.525000000005,4353.155000000005,4369.815000000005,16776
2026-08-07T13:30:00+00:00,4369.815000000005,4381.425000000006,4364.425000000006,4371.975000000005,30691
2026-08-07T13:45:00+00:00,4371.975000000005,4373.485000000005,4355.935000000005,4361.755000000006,27226
2026-08-07T14:00:00+00:00,4361.755000000006,4362.465000000006,4341.005000000006,4347.985000000005,38357
2026-08-07T14:15:00+00:00,4347.985000000005,4366.345000000005,4344.285000000005,4362.535000000005,35397
2026-08-07T14:30:00+00:00,4362.535000000005,4364.255000000006,4356.035000000005,4357.845000000005,23233
2026-08-07T14:45:00+00:00,4357.845000000005,4362.505000000006,4353.975000000005,4355.185000000005,19252
2026-08-07T15:00:00+00:00,4355.185000000005,4369.615000000005,4353.965000000006,4368.975000000005,18871
2026-08-07T15:15:00+00:00,4368.975000000005,4372.065000000005,4364.755000000006,4365.055000000005,14150
2026-08-07T15:30:00+00:00,4365.055000000005,4367.505000000006,4360.725000000005,4363.275000000005,14096
2026-08-07T15:45:00+00:00,4363.275000000005,4365.5450000000055,4353.405000000005,4354.635000000005,12350
2026-08-07T16:00:00+00:00,4354.635000000005,4363.175000000006,4352.185000000005,4361.095000000005,12880
2026-08-07T16:15:00+00:00,4361.095000000005,4363.0450000000055,4347.975000000005,4351.1250000000055,16902
2026-08-07T16:30:00+00:00,4351.1250000000055,4355.715000000006,4346.475000000005,4352.2950000000055,14405
2026-08-07T16:45:00+00:00,4352.2950000000055,4355.7950000000055,4342.745000000005,4342.745000000005,11949
2026-08-07T17:00:00+00:00,4342.745000000005,4352.205000000005,4341.525000000005,4349.235000000005,10915
2026-08-07T17:15:00+00:00,4349.235000000005,4355.815000000005,4347.465000000006,4353.345000000005,9857
2026-08-07T17:30:00+00:00,4353.345000000005,4353.705000000005,4343.405000000005,4349.825000000005,10903
2026-08-07T17:45:00+00:00,4349.825000000005,4356.725000000005,4348.575000000005,4353.785000000005,7453
2026-08-07T18:00:00+00:00,4353.785000000005,4356.535000000005,4348.415000000005,4348.595000000005,6607
2026-08-07T18:15:00+00:00,4348.595000000005,4351.475000000005,4345.775000000005,4347.935000000005,7023
2026-08-07T18:30:00+00:00,4347.935000000005,4352.345000000005,4346.735000000005,4347.615000000005,4921
2026-08-07T18:45:00+00:00,4347.615000000005,4350.905000000005,4346.485000000005,4349.015000000005,4748
2026-08-07T19:00:00+00:00,4349.015000000005,4359.0850000000055,4349.015000000005,4356.975000000005,12297
2026-08-07T19:15:00+00:00,4356.975000000005,4363.785000000005,4356.355000000005,4362.055000000005,11197
2026-08-07T19:30:00+00:00,4362.055000000005,4362.355000000005,4357.805000000005,4361.345000000005,10046
2026-08-07T19:45:00+00:00,4361.345000000005,4362.935000000005,4353.405000000005,4357.525000000005,14438
2026-08-07T20:00:00+00:00,4357.525000000005,4358.645000000005,4351.415000000005,4355.8750000000055,3419
2026-08-07T20:15:00+00:00,4355.8750000000055,4356.345000000005,4350.565000000005,4351.245000000005,2235
2026-08-07T20:30:00+00:00,4351.245000000005,4355.655000000005,4349.525000000005,4354.515000000005,1980
2026-08-09T22:00:00+00:00,4354.515000000005,4369.755000000006,4352.055000000005,4363.325000000005,7421.100770676418
2026-08-09T22:15:00+00:00,4363.325000000005,4364.905000000005,4358.275000000005,4363.575000000005,3005
2026-08-09T22:30:00+00:00,4363.575000000005,4365.395000000005,4360.155000000005,4360.165000000005,2794
2026-08-09T22:45:00+00:00,4360.165000000005,4364.315000000005,4359.935000000005,4361.675000000006,1373
2026-08-09T23:00:00+00:00,4361.675000000006,4367.635000000006,4361.315000000005,4366.355000000005,2848
2026-08-09T23:15:00+00:00,4366.355000000005,4369.0450000000055,4363.635000000006,4366.245000000005,2321
2026-08-09T23:30:00+00:00,4366.245000000005,4367.365000000005,4360.195000000005,4362.385000000006,3109
2026-08-09T23:45:00+00:00,4362.385000000006,4363.5450000000055,4351.645000000005,4352.765000000005,5853
2026-08-10T00:00:00+00:00,4352.765000000005,4367.155000000005,4352.315000000005,4364.265000000005,11334
2026-08-10T00:15:00+00:00,4364.265000000005,4365.765000000005,4357.275000000005,4357.6250000000055,9782
2026-08-10T00:30:00+00:00,4357.6250000000055,4359.425000000006,4353.595000000006,4354.395000000005,9154
2026-08-10T00:45:00+00:00,4354.395000000005,4357.615000000005,4350.765000000005,4352.075000000005,8917
2026-08-10T01:00:00+00:00,4352.075000000005,4360.805000000005,4342.0850000000055,4343.265000000005,22445
2026-08-10T01:15:00+00:00,4343.265000000005,4348.325000000005,4336.135000000006,4336.165000000005,11252
2026-08-10T01:30:00+00:00,4336.165000000005,4341.005000000006,4333.285000000005,4337.415000000005,13892
2026-08-10T01:45:00+00:00,4337.415000000005,4344.105000000005,4336.105000000005,4342.3750000000055,12124
2026-08-10T02:00:00+00:00,4342.3750000000055,4345.775000000005,4338.655000000005,4344.515000000005,10806
2026-08-10T02:15:00+00:00,4344.515000000005,4352.205000000005,4343.455000000005,4350.895000000005,6318
2026-08-10T02:30:00+00:00,4350.895000000005,4352.505000000006,4343.175000000006,4346.315000000005,9551
2026-08-10T02:45:00+00:00,4346.315000000005,4347.245000000005,4338.735000000005,4339.715000000006,7686
2026-08-10T03:00:00+00:00,4339.715000000006,4341.275000000005,4337.695000000005,4340.195000000005,6507
2026-08-10T03:15:00+00:00,4340.195000000005,4348.435000000005,4339.655000000005,4347.215000000006,6622
2026-08-10T03:30:00+00:00,4347.215000000006,4349.895000000005,4344.695000000005,4345.2950000000055,5020
2026-08-10T03:45:00+00:00,4345.2950000000055,4348.0450000000055,4344.175000000006,4346.785000000005,3468
2026-08-10T04:00:00+00:00,4346.785000000005,4352.755000000006,4342.905000000005,4352.2950000000055,5588
2026-08-10T04:15:00+00:00,4352.2950000000055,4357.715000000006,4350.775000000005,4354.785000000005,4623
2026-08-10T04:30:00+00:00,4354.785000000005,4356.265000000005,4349.645000000005,4352.275000000005,4374
2026-08-10T04:45:00+00:00,4352.275000000005,4359.5850000000055,4351.8750000000055,4359.455000000005,4977
2026-08-10T05:00:00+00:00,4359.455000000005,4359.8350000000055,4353.485000000005,4355.025000000005,4602
2026-08-10T05:15:00+00:00,4355.025000000005,4356.5450000000055,4352.665000000005,4353.815000000005,3287
2026-08-10T05:30:00+00:00,4353.815000000005,4364.325000000005,4351.555000000005,4363.555000000005,12530
2026-08-10T05:45:00+00:00,4363.555000000005,4372.265000000005,4360.555000000005,4367.385000000006,9424
2026-08-10T06:00:00+00:00,4367.385000000006,4370.115000000005,4361.825000000005,4367.205000000005,7589
2026-08-10T06:15:00+00:00,4367.205000000005,4369.755000000006,4362.665000000005,4368.3350000000055,6691
2026-08-10T06:30:00+00:00,4368.3350000000055,4375.7950000000055,4365.945000000005,4375.175000000006,6714
2026-08-10T06:45:00+00:00,4375.175000000006,4379.825000000005,4375.015000000005,4378.025000000005,6541
2026-08-10T07:00:00+00:00,4378.025000000005,4378.805000000005,4370.065000000005,4371.205000000005,6602
2026-08-10T07:15:00+00:00,4371.205000000005,4378.895000000005,4370.555000000005,4375.165000000005,6003
2026-08-10T07:30:00+00:00,4375.165000000005,4379.975000000005,4372.595000000006,4379.3350000000055,5801
2026-08-10T07:45:00+00:00,4379.3350000000055,4382.0850000000055,4374.745000000005,4375.385000000006,6365
2026-08-10T08:00:00+00:00,4375.385000000006,4376.305000000005,4371.535000000005,4374.6250000000055,4979
2026-08-10T08:15:00+00:00,4374.6250000000055,4376.265000000005,4372.265000000005,4375.455000000005,4378
2026-08-10T08:30:00+00:00,4375.455000000005,4376.775000000005,4365.725000000005,4366.325000000005,5430
2026-08-10T08:45:00+00:00,4366.325000000005,4369.185000000005,4363.855000000005,4366.665000000005,6001
2026-08-10T09:00:00+00:00,4366.665000000005,4370.025000000005,4365.675000000006,4369.735000000005,5701
2026-08-10T09:15:00+00:00,4369.735000000005,4369.815000000005,4364.7950000000055,4366.925000000006,3520
2026-08-10T09:30:00+00:00,4366.925000000006,4367.005000000006,4360.475000000005,4364.135000000006,4868
2026-08-10T09:45:00+00:00,4364.135000000006,4365.385000000006,4360.865000000005,4361.165000000005,3655
2026-08-10T10:00:00+00:00,4361.165000000005,4361.605000000005,4359.115000000005,4360.675000000006,4815
2026-08-10T10:15:00+00:00,4360.675000000006,4364.205000000005,4359.315000000005,4363.815000000005,3871
2026-08-10T10:30:00+00:00,4363.815000000005,4364.245000000005,4357.8350000000055,4357.885000000006,4569
2026-08-10T10:45:00+00:00,4357.885000000006,4360.735000000005,4355.215000000006,4355.725000000005,4180
2026-08-10T11:00:00+00:00,4355.725000000005,4356.945000000005,4348.995000000005,4351.555000000005,5466
2026-08-10T11:15:00+00:00,4351.555000000005,4356.465000000006,4348.8750000000055,4354.635000000006,4755
2026-08-10T11:30:00+00:00,4354.635000000006,4359.415000000005,4354.515000000005,4357.445000000005,4638
2026-08-10T11:45:00+00:00,4357.445000000005,4358.015000000005,4352.025000000005,4355.135000000006,4743
2026-08-10T12:00:00+00:00,4355.135000000006,4357.605000000005,4351.0450000000055,4351.895000000005,6792
2026-08-10T12:15:00+00:00,4351.895000000005,4352.635000000006,4344.0850000000055,4347.765000000005,6973
2026-08-10T12:30:00+00:00,4347.765000000005,4352.695000000005,4346.385000000006,4349.155000000005,9073
2026-08-10T12:45:00+00:00,4349.155000000005,4355.685000000005,4348.705000000005,4352.535000000005,6509
2026-08-10T13:00:00+00:00,4352.535000000005,4357.925000000006,4345.985000000005,4357.345000000006,12137
2026-08-10T13:15:00+00:00,4357.345000000006,4357.825000000005,4349.145000000005,4355.115000000005,8356
2026-08-10T13:30:00+00:00,4355.115000000005,4359.985000000005,4349.885000000006,4350.885000000006,28856
2026-08-10T13:45:00+00:00,4350.885000000006,4352.055000000005,4336.635000000006,4338.055000000005,25152
2026-08-10T14:00:00+00:00,4338.055000000005,4351.245000000005,4338.025000000005,4350.135000000006,15224
2026-08-10T14:15:00+00:00,4350.135000000006,4368.235000000005,4348.355000000005,4365.595000000006,15699
2026-08-10T14:30:00+00:00,4365.595000000006,4371.935000000005,4364.555000000005,4369.465000000006,13380
2026-08-10T14:45:00+00:00,4369.465000000006,4370.815000000005,4362.615000000005,4365.435000000005,11596
2026-08-10T15:00:00+00:00,4365.435000000005,4372.225000000005,4363.0850000000055,4366.945000000005,14300
2026-08-10T15:15:00+00:00,4366.945000000005,4372.6250000000055,4365.915000000005,4369.265000000005,13334
2026-08-10T15:30:00+00:00,4369.265000000005,4372.015000000005,4367.785000000005,4370.205000000005,11161
2026-08-10T15:45:00+00:00,4370.205000000005,4379.6250000000055,4368.525000000005,4378.5850000000055,12561
2026-08-10T16:00:00+00:00,4378.5850000000055,4384.7950000000055,4376.7950000000055,4381.415000000005,17277
2026-08-10T16:15:00+00:00,4381.415000000005,4384.615000000005,4380.925000000006,4382.715000000006,13274
2026-08-10T16:30:00+00:00,4382.715000000006,4383.0850000000055,4368.925000000006,4371.735000000005,14757
2026-08-10T16:45:00+00:00,4371.735000000005,4377.055000000005,4371.695000000005,4376.905000000005,9072
2026-08-10T17:00:00+00:00,4376.905000000005,4378.2950000000055,4371.725000000005,4377.175000000006,9364
2026-08-10T17:15:00+00:00,4377.175000000006,4381.325000000005,4376.385000000006,4381.135000000006,10750
2026-08-10T17:30:00+00:00,4381.135000000006,4385.555000000005,4379.655000000005,4380.425000000006,9114
2026-08-10T17:45:00+00:00,4380.425000000006,4381.445000000005,4377.735000000005,4380.405000000005,10034
2026-08-10T18:00:00+00:00,4380.405000000005,4385.495000000005,4379.965000000006,4383.035000000005,10725
2026-08-10T18:15:00+00:00,4383.035000000005,4387.255000000006,4381.535000000005,4385.955000000005,9651
2026-08-10T18:30:00+00:00,4385.955000000005,4402.645000000005,4385.195000000005,4399.705000000005,12597
2026-08-10T18:45:00+00:00,4399.705000000005,4399.805000000005,4393.2950000000055,4398.505000000006,13223
2026-08-10T19:00:00+00:00,4398.505000000006,4402.915000000005,4398.485000000005,4402.165000000005,13586
2026-08-10T19:15:00+00:00,4402.165000000005,4411.755000000006,4401.2950000000055,4410.8750000000055,16183
2026-08-10T19:30:00+00:00,4410.8750000000055,4414.245000000005,4404.325000000005,4408.365000000005,15984
2026-08-10T19:45:00+00:00,4408.365000000005,4415.365000000005,4407.385000000006,4408.485000000005,16542
2026-08-10T20:00:00+00:00,4408.485000000005,4410.645000000005,4405.705000000005,4409.165000000005,3189
2026-08-10T20:15:00+00:00,4409.165000000005,4412.095000000006,4406.565000000005,4410.995000000005,2435
2026-08-10T20:30:00+00:00,4410.995000000005,4412.055000000005,4409.865000000005,4410.055000000005,1556
2026-08-10T20:45:00+00:00,4410.055000000005,4410.865000000005,4408.655000000005,4409.355000000005,1779
2026-08-10T22:00:00+00:00,4409.355000000005,4411.805000000005,4406.055000000005,4410.105000000005,3771.021798365123
2026-08-10T22:15:00+00:00,4410.105000000005,4412.285000000005,4409.775000000005,4410.825000000005,1773
2026-08-10T22:30:00+00:00,4410.825000000005,4415.1250000000055,4410.805000000005,4414.245000000005,2021
2026-08-10T22:45:00+00:00,4414.245000000005,4419.945000000005,4414.185000000005,4418.635000000005,2314
2026-08-10T23:00:00+00:00,4418.635000000005,4420.995000000005,4414.465000000006,4416.355000000005,3469
2026-08-10T23:15:00+00:00,4416.355000000005,4416.3750000000055,4413.345000000005,4414.255000000006,1675
2026-08-10T23:30:00+00:00,4414.255000000006,4417.775000000005,4414.005000000006,4417.605000000005,2107
2026-08-10T23:45:00+00:00,4417.605000000005,4421.3750000000055,4414.775000000005,4421.0850000000055,5650
2026-08-11T00:00:00+00:00,4421.0850000000055,4427.8350000000055,4415.155000000005,4424.395000000005,9477
2026-08-11T00:15:00+00:00,4424.395000000005,4435.0450000000055,4423.425000000006,4433.005000000006,6442
2026-08-11T00:30:00+00:00,4433.005000000006,4433.1250000000055,4426.175000000006,4432.955000000005,6917
2026-08-11T00:45:00+00:00,4432.955000000005,4438.105000000005,4426.985000000005,4428.2950000000055,7392
2026-08-11T01:00:00+00:00,4428.2950000000055,4434.135000000005,4412.195000000005,4433.3750000000055,22014
2026-08-11T01:15:00+00:00,4433.3750000000055,4439.135000000005,4431.415000000005,4438.095000000005,13756
2026-08-11T01:30:00+00:00,4438.095000000005,4441.135000000005,4433.575000000005,4434.265000000005,11961
2026-08-11T01:45:00+00:00,4434.265000000005,4453.025000000005,4433.515000000005,4448.5450000000055,11922
2026-08-11T02:00:00+00:00,4448.5450000000055,4453.265000000005,4440.485000000005,4452.725000000005,10956
2026-08-11T02:15:00+00:00,4452.725000000005,4454.155000000005,4444.915000000005,4447.3750000000055,6482
2026-08-11T02:30:00+00:00,4447.3750000000055,4448.185000000005,4432.575000000005,4437.175000000006,11872
2026-08-11T02:45:00+00:00,4437.175000000006,4437.885000000005,4426.815000000005,4429.675000000006,8301
2026-08-11T03:00:00+00:00,4429.675000000006,4434.175000000006,4428.2950000000055,4432.365000000005,7589
2026-08-11T03:15:00+00:00,4432.365000000005,4439.565000000005,4431.7950000000055,4439.2950000000055,6471
2026-08-11T03:30:00+00:00,4439.2950000000055,4440.405000000005,4434.575000000005,4434.925000000006,3925
2026-08-11T03:45:00+00:00,4434.925000000006,4437.745000000005,4432.955000000005,4435.605000000005,4023
2026-08-11T04:00:00+00:00,4435.605000000005,4438.535000000005,4430.8750000000055,4432.765000000005,4302
2026-08-11T04:15:00+00:00,4432.765000000005,4434.7950000000055,4428.755000000006,4434.235000000005,4582
2026-08-11T04:30:00+00:00,4434.235000000005,4439.215000000006,4427.035000000005,4428.815000000005,8823
2026-08-11T04:45:00+00:00,4428.815000000005,4430.345000000005,4421.965000000006,4427.785000000005,5789
2026-08-11T05:00:00+00:00,4427.785000000005,4427.995000000005,4418.205000000005,4421.095000000005,4645
2026-08-11T05:15:00+00:00,4421.095000000005,4421.095000000005,4409.665000000005,4411.305000000005,7080
2026-08-11T05:30:00+00:00,4411.305000000005,4411.305000000005,4391.415000000005,4395.805000000005,20383
2026-08-11T05:45:00+00:00,4395.805000000005,4396.955000000005,4386.3750000000055,4394.255000000006,14050
2026-08-11T06:00:00+00:00,4394.255000000006,4401.435000000005,4390.645000000005,4391.675000000006,11618
2026-08-11T06:15:00+00:00,4391.675000000006,4395.015000000005,4380.575000000005,4382.3350000000055,12321
2026-08-11T06:30:00+00:00,4382.3350000000055,4388.245000000005,4378.505000000006,4382.505000000006,11707
2026-08-11T06:45:00+00:00,4382.505000000006,4386.495000000005,4378.495000000005,4385.185000000005,8123
2026-08-11T07:00:00+00:00,4385.185000000005,4386.475000000005,4380.0850000000055,4382.225000000005,7727
2026-08-11T07:15:00+00:00,4382.225000000005,4384.885000000005,4376.355000000005,4381.8750000000055,6871
2026-08-11T07:30:00+00:00,4381.8750000000055,4383.775000000005,4375.6250000000055,4377.635000000005,7026
2026-08-11T07:45:00+00:00,4377.635000000005,4380.325000000005,4375.535000000005,4376.535000000005,5250
2026-08-11T08:00:00+00:00,4376.535000000005,4385.605000000005,4375.815000000005,4384.115000000005,7324
2026-08-11T08:15:00+00:00,4384.115000000005,4388.665000000005,4377.925000000006,4388.135000000005,6661
2026-08-11T08:30:00+00:00,4388.135000000005,4394.895000000005,4387.505000000006,4393.6250000000055,6016
2026-08-11T08:45:00+00:00,4393.6250000000055,4395.555000000005,4387.865000000005,4387.935000000005,6047
2026-08-11T09:00:00+00:00,4387.935000000005,4391.855000000005,4386.415000000005,4391.245000000005,5314
2026-08-11T09:15:00+00:00,4391.245000000005,4394.505000000006,4389.495000000005,4390.745000000005,7194
2026-08-11T09:30:00+00:00,4390.745000000005,4393.995000000005,4388.755000000006,4389.3350000000055,5542
2026-08-11T09:45:00+00:00,4389.3350000000055,4393.595000000005,4389.205000000005,4391.215000000006,3759
2026-08-11T10:00:00+00:00,4391.215000000006,4394.905000000005,4390.005000000006,4392.025000000005,4569
2026-08-11T10:15:00+00:00,4392.025000000005,4400.685000000005,4391.265000000005,4397.115000000005,7236
2026-08-11T10:30:00+00:00,4397.115000000005,4399.8750000000055,4395.765000000005,4396.6250000000055,5283
2026-08-11T10:45:00+00:00,4396.6250000000055,4401.505000000006,4396.385000000005,4401.215000000006,4567
2026-08-11T11:00:00+00:00,4401.215000000006,4411.885000000005,4399.285000000005,4410.415000000005,17577
2026-08-11T11:15:00+00:00,4410.415000000005,4411.245000000005,4404.005000000006,4406.175000000006,8067
2026-08-11T11:30:00+00:00,4406.175000000006,4406.965000000006,4401.855000000005,4404.915000000005,6137
2026-08-11T11:45:00+00:00,4404.915000000005,4408.745000000005,4403.765000000005,4406.515000000005,6269
2026-08-11T12:00:00+00:00,4406.515000000005,4416.395000000005,4402.685000000005,4415.695000000005,9953
2026-08-11T12:15:00+00:00,4415.695000000005,4418.565000000005,4406.395000000005,4410.065000000005,13424
2026-08-11T12:30:00+00:00,4410.065000000005,4417.505000000006,4407.675000000006,4417.415000000005,10004
2026-08-11T12:45:00+00:00,4417.415000000005,4418.955000000005,4410.945000000005,4411.285000000005,7246
2026-08-11T13:00:00+00:00,4411.285000000005,4419.725000000005,4410.5850000000055,4412.635000000005,13203
2026-08-11T13:15:00+00:00,4412.635000000005,4419.725000000005,4408.215000000006,4416.725000000005,11278
2026-08-11T13:30:00+00:00,4416.725000000005,4420.705000000005,4407.715000000006,4418.6250000000055,23005
2026-08-11T13:45:00+00:00,4418.6250000000055,4423.065000000005,4403.285000000005,4407.845000000005,25046
2026-08-11T14:00:00+00:00,4407.845000000005,4408.675000000006,4400.005000000006,4405.815000000005,19140
2026-08-11T14:15:00+00:00,4405.815000000005,4409.075000000005,4400.385000000005,4402.805000000005,16529
2026-08-11T14:30:00+00:00,4402.805000000005,4414.205000000005,4402.805000000005,4412.205000000005,14895
2026-08-11T14:45:00+00:00,4412.205000000005,4416.785000000005,4410.685000000005,4412.955000000005,11351
2026-08-11T15:00:00+00:00,4412.955000000005,4417.645000000005,4407.995000000005,4411.015000000005,12367
2026-08-11T15:15:00+00:00,4411.015000000005,4411.015000000005,4400.8350000000055,4405.6250000000055,14913
2026-08-11T15:30:00+00:00,4405.6250000000055,4405.965000000006,4387.825000000005,4394.675000000006,20464
2026-08-11T15:45:00+00:00,4394.675000000006,4402.775000000005,4393.695000000005,4402.6250000000055,11367
2026-08-11T16:00:00+00:00,4402.6250000000055,4403.705000000005,4397.415000000005,4398.345000000005,9438
2026-08-11T16:15:00+00:00,4398.345000000005,4402.2950000000055,4397.235000000005,4401.825000000005,8180
2026-08-11T16:30:00+00:00,4401.825000000005,4404.705000000005,4398.115000000005,4403.615000000005,6189
2026-08-11T16:45:00+00:00,4403.615000000005,4404.365000000005,4399.885000000005,4402.135000000005,7308
2026-08-11T17:00:00+00:00,4402.135000000005,4404.5450000000055,4399.905000000005,4399.935000000005,7819
2026-08-11T17:15:00+00:00,4399.935000000005,4403.325000000005,4397.725000000005,4400.185000000005,9001
2026-08-11T17:30:00+00:00,4400.185000000005,4400.725000000005,4393.065000000005,4395.1250000000055,7759
2026-08-11T17:45:00+00:00,4395.1250000000055,4396.435000000005,4387.845000000005,4387.925000000006,6590
2026-08-11T18:00:00+00:00,4387.925000000006,4388.1250000000055,4379.0450000000055,4382.725000000005,13827
2026-08-11T18:15:00+00:00,4382.725000000005,4386.115000000005,4379.195000000005,4380.155000000005,10604
2026-08-11T18:30:00+00:00,4380.155000000005,4390.655000000005,4379.975000000005,4389.945000000005,6326
2026-08-11T18:45:00+00:00,4389.945000000005,4391.485000000005,4388.7950000000055,4390.395000000005,4199
2026-08-11T19:00:00+00:00,4390.395000000005,4391.105000000005,4382.285000000005,4382.725000000005,6502
2026-08-11T19:15:00+00:00,4382.725000000005,4389.715000000006,4380.1250000000055,4389.265000000005,7759
2026-08-11T19:30:00+00:00,4389.265000000005,4393.165000000005,4385.255000000006,4386.405000000005,6839
2026-08-11T19:45:00+00:00,4386.405000000005,4392.275000000005,4385.055000000005,4389.485000000005,8147
2026-08-11T20:00:00+00:00,4389.485000000005,4389.995000000005,4387.305000000005,4389.175000000006,2682
2026-08-11T20:15:00+00:00,4389.175000000006,4389.865000000005,4386.455000000005,4389.155000000005,1627
2026-08-11T20:30:00+00:00,4389.155000000005,4389.285000000005,4386.255000000006,4386.255000000006,1289
2026-08-11T20:45:00+00:00,4386.255000000006,4388.785000000005,4385.895000000005,4387.595000000005,1748
2026-08-11T22:00:00+00:00,4387.595000000005,4394.695000000004,4386.845000000005,4392.965000000005,2889.1518788627936
2026-08-11T22:15:00+00:00,4392.965000000005,4396.215000000005,4392.385000000005,4395.6650000000045,3110
2026-08-11T22:30:00+00:00,4395.6650000000045,4397.055000000005,4393.815000000004,4395.315000000004,2937
2026-08-11T22:45:00+00:00,4395.315000000004,4397.505000000005,4386.215000000005,4387.975000000005,4590
2026-08-11T23:00:00+00:00,4387.975000000005,4388.815000000004,4381.525000000004,4385.475000000005,6028
2026-08-11T23:15:00+00:00,4385.475000000005,4393.675000000005,4384.195000000004,4391.825000000004,4483
2026-08-11T23:30:00+00:00,4391.825000000004,4391.825000000004,4385.625000000005,4386.975000000005,2520
2026-08-11T23:45:00+00:00,4386.975000000005,4390.905000000004,4386.975000000005,4390.485000000004,3224
2026-08-12T00:00:00+00:00,4390.485000000004,4398.495000000004,4385.375000000005,4397.055000000005,9407
2026-08-12T00:15:00+00:00,4397.055000000005,4400.105000000005,4393.055000000005,4399.745000000004,7508
2026-08-12T00:30:00+00:00,4399.745000000004,4402.745000000004,4398.245000000004,4401.965000000005,5982
2026-08-12T00:45:00+00:00,4401.965000000005,4402.225000000005,4396.575000000004,4399.605000000005,5707
2026-08-12T01:00:00+00:00,4399.605000000005,4409.6650000000045,4397.255000000005,4409.335000000005,13991
2026-08-12T01:15:00+00:00,4409.335000000005,4413.155000000004,4405.6650000000045,4409.4550000000045,7457
2026-08-12T01:30:00+00:00,4409.4550000000045,4412.185000000005,4404.225000000005,4412.045000000005,9041
2026-08-12T01:45:00+00:00,4412.045000000005,4416.365000000004,4410.085000000005,4415.375000000005,7279
2026-08-12T02:00:00+00:00,4415.375000000005,4423.855000000005,4413.065000000004,4420.855000000005,8061
2026-08-12T02:15:00+00:00,4420.855000000005,4422.885000000005,4418.435000000005,4421.235000000004,5283
2026-08-12T02:30:00+00:00,4421.235000000004,4427.375000000005,4416.695000000004,4424.445000000004,8786
2026-08-12T02:45:00+00:00,4424.445000000004,4433.605000000005,4424.235000000004,4430.1650000000045,8631
2026-08-12T03:00:00+00:00,4430.1650000000045,4435.095000000005,4427.495000000004,4429.635000000005,8297
2026-08-12T03:15:00+00:00,4429.635000000005,4429.685000000005,4423.485000000004,4426.375000000005,6537
2026-08-12T03:30:00+00:00,4426.375000000005,4427.7050000000045,4420.265000000005,4420.325000000004,4539
2026-08-12T03:45:00+00:00,4420.325000000004,4422.9150000000045,4419.6650000000045,4421.265000000005,3744
2026-08-12T04:00:00+00:00,4421.265000000005,4422.405000000004,4415.545000000005,4416.555000000005,3735
2026-08-12T04:15:00+00:00,4416.555000000005,4418.215000000005,4414.515000000005,4417.885000000005,3374
2026-08-12T04:30:00+00:00,4417.885000000005,4419.245000000004,4414.325000000004,4419.085000000005,3371
2026-08-12T04:45:00+00:00,4419.085000000005,4421.395000000005,4418.305000000005,4420.155000000004,3394
2026-08-12T05:00:00+00:00,4420.155000000004,4423.945000000004,4419.4150000000045,4419.845000000005,3591
2026-08-12T05:15:00+00:00,4419.845000000005,4419.9550000000045,4411.545000000005,4411.695000000004,4996
2026-08-12T05:30:00+00:00,4411.695000000004,4416.045000000005,4407.065000000004,4407.065000000004,10714
2026-08-12T05:45:00+00:00,4407.065000000004,4413.065000000004,4402.935000000005,4409.9550000000045,8222
2026-08-12T06:00:00+00:00,4409.9550000000045,4412.025000000004,4404.2050000000045,4406.095000000005,6740
2026-08-12T06:15:00+00:00,4406.095000000005,4409.575000000004,4404.695000000004,4408.695000000004,5790
2026-08-12T06:30:00+00:00,4408.695000000004,4416.535000000004,4407.435000000005,4413.595000000005,7713
2026-08-12T06:45:00+00:00,4413.595000000005,4425.385000000005,4413.585000000005,4422.485000000004,7393
2026-08-12T07:00:00+00:00,4422.485000000004,4425.105000000005,4419.9150000000045,4420.505000000005,6046
2026-08-12T07:15:00+00:00,4420.505000000005,4421.885000000005,4417.175000000005,4421.475000000005,4843
2026-08-12T07:30:00+00:00,4421.475000000005,4427.575000000004,4420.345000000005,4426.815000000004,4949
2026-08-12T07:45:00+00:00,4426.815000000004,4429.085000000005,4423.765000000005,4425.215000000005,4820
2026-08-12T08:00:00+00:00,4425.215000000005,4429.655000000004,4424.795000000005,4427.685000000005,4893
2026-08-12T08:15:00+00:00,4427.685000000005,4428.485000000004,4424.675000000005,4426.075000000004,4099
2026-08-12T08:30:00+00:00,4426.075000000004,4426.685000000005,4423.4150000000045,4425.155000000004,4293
2026-08-12T08:45:00+00:00,4425.155000000004,4425.155000000004,4420.7050000000045,4420.855000000005,3688
2026-08-12T09:00:00+00:00,4420.855000000005,4432.115000000004,4420.855000000005,4431.905000000004,4995
2026-08-12T09:15:00+00:00,4431.905000000004,4443.335000000005,4431.475000000005,4432.305000000005,12992
2026-08-12T09:30:00+00:00,4432.305000000005,4436.105000000005,4430.935000000005,4432.785000000004,6763
2026-08-12T09:45:00+00:00,4432.785000000004,4435.715000000005,4429.645000000005,4434.845000000005,6476
2026-08-12T10:00:00+00:00,4434.845000000005,4438.375000000005,4433.6650000000045,4436.985000000004,4297
2026-08-12T10:15:00+00:00,4436.985000000004,4440.085000000005,4436.275000000004,4438.635000000005,3958
2026-08-12T10:30:00+00:00,4438.635000000005,4439.005000000005,4431.765000000005,4433.885000000005,3964
2026-08-12T10:45:00+00:00,4433.885000000005,4434.745000000004,4425.9150000000045,4431.755000000005,7259
2026-08-12T11:00:00+00:00,4431.755000000005,4434.295000000005,4426.905000000004,4426.995000000004,4669
2026-08-12T11:15:00+00:00,4426.995000000004,4435.805000000005,4426.945000000004,4434.125000000005,4653
2026-08-12T11:30:00+00:00,4434.125000000005,4434.9150000000045,4429.195000000004,4432.275000000004,4419
2026-08-12T11:45:00+00:00,4432.275000000004,4434.515000000005,4431.565000000004,4431.825000000004,3685
2026-08-12T12:00:00+00:00,4431.825000000004,4432.1650000000045,4425.265000000005,4427.725000000005,6887
2026-08-12T12:15:00+00:00,4427.725000000005,4445.745000000004,4423.735000000004,4445.745000000004,11017
2026-08-12T12:30:00+00:00,4445.745000000004,4457.305000000005,4399.885000000005,4447.565000000004,42674
2026-08-12T12:45:00+00:00,4447.565000000004,4457.495000000004,4435.4550000000045,4456.295000000005,22621
2026-08-12T13:00:00+00:00,4456.295000000005,4460.625000000005,4439.815000000004,4441.015000000005,25991
2026-08-12T13:15:00+00:00,4441.015000000005,4448.015000000005,4433.545000000005,4437.515000000005,16836
2026-08-12T13:30:00+00:00,4437.515000000005,4439.9150000000045,4427.375000000005,4435.645000000005,36234
2026-08-12T13:45:00+00:00,4435.645000000005,4452.975000000005,4434.425000000005,4446.585000000005,31996
2026-08-12T14:00:00+00:00,4446.585000000005,4453.935000000005,4439.655000000004,4450.845000000005,25327
2026-08-12T14:15:00+00:00,4450.845000000005,4458.835000000005,4448.805000000005,4450.625000000005,20528
2026-08-12T14:30:00+00:00,4450.625000000005,4455.215000000005,4435.395000000005,4443.965000000005,26249
2026-08-12T14:45:00+00:00,4443.965000000005,4451.605000000005,4435.495000000004,4441.055000000005,29409
2026-08-12T15:00:00+00:00,4441.055000000005,4449.005000000005,4433.965000000005,4445.545000000005,21682
2026-08-12T15:15:00+00:00,4445.545000000005,4447.045000000005,4438.655000000004,4440.675000000005,13561
2026-08-12T15:30:00+00:00,4440.675000000005,4444.585000000005,4435.725000000005,4437.1650000000045,11526
2026-08-12T15:45:00+00:00,4437.1650000000045,4441.565000000004,4429.995000000004,4440.085000000005,11880
2026-08-12T16:00:00+00:00,4440.085000000005,4444.815000000004,4435.785000000004,4442.385000000005,10949
2026-08-12T16:15:00+00:00,4442.385000000005,4445.475000000005,4441.315000000004,4442.195000000004,10218
2026-08-12T16:30:00+00:00,4442.195000000004,4442.9150000000045,4428.255000000005,4430.095000000005,14911
2026-08-12T16:45:00+00:00,4430.095000000005,4430.4550000000045,4415.215000000005,4420.525000000004,18961
2026-08-12T17:00:00+00:00,4420.525000000004,4426.585000000005,4418.585000000005,4422.785000000004,13844
2026-08-12T17:15:00+00:00,4422.785000000004,4428.845000000005,4421.025000000004,4425.535000000004,14111
2026-08-12T17:30:00+00:00,4425.535000000004,4430.595000000005,4420.325000000004,4421.015000000005,8069
2026-08-12T17:45:00+00:00,4421.015000000005,4424.625000000005,4417.945000000004,4418.520000000005,6321.0970711931195
2026-08-12T18:00:00+00:00,4418.520000000005,4425.770000000005,4415.490000000005,4424.9200000000055,5846
2026-08-12T18:15:00+00:00,4424.9200000000055,4430.320000000005,4423.580000000005,4427.350000000005,5731
2026-08-12T18:30:00+00:00,4427.350000000005,4432.260000000005,4427.090000000005,4431.9600000000055,5739
2026-08-12T18:45:00+00:00,4431.9600000000055,4436.950000000005,4431.860000000005,4432.260000000005,5669
2026-08-12T19:00:00+00:00,4432.260000000005,4437.490000000005,4431.980000000005,4435.520000000005,5370
2026-08-12T19:15:00+00:00,4435.520000000005,4437.080000000005,4434.740000000005,4435.810000000005,6013
2026-08-12T19:30:00+00:00,4435.810000000005,4435.880000000005,4430.350000000005,4432.280000000005,6353
2026-08-12T19:45:00+00:00,4432.280000000005,4433.290000000005,4427.190000000005,4433.010000000005,8936
2026-08-12T20:00:00+00:00,4433.010000000005,4433.340000000005,4427.860000000005,4428.150000000005,2525
2026-08-12T20:15:00+00:00,4428.150000000005,4429.070000000005,4425.720000000005,4426.810000000005,1817
2026-08-12T20:30:00+00:00,4426.810000000005,4427.950000000005,4425.820000000005,4427.090000000005,1778
2026-08-12T20:45:00+00:00,4427.090000000005,4428.090000000005,4425.790000000005,4427.190000000005,1882
2026-08-12T22:00:00+00:00,4427.190000000005,4428.070000000005,4419.760000000006,4420.740000000005,3114.410028541775
2026-08-12T22:15:00+00:00,4420.740000000005,4420.760000000006,4416.050000000006,4417.080000000005,1963
2026-08-12T22:30:00+00:00,4417.080000000005,4419.620000000005,4416.360000000005,4417.720000000006,2120
2026-08-12T22:45:00+00:00,4417.720000000006,4420.680000000006,4417.450000000005,4419.280000000005,1395
2026-08-12T23:00:00+00:00,4419.280000000005,4423.030000000005,4418.750000000005,4422.720000000005,1907
2026-08-12T23:15:00+00:00,4422.720000000005,4426.810000000005,4422.620000000005,4425.330000000005,1774
2026-08-12T23:30:00+00:00,4425.330000000005,4427.480000000005,4424.390000000005,4425.580000000005,1421
2026-08-12T23:45:00+00:00,4425.580000000005,4431.480000000005,4424.960000000005,4431.430000000005,2497
2026-08-13T00:00:00+00:00,4431.430000000005,4439.180000000005,4429.900000000005,4436.080000000005,9439
2026-08-13T00:15:00+00:00,4436.080000000005,4454.570000000005,4436.080000000005,4445.400000000005,9739
2026-08-13T00:30:00+00:00,4445.400000000005,4466.660000000005,4441.550000000005,4457.010000000005,11668
2026-08-13T00:45:00+00:00,4457.010000000005,4457.270000000005,4441.080000000005,4444.930000000005,11118
2026-08-13T01:00:00+00:00,4444.930000000005,4452.410000000005,4439.780000000005,4447.030000000005,19362
2026-08-13T01:15:00+00:00,4447.030000000005,4452.270000000005,4436.180000000005,4436.270000000005,12681
2026-08-13T01:30:00+00:00,4436.270000000005,4447.120000000005,4434.730000000005,4436.330000000005,13221
2026-08-13T01:45:00+00:00,4436.330000000005,4436.340000000005,4423.180000000005,4425.450000000005,14047
2026-08-13T02:00:00+00:00,4425.450000000005,4431.060000000005,4422.290000000005,4427.650000000005,11395
2026-08-13T02:15:00+00:00,4427.650000000005,4429.510000000005,4422.700000000005,4423.490000000005,5951
2026-08-13T02:30:00+00:00,4423.490000000005,4427.230000000005,4416.050000000005,4427.230000000005,13622
2026-08-13T02:45:00+00:00,4427.230000000005,4427.390000000005,4422.360000000005,4423.980000000005,7624
2026-08-13T03:00:00+00:00,4423.980000000005,4429.190000000005,4420.980000000005,4423.950000000005,9105
2026-08-13T03:15:00+00:00,4423.950000000005,4427.120000000005,4422.520000000005,4426.130000000005,7214
2026-08-13T03:30:00+00:00,4426.130000000005,4427.460000000005,4422.340000000005,4422.780000000005,4047
2026-08-13T03:45:00+00:00,4422.780000000005,4424.460000000005,4415.600000000005,4417.150000000005,5187
2026-08-13T04:00:00+00:00,4417.150000000005,4417.450000000005,4408.610000000005,4411.490000000005,8246
2026-08-13T04:15:00+00:00,4411.490000000005,4416.090000000005,4409.430000000005,4415.080000000005,5279
2026-08-13T04:30:00+00:00,4415.080000000005,4416.500000000005,4412.030000000005,4412.800000000005,3948
2026-08-13T04:45:00+00:00,4412.800000000005,4415.760000000005,4412.230000000005,4414.790000000005,5940
2026-08-13T05:00:00+00:00,4414.790000000005,4421.810000000005,4410.070000000005,4421.540000000005,8178
2026-08-13T05:15:00+00:00,4421.540000000005,4424.230000000005,4417.640000000005,4423.270000000005,6320
2026-08-13T05:30:00+00:00,4423.270000000005,4423.520000000005,4403.920000000005,4404.660000000005,15582
2026-08-13T05:45:00+00:00,4404.660000000005,4406.340000000005,4397.570000000005,4399.980000000005,13627
2026-08-13T06:00:00+00:00,4399.980000000005,4402.530000000005,4391.920000000005,4392.830000000005,11927
2026-08-13T06:15:00+00:00,4392.830000000005,4395.750000000005,4391.110000000005,4392.890000000005,8326
2026-08-13T06:30:00+00:00,4392.890000000005,4395.490000000005,4385.830000000005,4391.140000000005,9980
2026-08-13T06:45:00+00:00,4391.140000000005,4398.560000000005,4391.070000000005,4397.890000000005,8000
2026-08-13T07:00:00+00:00,4397.890000000005,4398.720000000005,4392.130000000005,4393.920000000005,8033
2026-08-13T07:15:00+00:00,4393.920000000005,4394.750000000005,4390.700000000005,4393.430000000005,7029
2026-08-13T07:30:00+00:00,4393.430000000005,4395.690000000005,4389.130000000005,4395.420000000005,7684
2026-08-13T07:45:00+00:00,4395.420000000005,4395.810000000005,4386.250000000005,4386.920000000005,8072
2026-08-13T08:00:00+00:00,4386.920000000005,4387.560000000005,4381.160000000005,4383.010000000005,9586
2026-08-13T08:15:00+00:00,4383.010000000005,4390.570000000005,4381.920000000005,4389.700000000005,7392
2026-08-13T08:30:00+00:00,4389.700000000005,4392.770000000005,4388.850000000005,4390.550000000005,5499
2026-08-13T08:45:00+00:00,4390.550000000005,4396.140000000005,4390.400000000005,4392.920000000005,4984
2026-08-13T09:00:00+00:00,4392.920000000005,4395.330000000005,4389.500000000005,4393.780000000005,5503
2026-08-13T09:15:00+00:00,4393.780000000005,4399.240000000005,4393.200000000005,4396.890000000005,6027
2026-08-13T09:30:00+00:00,4396.890000000005,4398.670000000005,4395.710000000005,4396.900000000005,5038
2026-08-13T09:45:00+00:00,4396.900000000005,4401.860000000005,4395.410000000005,4401.510000000005,4502
2026-08-13T10:00:00+00:00,4401.510000000005,4402.270000000005,4398.370000000005,4398.530000000005,4850
2026-08-13T10:15:00+00:00,4398.530000000005,4404.640000000005,4398.530000000005,4404.080000000005,4681
2026-08-13T10:30:00+00:00,4404.080000000005,4407.560000000005,4401.530000000005,4407.510000000005,3779
2026-08-13T10:45:00+00:00,4407.510000000005,4410.750000000005,4405.160000000005,4409.090000000005,3865
2026-08-13T11:00:00+00:00,4409.090000000005,4411.370000000005,4405.390000000005,4411.270000000005,4631
2026-08-13T11:15:00+00:00,4411.270000000005,4413.480000000005,4404.730000000005,4404.930000000005,5038
2026-08-13T11:30:00+00:00,4404.930000000005,4406.910000000005,4400.730000000005,4400.970000000005,5614
2026-08-13T11:45:00+00:00,4400.970000000005,4405.140000000005,4399.780000000005,4404.720000000005,5446
2026-08-13T12:00:00+00:00,4404.720000000005,4408.610000000005,4402.750000000005,4405.960000000005,8115
2026-08-13T12:15:00+00:00,4405.960000000005,4409.320000000005,4401.080000000005,4407.690000000005,8316
2026-08-13T12:30:00+00:00,4407.690000000005,4418.000000000005,4398.070000000005,4409.130000000005,15190
2026-08-13T12:45:00+00:00,4409.130000000005,4418.890000000005,4408.700000000005,4418.830000000005,11001
2026-08-13T13:00:00+00:00,4418.830000000005,4418.840000000005,4408.180000000005,4410.870000000005,15297
2026-08-13T13:15:00+00:00,4410.870000000005,4412.290000000005,4400.950000000005,4402.310000000005,13314
2026-08-13T13:30:00+00:00,4402.310000000005,4406.780000000005,4392.260000000005,4396.660000000005,24455
2026-08-13T13:45:00+00:00,4396.660000000005,4399.810000000005,4387.700000000005,4389.750000000005,30168
2026-08-13T14:00:00+00:00,4389.750000000005,4395.670000000005,4383.640000000005,4387.830000000005,29172
2026-08-13T14:15:00+00:00,4387.830000000005,4395.120000000005,4384.620000000005,4384.650000000005,32912
2026-08-13T14:30:00+00:00,4384.650000000005,4398.480000000005,4374.690000000005,4398.090000000005,22529
2026-08-13T14:45:00+00:00,4398.090000000005,4403.890000000005,4398.090000000005,4400.680000000005,14559
2026-08-13T15:00:00+00:00,4400.680000000005,4402.630000000005,4385.290000000005,4386.800000000005,16001
2026-08-13T15:15:00+00:00,4386.800000000005,4390.900000000005,4380.590000000005,4382.310000000005,17671
2026-08-13T15:30:00+00:00,4382.310000000005,4388.540000000005,4374.570000000005,4385.330000000005,17716
2026-08-13T15:45:00+00:00,4385.330000000005,4387.770000000005,4380.200000000005,4381.970000000005,8789
2026-08-13T16:00:00+00:00,4381.970000000005,4384.370000000005,4370.900000000005,4372.180000000005,12619
2026-08-13T16:15:00+00:00,4372.180000000005,4379.930000000005,4368.280000000005,4379.540000000005,18050
2026-08-13T16:30:00+00:00,4379.540000000005,4384.130000000005,4379.540000000005,4382.630000000005,8374
2026-08-13T16:45:00+00:00,4382.630000000005,4385.360000000005,4380.970000000005,4383.870000000005,7804
2026-08-13T17:00:00+00:00,4383.870000000005,4390.320000000005,4382.090000000005,4388.370000000005,7983
2026-08-13T17:15:00+00:00,4388.370000000005,4388.830000000005,4379.440000000005,4380.110000000005,10664
2026-08-13T17:30:00+00:00,4380.110000000005,4381.370000000005,4372.600000000005,4374.160000000005,9897
2026-08-13T17:45:00+00:00,4374.160000000005,4377.060000000005,4372.640000000005,4372.870000000005,7407
2026-08-13T18:00:00+00:00,4372.870000000005,4379.780000000005,4372.820000000005,4379.000000000005,12163
2026-08-13T18:15:00+00:00,4379.000000000005,4380.570000000005,4371.780000000005,4374.540000000005,10379
2026-08-13T18:30:00+00:00,4374.540000000005,4377.260000000005,4373.380000000005,4374.870000000005,7933
2026-08-13T18:45:00+00:00,4374.870000000005,4375.140000000005,4371.590000000005,4373.950000000005,5816
2026-08-13T19:00:00+00:00,4373.950000000005,4375.790000000005,4363.130000000005,4363.710000000005,7122
2026-08-13T19:15:00+00:00,4363.710000000005,4368.670000000005,4360.620000000005,4368.510000000005,9682
2026-08-13T19:30:00+00:00,4368.510000000005,4371.080000000005,4366.670000000005,4368.270000000005,7315
2026-08-13T19:45:00+00:00,4368.270000000005,4368.370000000005,4364.650000000005,4367.050000000005,11121
2026-08-13T20:00:00+00:00,4367.050000000005,4367.530000000005,4363.860000000005,4367.340000000005,3625
2026-08-13T20:15:00+00:00,4367.340000000005,4369.240000000005,4366.310000000005,4368.640000000005,1934
2026-08-13T20:30:00+00:00,4368.640000000005,4368.790000000005,4364.440000000005,4366.400000000005,2070
2026-08-13T20:45:00+00:00,4366.400000000005,4368.370000000005,4365.570000000005,4366.970000000005,2315
2026-08-13T22:00:00+00:00,4366.970000000005,4374.160000000005,4366.2500000000055,4371.270000000005,2827.105396853692
2026-08-13T22:15:00+00:00,4371.270000000005,4375.020000000005,4369.890000000005,4374.4200000000055,2484
2026-08-13T22:30:00+00:00,4374.4200000000055,4379.910000000005,4372.980000000005,4377.5000000000055,3777
2026-08-13T22:45:00+00:00,4377.5000000000055,4378.160000000005,4370.450000000005,4371.7100000000055,4077
2026-08-13T23:00:00+00:00,4371.7100000000055,4377.870000000005,4366.350000000005,4377.870000000005,4463
2026-08-13T23:15:00+00:00,4377.870000000005,4380.380000000006,4373.980000000005,4380.380000000006,3930
2026-08-13T23:30:00+00:00,4380.380000000006,4380.790000000005,4375.730000000005,4377.490000000005,3395
2026-08-13T23:45:00+00:00,4377.490000000005,4381.280000000005,4373.7500000000055,4373.810000000005,5876
2026-08-14T00:00:00+00:00,4373.810000000005,4379.090000000006,4367.530000000005,4369.290000000005,10124
2026-08-14T00:15:00+00:00,4369.290000000005,4369.300000000006,4356.550000000006,4356.550000000006,9885
2026-08-14T00:30:00+00:00,4356.550000000006,4364.1700000000055,4351.580000000005,4356.850000000005,11346
2026-08-14T00:45:00+00:00,4356.850000000005,4359.900000000005,4346.070000000005,4358.190000000005,12548
2026-08-14T01:00:00+00:00,4358.190000000005,4358.550000000006,4339.370000000005,4341.300000000006,19702
2026-08-14T01:15:00+00:00,4341.300000000006,4343.2500000000055,4332.130000000006,4336.7100000000055,15223
2026-08-14T01:30:00+00:00,4336.7100000000055,4338.700000000005,4330.100000000005,4336.780000000005,11464
2026-08-14T01:45:00+00:00,4336.780000000005,4340.4600000000055,4329.470000000006,4335.320000000005,12830
2026-08-14T02:00:00+00:00,4335.320000000005,4339.910000000005,4328.010000000006,4329.560000000005,11341
2026-08-14T02:15:00+00:00,4329.560000000005,4335.480000000005,4329.560000000005,4330.230000000005,8558
2026-08-14T02:30:00+00:00,4330.230000000005,4339.770000000005,4328.600000000005,4338.390000000005,12610
2026-08-14T02:45:00+00:00,4338.390000000005,4339.130000000006,4329.940000000005,4332.990000000005,9465
2026-08-14T03:00:00+00:00,4332.990000000005,4340.910000000005,4330.940000000005,4337.330000000005,8373
2026-08-14T03:15:00+00:00,4337.330000000005,4343.260000000006,4337.0000000000055,4342.910000000005,6026
2026-08-14T03:30:00+00:00,4342.910000000005,4345.310000000005,4342.390000000005,4342.760000000006,3943
2026-08-14T03:45:00+00:00,4342.760000000006,4343.910000000005,4340.630000000006,4340.630000000006,2830
2026-08-14T04:00:00+00:00,4340.630000000006,4344.430000000005,4339.820000000005,4343.110000000005,3931
2026-08-14T04:15:00+00:00,4343.110000000005,4344.900000000005,4342.370000000005,4342.440000000005,3021
2026-08-14T04:30:00+00:00,4342.440000000005,4343.620000000005,4340.530000000005,4342.430000000005,3895
2026-08-14T04:45:00+00:00,4342.430000000005,4344.050000000006,4340.950000000005,4344.050000000006,2501
2026-08-14T05:00:00+00:00,4344.050000000006,4344.100000000005,4336.700000000005,4337.350000000005,5675
2026-08-14T05:15:00+00:00,4337.350000000005,4337.600000000005,4334.2100000000055,4335.580000000005,4418
2026-08-14T05:30:00+00:00,4335.580000000005,4341.930000000005,4328.070000000005,4334.790000000005,12171
2026-08-14T05:45:00+00:00,4334.790000000005,4350.7500000000055,4334.630000000006,4350.7500000000055,9990
2026-08-14T06:00:00+00:00,4350.7500000000055,4353.760000000006,4346.850000000005,4349.590000000006,8603
2026-08-14T06:15:00+00:00,4349.590000000006,4350.680000000005,4345.530000000005,4346.380000000006,6503
2026-08-14T06:30:00+00:00,4346.380000000006,4350.090000000006,4345.110000000005,4350.050000000006,6078
2026-08-14T06:45:00+00:00,4350.050000000006,4353.050000000006,4349.780000000005,4352.780000000005,6173
2026-08-14T07:00:00+00:00,4352.780000000005,4354.340000000006,4348.260000000006,4348.340000000006,5600
2026-08-14T07:15:00+00:00,4348.340000000006,4353.640000000005,4346.9200000000055,4349.0000000000055,5257
2026-08-14T07:30:00+00:00,4349.0000000000055,4357.270000000005,4348.730000000005,4356.760000000006,4968
2026-08-14T07:45:00+00:00,4356.760000000006,4362.400000000005,4356.630000000006,4360.840000000006,5715
2026-08-14T08:00:00+00:00,4360.840000000006,4365.060000000005,4359.030000000005,4364.900000000005,7274
2026-08-14T08:15:00+00:00,4364.900000000005,4366.300000000006,4360.7100000000055,4362.810000000005,6157
2026-08-14T08:30:00+00:00,4362.810000000005,4366.410000000005,4360.690000000005,4360.820000000005,5440
2026-08-14T08:45:00+00:00,4360.820000000005,4366.880000000006,4359.820000000005,4365.800000000006,4134
2026-08-14T09:00:00+00:00,4365.800000000006,4368.140000000005,4363.190000000005,4367.870000000005,4610
2026-08-14T09:15:00+00:00,4367.870000000005,4371.370000000005,4365.9600000000055,4368.9600000000055,4814
2026-08-14T09:30:00+00:00,4368.9600000000055,4371.680000000005,4367.220000000006,4370.680000000005,4973
2026-08-14T09:45:00+00:00,4370.680000000005,4374.560000000005,4369.880000000006,4374.280000000005,3792
2026-08-14T10:00:00+00:00,4374.280000000005,4375.810000000005,4371.100000000005,4371.690000000005,4346
2026-08-14T10:15:00+00:00,4371.690000000005,4372.530000000005,4367.4200000000055,4368.550000000006,4259
2026-08-14T10:30:00+00:00,4368.550000000006,4369.180000000005,4365.380000000006,4369.120000000005,3884
2026-08-14T10:45:00+00:00,4369.120000000005,4370.700000000005,4365.620000000005,4366.5000000000055,3742
2026-08-14T11:00:00+00:00,4366.5000000000055,4368.810000000005,4365.630000000006,4367.820000000005,3987
2026-08-14T11:15:00+00:00,4367.820000000005,4374.260000000006,4367.820000000005,4373.890000000005,4917
2026-08-14T11:30:00+00:00,4373.890000000005,4380.640000000005,4373.620000000005,4379.620000000005,6621
2026-08-14T11:45:00+00:00,4379.620000000005,4386.490000000005,4378.2500000000055,4386.300000000006,6558
2026-08-14T12:00:00+00:00,4386.300000000006,4393.900000000005,4383.110000000005,4388.9200000000055,9700
2026-08-14T12:15:00+00:00,4388.9200000000055,4397.740000000005,4386.800000000006,4397.110000000005,10029
2026-08-14T12:30:00+00:00,4397.110000000005,4404.050000000006,4389.300000000006,4389.990000000005,13465
2026-08-14T12:45:00+00:00,4389.990000000005,4395.0000000000055,4388.130000000006,4390.650000000005,9121
2026-08-14T13:00:00+00:00,4390.650000000005,4398.160000000005,4387.360000000005,4392.200000000005,13674
2026-08-14T13:15:00+00:00,4392.200000000005,4403.650000000005,4392.200000000005,4401.620000000005,10226
2026-08-14T13:30:00+00:00,4401.620000000005,4413.690000000005,4400.890000000005,4411.0000000000055,20252
2026-08-14T13:45:00+00:00,4411.0000000000055,4411.850000000005,4400.060000000005,4401.360000000005,15443
2026-08-14T14:00:00+00:00,4401.360000000005,4410.200000000005,4401.290000000005,4407.680000000005,17284
2026-08-14T14:15:00+00:00,4407.680000000005,4411.730000000005,4401.940000000005,4408.430000000005,16270
2026-08-14T14:30:00+00:00,4408.430000000005,4408.790000000005,4398.720000000006,4401.430000000005,11804
2026-08-14T14:45:00+00:00,4401.430000000005,4401.7500000000055,4396.020000000005,4398.570000000005,10435
2026-08-14T15:00:00+00:00,4398.570000000005,4411.330000000005,4398.200000000005,4409.380000000006,12717
2026-08-14T15:15:00+00:00,4409.380000000006,4410.880000000006,4396.230000000005,4401.940000000005,13111
2026-08-14T15:30:00+00:00,4401.940000000005,4407.100000000005,4400.980000000005,4406.720000000006,11007
2026-08-14T15:45:00+00:00,4406.720000000006,4411.840000000006,4406.510000000006,4408.840000000006,9630
2026-08-14T16:00:00+00:00,4408.840000000006,4413.830000000005,4405.940000000005,4406.910000000005,7952
2026-08-14T16:15:00+00:00,4406.910000000005,4410.1700000000055,4404.010000000006,4404.660000000005,5857
2026-08-14T16:30:00+00:00,4404.660000000005,4406.200000000005,4397.510000000006,4402.870000000005,9231
2026-08-14T16:45:00+00:00,4402.870000000005,4404.630000000006,4402.030000000005,4403.020000000005,5642
2026-08-14T17:00:00+00:00,4403.020000000005,4403.650000000005,4397.440000000005,4399.510000000006,5773
2026-08-14T17:15:00+00:00,4399.510000000006,4401.7500000000055,4396.510000000006,4396.660000000005,6421
2026-08-14T17:30:00+00:00,4396.660000000005,4400.010000000006,4394.1700000000055,4394.880000000006,5888
2026-08-14T17:45:00+00:00,4394.880000000006,4396.220000000006,4393.410000000005,4395.640000000005,4369
2026-08-14T18:00:00+00:00,4395.640000000005,4398.900000000005,4393.6700000000055,4394.390000000005,5732
2026-08-14T18:15:00+00:00,4394.390000000005,4397.610000000005,4394.190000000005,4396.580000000005,4158
2026-08-14T18:30:00+00:00,4396.580000000005,4399.930000000005,4393.490000000005,4393.690000000005,4637
2026-08-14T18:45:00+00:00,4393.690000000005,4394.080000000005,4387.950000000005,4390.7500000000055,4667
2026-08-14T19:00:00+00:00,4390.7500000000055,4394.330000000005,4389.240000000005,4393.130000000006,3915
2026-08-14T19:15:00+00:00,4393.130000000006,4395.110000000005,4391.220000000006,4394.510000000006,4278
2026-08-14T19:30:00+00:00,4394.510000000006,4395.350000000005,4392.730000000005,4392.780000000005,5755
2026-08-14T19:45:00+00:00,4392.780000000005,4396.990000000005,4390.7100000000055,4393.240000000005,11093
2026-08-14T20:00:00+00:00,4393.240000000005,4393.240000000005,4388.410000000005,4389.850000000005,2659
2026-08-14T20:15:00+00:00,4389.850000000005,4392.060000000005,4389.4200000000055,4391.970000000006,1368
2026-08-14T20:30:00+00:00,4391.970000000006,4393.990000000005,4390.550000000006,4392.780000000005,1483
2026-08-16T22:00:00+00:00,4392.780000000005,4392.780000000005,4382.290000000005,4386.370000000005,6829.2855445682935
2026-08-16T22:15:00+00:00,4386.370000000005,4386.660000000005,4383.700000000005,4385.590000000005,2665
2026-08-16T22:30:00+00:00,4385.590000000005,4390.080000000005,4385.590000000005,4388.830000000005,2542
2026-08-16T22:45:00+00:00,4388.830000000005,4397.820000000005,4388.690000000005,4396.870000000005,3324
2026-08-16T23:00:00+00:00,4396.870000000005,4397.270000000005,4390.410000000005,4390.760000000005,3021
2026-08-16T23:15:00+00:00,4390.760000000005,4392.170000000005,4383.7500000000055,4385.770000000005,3039
2026-08-16T23:30:00+00:00,4385.770000000005,4386.180000000005,4378.050000000005,4379.320000000005,4313
2026-08-16T23:45:00+00:00,4379.320000000005,4384.7500000000055,4379.260000000005,4381.190000000005,4822
2026-08-17T00:00:00+00:00,4381.190000000005,4390.410000000005,4378.920000000005,4389.730000000005,8991
2026-08-17T00:15:00+00:00,4389.730000000005,4401.720000000005,4389.440000000005,4400.700000000005,7378
2026-08-17T00:30:00+00:00,4400.700000000005,4408.170000000005,4398.410000000005,4406.820000000005,6460
2026-08-17T00:45:00+00:00,4406.820000000005,4413.020000000005,4405.350000000005,4411.960000000005,7633
2026-08-17T01:00:00+00:00,4411.960000000005,4422.760000000005,4410.730000000005,4420.060000000005,15610
2026-08-17T01:15:00+00:00,4420.060000000005,4427.310000000005,4417.090000000005,4417.970000000005,12725
2026-08-17T01:30:00+00:00,4417.970000000005,4419.080000000005,4408.550000000005,4414.440000000005,10378
2026-08-17T01:45:00+00:00,4414.440000000005,4415.020000000005,4402.990000000005,4406.580000000005,9326
2026-08-17T02:00:00+00:00,4406.580000000005,4409.290000000005,4403.480000000005,4405.180000000005,8181
2026-08-17T02:15:00+00:00,4405.180000000005,4408.390000000005,4400.800000000005,4406.280000000005,5624
2026-08-17T02:30:00+00:00,4406.280000000005,4408.960000000005,4400.620000000005,4403.990000000005,9315
2026-08-17T02:45:00+00:00,4403.990000000005,4404.290000000005,4399.220000000005,4404.100000000005,6202
2026-08-17T03:00:00+00:00,4404.100000000005,4405.740000000005,4399.630000000005,4401.320000000005,5920
2026-08-17T03:15:00+00:00,4401.320000000005,4404.490000000005,4399.090000000005,4403.990000000005,5720
2026-08-17T03:30:00+00:00,4403.990000000005,4408.010000000005,4402.080000000005,4405.990000000005,4787
2026-08-17T03:45:00+00:00,4405.990000000005,4408.530000000005,4403.830000000005,4407.910000000005,3573
2026-08-17T04:00:00+00:00,4407.910000000005,4410.5000000000055,4407.360000000005,4409.220000000005,4455
2026-08-17T04:15:00+00:00,4409.220000000005,4409.580000000005,4401.160000000005,4401.930000000005,3569
2026-08-17T04:30:00+00:00,4401.930000000005,4407.490000000005,4399.910000000005,4406.580000000005,4111
2026-08-17T04:45:00+00:00,4406.580000000005,4408.770000000005,4400.860000000005,4401.700000000005,3968
2026-08-17T05:00:00+00:00,4401.700000000005,4404.190000000005,4397.950000000005,4398.620000000005,4734
2026-08-17T05:15:00+00:00,4398.620000000005,4410.440000000005,4397.860000000005,4410.360000000005,5021
2026-08-17T05:30:00+00:00,4410.360000000005,4412.170000000005,4403.080000000005,4406.680000000005,10191
2026-08-17T05:45:00+00:00,4406.680000000005,4408.450000000005,4403.290000000005,4405.660000000005,7205
2026-08-17T06:00:00+00:00,4405.660000000005,4409.0000000000055,4403.690000000005,4407.860000000005,7830
2026-08-17T06:15:00+00:00,4407.860000000005,4411.040000000005,4403.760000000005,4409.330000000005,7898
2026-08-17T06:30:00+00:00,4409.330000000005,4409.590000000005,4404.540000000005,4407.080000000005,6183
2026-08-17T06:45:00+00:00,4407.080000000005,4415.470000000005,4407.080000000005,4413.970000000005,6563
2026-08-17T07:00:00+00:00,4413.970000000005,4414.910000000005,4406.910000000005,4407.320000000005,6723
2026-08-17T07:15:00+00:00,4407.320000000005,4416.160000000005,4407.080000000005,4416.020000000005,6418
2026-08-17T07:30:00+00:00,4416.020000000005,4422.170000000005,4415.5000000000055,4420.180000000005,7081
2026-08-17T07:45:00+00:00,4420.180000000005,4420.810000000005,4414.390000000005,4416.190000000005,4457
2026-08-17T08:00:00+00:00,4416.190000000005,4416.190000000005,4408.560000000005,4413.770000000005,6142
2026-08-17T08:15:00+00:00,4413.770000000005,4414.630000000005,4411.2500000000055,4412.620000000005,4266
2026-08-17T08:30:00+00:00,4412.620000000005,4413.050000000005,4406.900000000005,4407.230000000005,4367
2026-08-17T08:45:00+00:00,4407.230000000005,4407.790000000005,4403.480000000005,4406.060000000005,4703
2026-08-17T09:00:00+00:00,4406.060000000005,4411.5000000000055,4404.230000000005,4410.040000000005,4751
2026-08-17T09:15:00+00:00,4410.040000000005,4410.850000000005,4406.420000000005,4407.7500000000055,4506
2026-08-17T09:30:00+00:00,4407.7500000000055,4408.460000000005,4404.460000000005,4405.260000000005,4720
2026-08-17T09:45:00+00:00,4405.260000000005,4406.780000000005,4403.540000000005,4406.480000000005,4420
2026-08-17T10:00:00+00:00,4406.480000000005,4407.310000000005,4404.160000000005,4406.880000000005,3773
2026-08-17T10:15:00+00:00,4406.880000000005,4416.410000000005,4402.880000000005,4416.320000000005,6956
2026-08-17T10:30:00+00:00,4416.320000000005,4416.740000000005,4406.320000000005,4409.120000000005,9700
2026-08-17T10:45:00+00:00,4409.120000000005,4410.440000000005,4407.210000000005,4409.950000000005,3964
2026-08-17T11:00:00+00:00,4409.950000000005,4414.890000000005,4408.880000000005,4410.680000000005,5238
2026-08-17T11:15:00+00:00,4410.680000000005,4415.560000000005,4407.940000000005,4414.430000000005,5115
2026-08-17T11:30:00+00:00,4414.430000000005,4415.780000000005,4410.190000000005,4410.480000000005,5047
2026-08-17T11:45:00+00:00,4410.480000000005,4411.620000000005,4406.430000000005,4407.730000000005,4392
2026-08-17T12:00:00+00:00,4407.730000000005,4408.440000000005,4402.600000000005,4404.770000000005,7612
2026-08-17T12:15:00+00:00,4404.770000000005,4409.720000000005,4393.190000000005,4396.430000000005,10637
2026-08-17T12:30:00+00:00,4396.430000000005,4401.050000000005,4389.380000000005,4389.380000000005,10458
2026-08-17T12:45:00+00:00,4389.380000000005,4397.290000000005,4388.170000000005,4395.830000000005,8267
2026-08-17T13:00:00+00:00,4395.830000000005,4400.540000000005,4392.800000000005,4397.2500000000055,12811
2026-08-17T13:15:00+00:00,4397.2500000000055,4399.940000000005,4393.330000000005,4397.200000000005,9002
2026-08-17T13:30:00+00:00,4397.200000000005,4402.910000000005,4395.720000000005,4396.800000000005,23870
2026-08-17T13:45:00+00:00,4396.800000000005,4426.950000000005,4395.630000000005,4419.690000000005,27542
2026-08-17T14:00:00+00:00,4419.690000000005,4423.630000000005,4414.740000000005,4423.180000000005,23561
2026-08-17T14:15:00+00:00,4423.180000000005,4438.400000000005,4422.730000000005,4428.990000000005,21418
2026-08-17T14:30:00+00:00,4428.990000000005,4435.540000000005,4427.290000000005,4428.300000000005,14999
2026-08-17T14:45:00+00:00,4428.300000000005,4431.990000000005,4425.050000000005,4428.280000000005,15925
2026-08-17T15:00:00+00:00,4428.280000000005,4433.230000000005,4426.260000000005,4432.280000000005,13016
2026-08-17T15:15:00+00:00,4432.280000000005,4436.920000000005,4430.530000000005,4436.480000000005,14747
2026-08-17T15:30:00+00:00,4436.480000000005,4437.410000000005,4429.990000000005,4430.210000000005,13146
2026-08-17T15:45:00+00:00,4430.210000000005,4438.790000000005,4428.650000000005,4438.560000000005,9448
2026-08-17T16:00:00+00:00,4438.560000000005,4439.740000000005,4434.930000000005,4436.980000000005,8521
2026-08-17T16:15:00+00:00,4436.980000000005,4438.640000000005,4433.690000000005,4435.600000000005,8086
2026-08-17T16:30:00+00:00,4435.600000000005,4437.820000000005,4433.590000000005,4435.490000000005,6116
2026-08-17T16:45:00+00:00,4435.490000000005,4436.5000000000055,4433.5000000000055,4435.130000000005,5773
2026-08-17T17:00:00+00:00,4435.130000000005,4437.040000000005,4432.110000000005,4433.720000000005,8703
2026-08-17T17:15:00+00:00,4433.720000000005,4434.130000000005,4424.400000000005,4427.460000000005,10875
2026-08-17T17:30:00+00:00,4427.460000000005,4429.280000000005,4422.200000000005,4428.390000000005,8729
2026-08-17T17:45:00+00:00,4428.390000000005,4431.380000000005,4424.120000000005,4424.650000000005,6401
2026-08-17T18:00:00+00:00,4424.650000000005,4425.350000000005,4421.180000000005,4424.610000000005,8342
2026-08-17T18:15:00+00:00,4424.610000000005,4427.010000000005,4415.850000000005,4417.190000000005,9167
2026-08-17T18:30:00+00:00,4417.190000000005,4417.820000000005,4409.260000000005,4412.210000000005,8453
2026-08-17T18:45:00+00:00,4412.210000000005,4418.360000000005,4411.010000000005,4417.520000000005,6267
2026-08-17T19:00:00+00:00,4417.520000000005,4419.520000000005,4411.130000000005,4419.480000000005,7869
2026-08-17T19:15:00+00:00,4419.480000000005,4428.430000000005,4419.420000000005,4425.430000000005,10127
2026-08-17T19:30:00+00:00,4425.430000000005,4431.370000000005,4425.030000000005,4430.390000000005,8323
2026-08-17T19:45:00+00:00,4430.390000000005,4431.920000000005,4427.530000000005,4430.890000000005,11187
2026-08-17T20:00:00+00:00,4430.890000000005,4432.350000000005,4427.550000000005,4428.640000000005,2387
2026-08-17T20:15:00+00:00,4428.640000000005,4428.960000000005,4425.720000000005,4425.970000000005,1154
2026-08-17T20:30:00+00:00,4425.970000000005,4426.820000000005,4425.450000000005,4426.350000000005,1421
2026-08-17T20:45:00+00:00,4426.350000000005,4428.120000000005,4425.900000000005,4426.840000000005,1533
2026-08-17T22:00:00+00:00,4426.840000000005,4430.650000000005,4426.840000000005,4429.050000000006,2272.773524209879
2026-08-17T22:15:00+00:00,4429.050000000006,4429.650000000005,4424.380000000006,4424.870000000005,2054
2026-08-17T22:30:00+00:00,4424.870000000005,4428.020000000005,4424.020000000005,4427.120000000005,2234
2026-08-17T22:45:00+00:00,4427.120000000005,4428.520000000005,4422.780000000005,4424.060000000005,1912
2026-08-17T23:00:00+00:00,4424.060000000005,4427.270000000005,4422.010000000006,4427.2100000000055,2078
2026-08-17T23:15:00+00:00,4427.2100000000055,4434.150000000005,4427.2100000000055,4432.730000000005,2947
2026-08-17T23:30:00+00:00,4432.730000000005,4435.1700000000055,4432.390000000005,4434.900000000005,3245
2026-08-17T23:45:00+00:00,4434.900000000005,4438.390000000005,4433.930000000006,4438.280000000005,4748
2026-08-18T00:00:00+00:00,4438.280000000005,4441.650000000005,4431.390000000005,4434.070000000005,8370
2026-08-18T00:15:00+00:00,4434.070000000005,4444.070000000005,4433.190000000005,4443.900000000005,9660
2026-08-18T00:30:00+00:00,4443.900000000005,4445.770000000005,4440.730000000005,4441.800000000006,5901
2026-08-18T00:45:00+00:00,4441.800000000006,4447.350000000005,4440.840000000006,4447.190000000005,5647
2026-08-18T01:00:00+00:00,4447.190000000005,4448.550000000006,4440.870000000005,4441.430000000006,14497
2026-08-18T01:15:00+00:00,4441.430000000006,4443.080000000005,4432.590000000006,4437.260000000006,10222
2026-08-18T01:30:00+00:00,4437.260000000006,4438.490000000005,4424.150000000005,4424.150000000005,8810
2026-08-18T01:45:00+00:00,4424.150000000005,4424.540000000005,4416.610000000005,4420.320000000005,15225
2026-08-18T02:00:00+00:00,4420.320000000005,4420.470000000006,4410.940000000005,4413.4600000000055,10941
2026-08-18T02:15:00+00:00,4413.4600000000055,4417.840000000006,4412.760000000006,4414.810000000005,6573
2026-08-18T02:30:00+00:00,4414.810000000005,4415.020000000005,4406.400000000005,4407.280000000005,10496
2026-08-18T02:45:00+00:00,4407.280000000005,4412.9200000000055,4406.7100000000055,4412.310000000005,7647
2026-08-18T03:00:00+00:00,4412.310000000005,4416.380000000006,4411.140000000005,4413.810000000005,7726
2026-08-18T03:15:00+00:00,4413.810000000005,4414.430000000006,4406.680000000006,4409.630000000006,6867
2026-08-18T03:30:00+00:00,4409.630000000006,4409.630000000006,4406.910000000005,4407.2100000000055,4987
2026-08-18T03:45:00+00:00,4407.2100000000055,4407.430000000006,4402.940000000005,4404.230000000005,4743
2026-08-18T04:00:00+00:00,4404.230000000005,4405.220000000006,4402.370000000005,4404.720000000006,4345
2026-08-18T04:15:00+00:00,4404.720000000006,4406.110000000005,4403.1700000000055,4404.810000000005,3727
2026-08-18T04:30:00+00:00,4404.810000000005,4406.720000000006,4401.470000000006,4405.990000000005,4761
2026-08-18T04:45:00+00:00,4405.990000000005,4407.870000000005,4404.590000000006,4406.050000000006,3455
2026-08-18T05:00:00+00:00,4406.050000000006,4406.530000000005,4403.200000000005,4403.7100000000055,5041
2026-08-18T05:15:00+00:00,4403.7100000000055,4408.370000000005,4403.620000000005,4403.760000000006,3955
2026-08-18T05:30:00+00:00,4403.760000000006,4406.530000000005,4398.4200000000055,4406.110000000005,10271
2026-08-18T05:45:00+00:00,4406.110000000005,4409.940000000005,4405.450000000005,4406.6700000000055,6741
2026-08-18T06:00:00+00:00,4406.6700000000055,4407.600000000005,4400.020000000005,4407.590000000006,8405
2026-08-18T06:15:00+00:00,4407.590000000006,4412.160000000005,4405.900000000005,4411.830000000005,6078
2026-08-18T06:30:00+00:00,4411.830000000005,4412.550000000006,4407.490000000005,4409.650000000005,5154
2026-08-18T06:45:00+00:00,4409.650000000005,4411.680000000006,4409.630000000006,4411.100000000005,4852
2026-08-18T07:00:00+00:00,4411.100000000005,4413.040000000005,4409.100000000005,4409.930000000006,6445
2026-08-18T07:15:00+00:00,4409.930000000006,4415.740000000005,4409.780000000005,4415.510000000006,4770
2026-08-18T07:30:00+00:00,4415.510000000006,4415.980000000005,4408.730000000005,4413.800000000006,6070
2026-08-18T07:45:00+00:00,4413.800000000006,4415.0000000000055,4407.770000000005,4407.950000000005,4920
2026-08-18T08:00:00+00:00,4407.950000000005,4408.5000000000055,4400.320000000005,4404.930000000006,8155
2026-08-18T08:15:00+00:00,4404.930000000006,4405.780000000005,4399.200000000005,4401.770000000005,6419
2026-08-18T08:30:00+00:00,4401.770000000005,4410.980000000005,4401.600000000005,4409.0000000000055,5873
2026-08-18T08:45:00+00:00,4409.0000000000055,4409.220000000006,4403.950000000005,4405.630000000006,4539
2026-08-18T09:00:00+00:00,4405.630000000006,4406.270000000005,4403.4200000000055,4405.070000000005,5579
2026-08-18T09:15:00+00:00,4405.070000000005,4405.160000000005,4400.890000000005,4401.680000000006,5711
2026-08-18T09:30:00+00:00,4401.680000000006,4407.300000000006,4399.700000000005,4400.870000000005,6214
2026-08-18T09:45:00+00:00,4400.870000000005,4407.300000000006,4399.340000000006,4405.6700000000055,5010
2026-08-18T10:00:00+00:00,4405.6700000000055,4408.110000000005,4404.660000000005,4406.790000000005,4760
2026-08-18T10:15:00+00:00,4406.790000000005,4408.560000000005,4402.080000000005,4404.400000000005,4234
2026-08-18T10:30:00+00:00,4404.400000000005,4410.980000000005,4403.990000000005,4410.980000000005,4023
2026-08-18T10:45:00+00:00,4410.980000000005,4411.980000000005,4408.770000000005,4409.990000000005,3736
2026-08-18T11:00:00+00:00,4409.990000000005,4411.040000000005,4404.350000000005,4405.880000000006,4675
2026-08-18T11:15:00+00:00,4405.880000000006,4407.060000000005,4402.120000000005,4402.4600000000055,4443
2026-08-18T11:30:00+00:00,4402.4600000000055,4404.870000000005,4400.9600000000055,4403.220000000006,5072
2026-08-18T11:45:00+00:00,4403.220000000006,4409.150000000005,4402.1700000000055,4408.320000000005,4537
2026-08-18T12:00:00+00:00,4408.320000000005,4409.440000000005,4402.350000000005,4405.550000000006,7898
2026-08-18T12:15:00+00:00,4405.550000000006,4413.220000000006,4403.9200000000055,4407.700000000005,8081
2026-08-18T12:30:00+00:00,4407.700000000005,4410.400000000005,4403.5000000000055,4404.520000000005,7293
2026-08-18T12:45:00+00:00,4404.520000000005,4409.370000000005,4403.230000000005,4406.580000000005,6919
2026-08-18T13:00:00+00:00,4406.580000000005,4409.740000000005,4400.7500000000055,4408.120000000005,12498
2026-08-18T13:15:00+00:00,4408.120000000005,4408.410000000005,4400.5000000000055,4401.380000000006,12206
2026-08-18T13:30:00+00:00,4401.380000000006,4418.850000000005,4388.480000000005,4413.490000000005,37295
2026-08-18T13:45:00+00:00,4413.490000000005,4414.610000000005,4401.850000000005,4406.9600000000055,26647
2026-08-18T14:00:00+00:00,4406.9600000000055,4418.7500000000055,4403.510000000006,4405.550000000006,24655
2026-08-18T14:15:00+00:00,4405.550000000006,4417.510000000006,4404.7100000000055,4406.470000000006,19071
2026-08-18T14:30:00+00:00,4406.470000000006,4408.7100000000055,4390.110000000005,4392.040000000005,26045
2026-08-18T14:45:00+00:00,4392.040000000005,4401.070000000005,4376.110000000005,4379.0000000000055,26593
2026-08-18T15:00:00+00:00,4379.0000000000055,4389.950000000005,4370.910000000005,4372.290000000005,34121
2026-08-18T15:15:00+00:00,4372.290000000005,4377.580000000005,4363.950000000005,4367.370000000005,29061
2026-08-18T15:30:00+00:00,4367.370000000005,4374.640000000005,4366.880000000006,4371.060000000005,24222
2026-08-18T15:45:00+00:00,4371.060000000005,4378.900000000005,4371.060000000005,4377.230000000005,13707
2026-08-18T16:00:00+00:00,4377.230000000005,4384.060000000005,4377.1700000000055,4380.060000000005,12540
2026-08-18T16:15:00+00:00,4380.060000000005,4382.040000000005,4375.890000000005,4376.520000000005,11969
2026-08-18T16:30:00+00:00,4376.520000000005,4380.950000000005,4375.080000000005,4379.7500000000055,11848
2026-08-18T16:45:00+00:00,4379.7500000000055,4381.160000000005,4375.410000000005,4376.220000000006,10554
2026-08-18T17:00:00+00:00,4376.220000000006,4379.480000000005,4375.9600000000055,4379.200000000005,11486
2026-08-18T17:15:00+00:00,4379.200000000005,4380.540000000005,4375.430000000006,4377.770000000005,11826
2026-08-18T17:30:00+00:00,4377.770000000005,4378.510000000006,4370.970000000006,4370.970000000006,10560
2026-08-18T17:45:00+00:00,4370.970000000006,4372.780000000005,4368.980000000005,4370.050000000006,8897
2026-08-18T18:00:00+00:00,4370.050000000006,4370.490000000005,4365.020000000005,4370.130000000006,8145
2026-08-18T18:15:00+00:00,4370.130000000006,4373.380000000006,4368.020000000005,4372.610000000005,6813
2026-08-18T18:30:00+00:00,4372.610000000005,4372.970000000006,4365.800000000006,4366.630000000006,5776
2026-08-18T18:45:00+00:00,4366.630000000006,4368.390000000005,4365.220000000006,4366.650000000005,4909
2026-08-18T19:00:00+00:00,4366.650000000005,4370.5000000000055,4366.480000000005,4369.370000000005,5057
2026-08-18T19:15:00+00:00,4369.370000000005,4371.060000000005,4364.810000000005,4367.180000000006,5343
2026-08-18T19:30:00+00:00,4367.180000000006,4370.130000000006,4362.110000000005,4362.110000000005,6367
2026-08-18T19:45:00+00:00,4362.110000000005,4365.640000000005,4350.870000000005,4357.950000000005,17281
2026-08-18T20:00:00+00:00,4357.950000000005,4358.740000000005,4353.010000000006,4354.240000000005,3631
2026-08-18T20:15:00+00:00,4354.240000000005,4354.520000000005,4345.930000000006,4350.2500000000055,3534
2026-08-18T20:30:00+00:00,4350.2500000000055,4351.950000000005,4344.020000000005,4344.690000000005,2608
2026-08-18T20:45:00+00:00,4344.690000000005,4347.740000000005,4341.380000000006,4346.550000000006,4023
2026-08-18T22:00:00+00:00,4346.550000000006,4358.200000000006,4346.540000000006,4354.500000000006,2150.1443792445725
2026-08-18T22:15:00+00:00,4354.500000000006,4356.200000000006,4348.010000000006,4350.600000000006,4645
2026-08-18T22:30:00+00:00,4350.600000000006,4350.850000000006,4347.140000000006,4348.380000000006,2988
2026-08-18T22:45:00+00:00,4348.380000000006,4350.190000000006,4347.710000000006,4348.530000000006,2207
2026-08-18T23:00:00+00:00,4348.530000000006,4352.950000000006,4347.030000000006,4348.450000000006,3265
2026-08-18T23:15:00+00:00,4348.450000000006,4351.990000000006,4344.710000000006,4345.120000000006,3965
2026-08-18T23:30:00+00:00,4345.120000000006,4347.280000000006,4341.630000000006,4344.410000000006,4175
2026-08-18T23:45:00+00:00,4344.410000000006,4348.860000000006,4344.140000000006,4347.640000000006,5717
2026-08-19T00:00:00+00:00,4347.640000000006,4359.480000000006,4346.080000000006,4357.530000000006,12138
2026-08-19T00:15:00+00:00,4357.530000000006,4360.970000000006,4353.790000000006,4357.540000000006,10241
2026-08-19T00:30:00+00:00,4357.540000000006,4361.830000000006,4354.350000000006,4358.200000000006,8982
2026-08-19T00:45:00+00:00,4358.200000000006,4359.350000000006,4351.760000000006,4352.590000000006,10514
2026-08-19T01:00:00+00:00,4352.590000000006,4358.580000000006,4339.120000000006,4358.500000000006,22523
2026-08-19T01:15:00+00:00,4358.500000000006,4360.940000000006,4347.660000000006,4356.900000000006,14294
2026-08-19T01:30:00+00:00,4356.900000000006,4372.210000000006,4356.900000000006,4370.110000000006,10546
2026-08-19T01:45:00+00:00,4370.110000000006,4371.330000000006,4365.250000000006,4371.100000000006,8211
2026-08-19T02:00:00+00:00,4371.100000000006,4371.860000000006,4366.300000000006,4368.180000000006,7121
2026-08-19T02:15:00+00:00,4368.180000000006,4376.580000000006,4367.210000000006,4374.270000000006,7713
2026-08-19T02:30:00+00:00,4374.270000000006,4374.800000000006,4368.850000000006,4369.880000000006,8434
2026-08-19T02:45:00+00:00,4369.880000000006,4371.900000000006,4366.140000000006,4369.610000000006,6476
2026-08-19T03:00:00+00:00,4369.610000000006,4370.710000000006,4366.580000000006,4369.100000000006,5861
2026-08-19T03:15:00+00:00,4369.100000000006,4372.500000000006,4366.500000000006,4371.610000000006,5406
2026-08-19T03:30:00+00:00,4371.610000000006,4374.930000000006,4370.510000000006,4373.110000000006,3613
2026-08-19T03:45:00+00:00,4373.110000000006,4373.430000000006,4369.4200000000055,4369.590000000006,2544
2026-08-19T04:00:00+00:00,4369.590000000006,4370.770000000006,4367.740000000006,4369.330000000006,2684
2026-08-19T04:15:00+00:00,4369.330000000006,4369.630000000006,4364.6700000000055,4365.780000000006,4197
2026-08-19T04:30:00+00:00,4365.780000000006,4366.680000000006,4359.630000000006,4361.1700000000055,4156
2026-08-19T04:45:00+00:00,4361.1700000000055,4363.120000000006,4358.400000000006,4363.080000000006,3962
2026-08-19T05:00:00+00:00,4363.080000000006,4365.300000000006,4353.410000000006,4353.530000000006,5362
2026-08-19T05:15:00+00:00,4353.530000000006,4359.950000000006,4351.270000000006,4359.910000000006,4694
2026-08-19T05:30:00+00:00,4359.910000000006,4360.030000000006,4351.410000000006,4356.890000000006,11670
2026-08-19T05:45:00+00:00,4356.890000000006,4356.890000000006,4349.810000000006,4350.230000000006,8100
2026-08-19T06:00:00+00:00,4350.230000000006,4356.430000000006,4349.970000000006,4352.090000000006,8357
2026-08-19T06:15:00+00:00,4352.090000000006,4362.870000000006,4351.570000000006,4357.860000000006,7998
2026-08-19T06:30:00+00:00,4357.860000000006,4360.300000000006,4351.700000000006,4356.500000000006,7290
2026-08-19T06:45:00+00:00,4356.500000000006,4364.000000000006,4355.430000000006,4363.710000000006,7344
2026-08-19T07:00:00+00:00,4363.710000000006,4368.150000000006,4362.060000000006,4365.150000000006,5242
2026-08-19T07:15:00+00:00,4365.150000000006,4371.600000000006,4362.070000000006,4371.320000000006,4673
2026-08-19T07:30:00+00:00,4371.320000000006,4377.770000000006,4367.360000000006,4369.100000000006,4329
2026-08-19T07:45:00+00:00,4369.100000000006,4372.380000000006,4368.890000000006,4369.430000000006,3344
2026-08-19T08:00:00+00:00,4369.430000000006,4377.290000000006,4365.6700000000055,4376.240000000006,5841
2026-08-19T08:15:00+00:00,4376.240000000006,4377.100000000006,4371.950000000006,4375.700000000006,4525
2026-08-19T08:30:00+00:00,4375.700000000006,4377.540000000006,4371.140000000006,4377.110000000006,5856
2026-08-19T08:45:00+00:00,4377.110000000006,4377.660000000006,4369.380000000006,4370.290000000006,4499
2026-08-19T09:00:00+00:00,4370.290000000006,4374.430000000006,4369.6700000000055,4370.980000000006,6126
2026-08-19T09:15:00+00:00,4370.980000000006,4372.040000000006,4368.100000000006,4371.1700000000055,5888
2026-08-19T09:30:00+00:00,4371.1700000000055,4375.630000000006,4370.100000000006,4373.320000000006,5145
2026-08-19T09:45:00+00:00,4373.320000000006,4376.620000000006,4372.730000000006,4376.550000000006,4937
2026-08-19T10:00:00+00:00,4376.550000000006,4378.770000000006,4374.180000000006,4378.250000000006,5612
2026-08-19T10:15:00+00:00,4378.250000000006,4383.720000000006,4378.150000000006,4383.310000000006,5456
2026-08-19T10:30:00+00:00,4383.310000000006,4384.030000000006,4380.430000000006,4382.640000000006,4249
2026-08-19T10:45:00+00:00,4382.640000000006,4384.120000000006,4380.830000000006,4381.970000000006,3884
2026-08-19T11:00:00+00:00,4381.970000000006,4388.610000000006,4381.970000000006,4387.860000000006,7251
2026-08-19T11:15:00+00:00,4387.860000000006,4388.700000000006,4383.460000000006,4385.450000000006,5104
2026-08-19T11:30:00+00:00,4385.450000000006,4386.380000000006,4377.850000000006,4378.240000000006,6012
2026-08-19T11:45:00+00:00,4378.240000000006,4382.210000000006,4378.120000000006,4379.300000000006,5067
2026-08-19T12:00:00+00:00,4379.300000000006,4385.340000000006,4376.680000000006,4382.930000000006,8171
2026-08-19T12:15:00+00:00,4382.930000000006,4388.180000000006,4380.850000000006,4383.9200000000055,9132
2026-08-19T12:30:00+00:00,4383.9200000000055,4434.960000000006,4383.260000000006,4432.120000000006,37232
2026-08-19T12:45:00+00:00,4432.120000000006,4456.810000000006,4426.130000000006,4453.310000000006,33956
2026-08-19T13:00:00+00:00,4453.310000000006,4475.250000000006,4439.050000000006,4470.690000000006,32119
2026-08-19T13:15:00+00:00,4470.690000000006,4478.820000000006,4469.640000000006,4472.580000000006,22293
2026-08-19T13:30:00+00:00,4472.580000000006,4480.900000000006,4457.120000000006,4475.310000000006,41779
2026-08-19T13:45:00+00:00,4475.310000000006,4477.9200000000055,4459.700000000006,4474.310000000006,37809
2026-08-19T14:00:00+00:00,4474.310000000006,4490.150000000006,4469.850000000006,4488.590000000006,36995
2026-08-19T14:15:00+00:00,4488.590000000006,4502.080000000006,4485.000000000006,4500.880000000006,35400
2026-08-19T14:30:00+00:00,4500.880000000006,4513.250000000006,4498.480000000006,4504.120000000006,26372
2026-08-19T14:45:00+00:00,4504.120000000006,4504.250000000006,4492.890000000006,4502.860000000006,20146
2026-08-19T15:00:00+00:00,4502.860000000006,4502.990000000006,4494.440000000006,4499.520000000006,19063
2026-08-19T15:15:00+00:00,4499.520000000006,4502.690000000006,4492.980000000006,4498.470000000006,20536
2026-08-19T15:30:00+00:00,4498.470000000006,4507.120000000006,4494.940000000006,4504.860000000006,18841
2026-08-19T15:45:00+00:00,4504.860000000006,4508.660000000006,4503.190000000006,4508.560000000006,14847
2026-08-19T16:00:00+00:00,4508.560000000006,4513.720000000006,4505.700000000006,4512.360000000006,13075
2026-08-19T16:15:00+00:00,4512.360000000006,4514.010000000006,4505.400000000006,4505.890000000006,12760
2026-08-19T16:30:00+00:00,4505.890000000006,4510.980000000006,4505.350000000006,4509.840000000006,12210
2026-08-19T16:45:00+00:00,4509.840000000006,4512.550000000006,4508.000000000006,4508.000000000006,13511
2026-08-19T17:00:00+00:00,4508.000000000006,4513.760000000006,4503.6700000000055,4507.340000000006,17176
2026-08-19T17:15:00+00:00,4507.340000000006,4507.360000000006,4500.830000000006,4502.600000000006,12088
2026-08-19T17:30:00+00:00,4502.600000000006,4506.220000000006,4498.950000000006,4503.270000000006,11211
2026-08-19T17:45:00+00:00,4503.270000000006,4504.020000000006,4499.030000000006,4501.220000000006,7930
2026-08-19T18:00:00+00:00,4501.220000000006,4511.120000000006,4499.940000000006,4502.440000000006,14894
2026-08-19T18:15:00+00:00,4502.440000000006,4502.440000000006,4487.450000000006,4489.900000000006,12056
2026-08-19T18:30:00+00:00,4489.900000000006,4506.460000000006,4486.730000000006,4504.9200000000055,15231
2026-08-19T18:45:00+00:00,4504.9200000000055,4511.430000000006,4504.090000000006,4509.810000000006,9139
2026-08-19T19:00:00+00:00,4509.810000000006,4520.190000000006,4509.150000000006,4517.870000000006,14968
2026-08-19T19:15:00+00:00,4517.870000000006,4522.440000000006,4517.300000000006,4522.230000000006,12020
2026-08-19T19:30:00+00:00,4522.230000000006,4525.230000000006,4517.450000000006,4521.730000000006,13036
2026-08-19T19:45:00+00:00,4521.730000000006,4526.930000000006,4520.050000000006,4525.880000000006,20474
2026-08-19T20:00:00+00:00,4525.880000000006,4526.590000000006,4519.730000000006,4521.500000000006,4160
2026-08-19T20:15:00+00:00,4521.500000000006,4536.280000000006,4521.130000000006,4533.350000000006,4481
2026-08-19T20:30:00+00:00,4533.350000000006,4538.300000000006,4532.640000000006,4534.140000000006,3407
2026-08-19T20:45:00+00:00,4534.140000000006,4538.960000000006,4534.090000000006,4536.650000000006,3861
2026-08-19T22:00:00+00:00,4536.650000000006,4546.260000000007,4536.650000000006,4538.910000000006,7107.421817545088
2026-08-19T22:15:00+00:00,4538.910000000006,4540.210000000006,4537.800000000007,4539.640000000007,2695
2026-08-19T22:30:00+00:00,4539.640000000007,4540.690000000006,4536.350000000007,4537.220000000007,3132
2026-08-19T22:45:00+00:00,4537.220000000007,4540.3800000000065,4535.010000000007,4537.550000000007,2648
2026-08-19T23:00:00+00:00,4537.550000000007,4542.440000000006,4536.030000000006,4538.150000000006,4285
2026-08-19T23:15:00+00:00,4538.150000000006,4538.910000000006,4534.180000000007,4536.390000000007,2710
2026-08-19T23:30:00+00:00,4536.390000000007,4536.930000000007,4532.360000000006,4533.100000000007,2794
2026-08-19T23:45:00+00:00,4533.100000000007,4536.140000000007,4530.050000000007,4530.400000000006,3639
2026-08-20T00:00:00+00:00,4530.400000000006,4537.3400000000065,4528.910000000006,4534.860000000006,12401
2026-08-20T00:15:00+00:00,4534.860000000006,4539.530000000006,4527.240000000006,4529.200000000006,9758
2026-08-20T00:30:00+00:00,4529.200000000006,4532.010000000007,4522.730000000006,4524.940000000006,7004
2026-08-20T00:45:00+00:00,4524.940000000006,4529.110000000006,4522.660000000006,4523.3400000000065,8277
2026-08-20T01:00:00+00:00,4523.3400000000065,4528.450000000006,4510.410000000006,4512.030000000006,19337
2026-08-20T01:15:00+00:00,4512.030000000006,4522.120000000006,4511.8800000000065,4519.1300000000065,13856
2026-08-20T01:30:00+00:00,4519.1300000000065,4519.940000000006,4512.030000000006,4512.560000000007,15287
2026-08-20T01:45:00+00:00,4512.560000000007,4514.250000000006,4503.060000000007,4508.490000000006,11261
2026-08-20T02:00:00+00:00,4508.490000000006,4518.460000000006,4507.410000000006,4516.470000000007,13241
2026-08-20T02:15:00+00:00,4516.470000000007,4516.490000000006,4507.990000000006,4511.520000000006,6321
2026-08-20T02:30:00+00:00,4511.520000000006,4513.430000000007,4508.920000000006,4509.280000000006,8908
2026-08-20T02:45:00+00:00,4509.280000000006,4513.350000000007,4507.620000000006,4509.470000000007,6949
2026-08-20T03:00:00+00:00,4509.470000000007,4515.760000000007,4506.710000000006,4511.540000000006,7844
2026-08-20T03:15:00+00:00,4511.540000000006,4515.270000000006,4509.160000000006,4512.150000000006,6599
2026-08-20T03:30:00+00:00,4512.150000000006,4517.350000000007,4510.990000000006,4516.530000000006,5067
2026-08-20T03:45:00+00:00,4516.530000000006,4519.850000000007,4515.3800000000065,4517.430000000007,4567
2026-08-20T04:00:00+00:00,4517.430000000007,4517.910000000006,4513.890000000007,4515.190000000006,4370
2026-08-20T04:15:00+00:00,4515.190000000006,4515.910000000006,4508.370000000006,4508.510000000007,4189
2026-08-20T04:30:00+00:00,4508.510000000007,4509.510000000007,4505.010000000007,4505.870000000006,4591
2026-08-20T04:45:00+00:00,4505.870000000006,4510.360000000006,4505.610000000006,4507.180000000007,3883
2026-08-20T05:00:00+00:00,4507.180000000007,4512.770000000006,4502.890000000007,4504.140000000007,5037
2026-08-20T05:15:00+00:00,4504.140000000007,4505.720000000007,4501.900000000006,4501.940000000006,5215
2026-08-20T05:30:00+00:00,4501.940000000006,4504.850000000007,4496.700000000006,4499.500000000006,9045
2026-08-20T05:45:00+00:00,4499.500000000006,4501.930000000007,4496.660000000006,4500.050000000007,6633
2026-08-20T06:00:00+00:00,4500.050000000007,4512.120000000006,4498.720000000007,4511.480000000006,7714
2026-08-20T06:15:00+00:00,4511.480000000006,4514.660000000006,4510.530000000006,4512.910000000006,6606
2026-08-20T06:30:00+00:00,4512.910000000006,4514.060000000007,4510.3800000000065,4510.990000000006,5572
2026-08-20T06:45:00+00:00,4510.990000000006,4514.000000000006,4509.900000000006,4512.470000000007,6080
2026-08-20T07:00:00+00:00,4512.470000000007,4512.470000000007,4505.920000000006,4506.570000000006,7659
2026-08-20T07:15:00+00:00,4506.570000000006,4509.1300000000065,4502.390000000007,4502.680000000007,5689
2026-08-20T07:30:00+00:00,4502.680000000007,4512.160000000006,4502.180000000007,4509.940000000006,7345
2026-08-20T07:45:00+00:00,4509.940000000006,4512.390000000007,4507.020000000006,4509.6300000000065,5770
2026-08-20T08:00:00+00:00,4509.6300000000065,4513.930000000007,4509.390000000007,4513.1300000000065,8820
2026-08-20T08:15:00+00:00,4513.1300000000065,4517.390000000007,4508.8400000000065,4509.820000000006,7165
2026-08-20T08:30:00+00:00,4509.820000000006,4514.070000000006,4505.640000000007,4509.330000000006,8121
2026-08-20T08:45:00+00:00,4509.330000000006,4510.780000000006,4506.330000000006,4508.050000000007,6104
2026-08-20T09:00:00+00:00,4508.050000000007,4512.920000000006,4507.200000000006,4511.060000000007,6410
2026-08-20T09:15:00+00:00,4511.060000000007,4512.620000000006,4506.890000000007,4508.690000000006,5504
2026-08-20T09:30:00+00:00,4508.690000000006,4509.360000000006,4503.280000000006,4507.960000000006,6160
2026-08-20T09:45:00+00:00,4507.960000000006,4507.960000000006,4500.570000000006,4501.430000000007,6335
2026-08-20T10:00:00+00:00,4501.430000000007,4510.030000000006,4499.490000000006,4509.280000000006,6108
2026-08-20T10:15:00+00:00,4509.280000000006,4512.920000000006,4505.150000000006,4512.560000000007,5511
2026-08-20T10:30:00+00:00,4512.560000000007,4513.540000000006,4508.790000000006,4509.8800000000065,5637
2026-08-20T10:45:00+00:00,4509.8800000000065,4509.930000000007,4506.260000000007,4508.860000000006,4148
2026-08-20T11:00:00+00:00,4508.860000000006,4510.020000000006,4501.660000000006,4504.100000000007,7269
2026-08-20T11:15:00+00:00,4504.100000000007,4508.440000000006,4499.870000000006,4502.940000000006,6451
2026-08-20T11:30:00+00:00,4502.940000000006,4505.660000000006,4492.990000000006,4493.420000000006,8561
2026-08-20T11:45:00+00:00,4493.420000000006,4494.430000000007,4484.170000000006,4485.710000000006,12926
2026-08-20T12:00:00+00:00,4485.710000000006,4486.0900000000065,4469.3400000000065,4481.180000000007,20036
2026-08-20T12:15:00+00:00,4481.180000000007,4486.640000000007,4475.720000000007,4477.720000000007,15761
2026-08-20T12:30:00+00:00,4477.720000000007,4485.800000000007,4469.8800000000065,4485.410000000006,15544
2026-08-20T12:45:00+00:00,4485.410000000006,4495.690000000006,4482.810000000007,4493.400000000006,10903
2026-08-20T13:00:00+00:00,4493.400000000006,4503.310000000007,4490.580000000006,4491.610000000006,18250
2026-08-20T13:15:00+00:00,4491.610000000006,4495.3800000000065,4489.000000000006,4490.230000000006,14222
2026-08-20T13:30:00+00:00,4490.230000000006,4506.100000000007,4488.010000000007,4505.420000000006,31818
2026-08-20T13:45:00+00:00,4505.420000000006,4508.050000000007,4497.960000000006,4500.190000000006,25793
2026-08-20T14:00:00+00:00,4500.190000000006,4509.350000000007,4499.600000000007,4503.810000000007,27392
2026-08-20T14:15:00+00:00,4503.810000000007,4512.470000000007,4500.540000000006,4510.310000000007,27460
2026-08-20T14:30:00+00:00,4510.310000000007,4519.730000000006,4510.310000000007,4517.910000000006,21025
2026-08-20T14:45:00+00:00,4517.910000000006,4535.010000000007,4517.370000000006,4534.640000000007,20374
2026-08-20T15:00:00+00:00,4534.640000000007,4556.050000000007,4533.800000000007,4553.620000000006,41984
2026-08-20T15:15:00+00:00,4553.620000000006,4559.6300000000065,4542.350000000007,4551.180000000007,34973
2026-08-20T15:30:00+00:00,4551.180000000007,4552.320000000006,4528.680000000007,4530.300000000007,27516
2026-08-20T15:45:00+00:00,4530.300000000007,4542.830000000006,4529.730000000006,4540.430000000007,25384
2026-08-20T16:00:00+00:00,4540.430000000007,4543.510000000007,4529.230000000006,4529.930000000007,19686
2026-08-20T16:15:00+00:00,4529.930000000007,4531.950000000006,4524.220000000007,4527.960000000006,14717
2026-08-20T16:30:00+00:00,4527.960000000006,4531.510000000007,4521.420000000006,4528.000000000006,13609
2026-08-20T16:45:00+00:00,4528.000000000006,4532.410000000006,4526.150000000006,4528.750000000006,12237
2026-08-20T17:00:00+00:00,4528.750000000006,4532.430000000007,4526.570000000006,4528.200000000006,8648
2026-08-20T17:15:00+00:00,4528.200000000006,4535.280000000006,4526.620000000006,4531.660000000006,12091
2026-08-20T17:30:00+00:00,4531.660000000006,4537.430000000007,4529.550000000007,4537.010000000007,9131
2026-08-20T17:45:00+00:00,4537.010000000007,4539.200000000006,4535.860000000006,4538.650000000006,8046
2026-08-20T18:00:00+00:00,4538.650000000006,4541.100000000007,4528.330000000006,4529.640000000007,11146
2026-08-20T18:15:00+00:00,4529.640000000007,4538.8800000000065,4527.040000000006,4537.720000000007,12289
2026-08-20T18:30:00+00:00,4537.720000000007,4542.300000000007,4537.210000000006,4538.900000000006,11199
2026-08-20T18:45:00+00:00,4538.900000000006,4544.050000000007,4536.660000000006,4540.780000000006,11631
2026-08-20T19:00:00+00:00,4540.780000000006,4546.800000000007,4536.940000000006,4546.290000000006,8319
2026-08-20T19:15:00+00:00,4546.290000000006,4548.160000000006,4541.360000000006,4541.510000000007,9266
2026-08-20T19:30:00+00:00,4541.510000000007,4548.360000000006,4540.670000000006,4545.110000000006,9448
2026-08-20T19:45:00+00:00,4545.110000000006,4550.920000000006,4543.760000000007,4547.420000000006,13362
2026-08-20T20:00:00+00:00,4547.420000000006,4547.720000000007,4541.150000000006,4541.180000000007,3976
2026-08-20T20:15:00+00:00,4541.180000000007,4541.610000000006,4539.110000000006,4539.550000000007,2469
2026-08-20T20:30:00+00:00,4539.550000000007,4539.710000000006,4535.540000000006,4536.890000000007,2479
2026-08-20T20:45:00+00:00,4536.890000000007,4539.890000000007,4536.650000000006,4537.320000000006,2541
2026-08-20T22:00:00+00:00,4537.320000000006,4538.640000000007,4532.330000000006,4535.960000000006,2738.0576235103044
2026-08-20T22:15:00+00:00,4535.960000000006,4538.230000000006,4535.360000000006,4536.960000000006,2150
2026-08-20T22:30:00+00:00,4536.960000000006,4541.020000000006,4535.780000000006,4540.040000000006,2410
2026-08-20T22:45:00+00:00,4540.040000000006,4541.8800000000065,4537.050000000007,4541.6300000000065,2305
2026-08-20T23:00:00+00:00,4541.6300000000065,4550.370000000006,4541.050000000007,4549.210000000006,4024
2026-08-20T23:15:00+00:00,4549.210000000006,4549.680000000006,4539.850000000006,4544.510000000007,3623
2026-08-20T23:30:00+00:00,4544.510000000007,4545.990000000006,4538.370000000006,4541.870000000006,4539
2026-08-20T23:45:00+00:00,4541.870000000006,4545.280000000006,4540.550000000007,4543.690000000006,5004
2026-08-21T00:00:00+00:00,4543.690000000006,4544.710000000006,4534.790000000006,4535.970000000006,9464
2026-08-21T00:15:00+00:00,4535.970000000006,4538.060000000006,4531.200000000006,4532.350000000006,9404
2026-08-21T00:30:00+00:00,4532.350000000006,4534.700000000006,4528.160000000006,4531.160000000006,7371
2026-08-21T00:45:00+00:00,4531.160000000006,4531.460000000006,4527.410000000006,4528.050000000007,7686
2026-08-21T01:00:00+00:00,4528.050000000007,4538.570000000006,4526.420000000006,4538.150000000006,19875
2026-08-21T01:15:00+00:00,4538.150000000006,4547.970000000006,4537.720000000006,4546.850000000006,11480
2026-08-21T01:30:00+00:00,4546.850000000006,4560.810000000006,4541.110000000006,4543.730000000006,13569
2026-08-21T01:45:00+00:00,4543.730000000006,4550.790000000006,4542.890000000006,4548.070000000006,8987
2026-08-21T02:00:00+00:00,4548.070000000006,4548.5900000000065,4535.810000000006,4538.650000000006,8965
2026-08-21T02:15:00+00:00,4538.650000000006,4546.890000000006,4537.580000000006,4544.680000000006,5133
2026-08-21T02:30:00+00:00,4544.680000000006,4555.730000000006,4542.720000000006,4555.730000000006,9430
2026-08-21T02:45:00+00:00,4555.730000000006,4560.220000000006,4549.780000000006,4551.100000000006,9381
2026-08-21T03:00:00+00:00,4551.100000000006,4555.670000000006,4549.3400000000065,4549.870000000006,7986
2026-08-21T03:15:00+00:00,4549.870000000006,4552.3400000000065,4547.040000000006,4547.060000000006,6896
2026-08-21T03:30:00+00:00,4547.060000000006,4553.200000000006,4544.080000000006,4546.5900000000065,5930
2026-08-21T03:45:00+00:00,4546.5900000000065,4553.170000000006,4545.650000000006,4552.950000000006,4262
2026-08-21T04:00:00+00:00,4552.950000000006,4558.790000000006,4552.930000000006,4557.460000000006,5743
2026-08-21T04:15:00+00:00,4557.460000000006,4564.740000000006,4554.770000000006,4564.280000000006,5974
2026-08-21T04:30:00+00:00,4564.280000000006,4565.530000000006,4558.160000000006,4559.1300000000065,4587
2026-08-21T04:45:00+00:00,4559.1300000000065,4559.940000000006,4557.420000000006,4558.110000000006,3486
2026-08-21T05:00:00+00:00,4558.110000000006,4558.250000000006,4552.200000000006,4554.620000000006,5056
2026-08-21T05:15:00+00:00,4554.620000000006,4556.160000000006,4548.010000000007,4548.010000000007,5744
2026-08-21T05:30:00+00:00,4548.010000000007,4560.930000000006,4547.050000000007,4560.750000000006,10256
2026-08-21T05:45:00+00:00,4560.750000000006,4573.650000000006,4559.170000000006,4570.930000000006,9531
2026-08-21T06:00:00+00:00,4570.930000000006,4572.660000000006,4562.930000000006,4566.300000000007,9481
2026-08-21T06:15:00+00:00,4566.300000000007,4575.410000000006,4566.300000000007,4572.8800000000065,8644
2026-08-21T06:30:00+00:00,4572.8800000000065,4583.3400000000065,4571.950000000006,4579.930000000006,9239
2026-08-21T06:45:00+00:00,4579.930000000006,4584.980000000006,4578.3800000000065,4578.390000000006,7911
2026-08-21T07:00:00+00:00,4578.390000000006,4583.460000000006,4576.000000000006,4578.950000000006,7194
2026-08-21T07:15:00+00:00,4578.950000000006,4585.400000000006,4577.250000000006,4579.100000000006,6303
2026-08-21T07:30:00+00:00,4579.100000000006,4583.610000000006,4577.620000000006,4581.740000000006,7310
2026-08-21T07:45:00+00:00,4581.740000000006,4585.290000000006,4578.300000000007,4581.790000000006,6854
2026-08-21T08:00:00+00:00,4581.790000000006,4585.450000000006,4576.580000000006,4582.930000000006,7799
2026-08-21T08:15:00+00:00,4582.930000000006,4599.280000000006,4581.400000000006,4596.810000000006,9599
2026-08-21T08:30:00+00:00,4596.810000000006,4601.760000000007,4594.010000000007,4599.980000000006,9260
2026-08-21T08:45:00+00:00,4599.980000000006,4602.450000000006,4597.540000000006,4601.520000000006,6458
2026-08-21T09:00:00+00:00,4601.520000000006,4617.770000000006,4599.700000000006,4616.610000000006,10189
2026-08-21T09:15:00+00:00,4616.610000000006,4619.570000000006,4598.720000000006,4599.550000000007,9882
2026-08-21T09:30:00+00:00,4599.550000000007,4604.290000000006,4598.170000000006,4600.550000000007,7045
2026-08-21T09:45:00+00:00,4600.550000000007,4602.8400000000065,4597.780000000006,4600.0900000000065,5148
2026-08-21T10:00:00+00:00,4600.0900000000065,4606.320000000006,4595.530000000006,4596.0900000000065,7528
2026-08-21T10:15:00+00:00,4596.0900000000065,4606.780000000006,4595.960000000006,4606.000000000006,6484
2026-08-21T10:30:00+00:00,4606.000000000006,4611.510000000007,4603.0900000000065,4610.6300000000065,5508
2026-08-21T10:45:00+00:00,4610.6300000000065,4611.0900000000065,4605.300000000007,4605.870000000006,6293
2026-08-21T11:00:00+00:00,4605.870000000006,4612.790000000006,4604.600000000006,4608.000000000006,7240
2026-08-21T11:15:00+00:00,4608.000000000006,4617.920000000006,4608.000000000006,4615.900000000006,11014
2026-08-21T11:30:00+00:00,4615.900000000006,4621.960000000006,4610.8400000000065,4614.520000000006,11436
2026-08-21T11:45:00+00:00,4614.520000000006,4618.040000000006,4613.080000000006,4614.490000000006,7694
2026-08-21T12:00:00+00:00,4614.490000000006,4619.000000000006,4606.560000000006,4610.280000000006,11122
2026-08-21T12:15:00+00:00,4610.280000000006,4613.240000000006,4599.540000000006,4602.140000000006,10481
2026-08-21T12:30:00+00:00,4602.140000000006,4602.180000000006,4580.900000000006,4590.890000000006,13750
2026-08-21T12:45:00+00:00,4590.890000000006,4598.470000000006,4590.460000000006,4595.3800000000065,9073
2026-08-21T13:00:00+00:00,4595.3800000000065,4604.3800000000065,4593.180000000006,4602.280000000006,15464
2026-08-21T13:15:00+00:00,4602.280000000006,4605.200000000006,4596.700000000006,4601.520000000006,12267
2026-08-21T13:30:00+00:00,4601.520000000006,4608.450000000006,4590.920000000006,4604.660000000006,34233
2026-08-21T13:45:00+00:00,4604.660000000006,4610.150000000006,4594.310000000006,4598.400000000006,24078
2026-08-21T14:00:00+00:00,4598.400000000006,4608.190000000006,4597.410000000006,4606.960000000006,25811
2026-08-21T14:15:00+00:00,4606.960000000006,4620.660000000006,4603.960000000006,4620.540000000006,30255
2026-08-21T14:30:00+00:00,4620.540000000006,4621.0900000000065,4598.150000000006,4599.8800000000065,33177
2026-08-21T14:45:00+00:00,4599.8800000000065,4612.5900000000065,4598.1300000000065,4608.8800000000065,26131
2026-08-21T15:00:00+00:00,4608.8800000000065,4615.620000000006,4604.750000000006,4612.610000000006,20272
2026-08-21T15:15:00+00:00,4612.610000000006,4624.720000000006,4612.540000000006,4620.260000000007,16971
2026-08-21T15:30:00+00:00,4620.260000000007,4627.960000000006,4617.020000000006,4627.000000000006,17572
2026-08-21T15:45:00+00:00,4627.000000000006,4632.730000000006,4624.450000000006,4632.100000000006,20517
2026-08-21T16:00:00+00:00,4632.100000000006,4635.200000000006,4626.670000000006,4632.080000000006,17002
2026-08-21T16:15:00+00:00,4632.080000000006,4638.180000000006,4627.960000000006,4631.520000000006,15586
2026-08-21T16:30:00+00:00,4631.520000000006,4639.550000000007,4629.640000000006,4638.970000000006,11349
2026-08-21T16:45:00+00:00,4638.970000000006,4646.470000000006,4638.520000000006,4646.300000000007,12529
2026-08-21T17:00:00+00:00,4646.300000000007,4649.560000000006,4639.170000000006,4640.680000000006,15643
2026-08-21T17:15:00+00:00,4640.680000000006,4643.310000000006,4632.8400000000065,4639.610000000006,19669
2026-08-21T17:30:00+00:00,4639.610000000006,4642.220000000006,4636.160000000006,4636.8400000000065,11842
2026-08-21T17:45:00+00:00,4636.8400000000065,4639.950000000006,4634.400000000006,4637.930000000006,10443
2026-08-21T18:00:00+00:00,4637.930000000006,4645.080000000006,4637.750000000006,4641.540000000006,9048
2026-08-21T18:15:00+00:00,4641.540000000006,4645.080000000006,4641.540000000006,4642.610000000006,7131
2026-08-21T18:30:00+00:00,4642.610000000006,4642.660000000006,4636.670000000006,4638.3400000000065,12065
2026-08-21T18:45:00+00:00,4638.3400000000065,4643.330000000006,4638.290000000006,4641.800000000007,9269
2026-08-21T19:00:00+00:00,4641.800000000007,4642.950000000006,4635.980000000006,4640.170000000006,10867
2026-08-21T19:15:00+00:00,4640.170000000006,4640.780000000006,4635.390000000006,4635.440000000006,10394
2026-08-21T19:30:00+00:00,4635.440000000006,4637.230000000006,4633.300000000007,4635.450000000006,7997
2026-08-21T19:45:00+00:00,4635.450000000006,4641.150000000006,4632.860000000006,4634.290000000006,14520
2026-08-21T20:00:00+00:00,4634.290000000006,4634.930000000006,4632.370000000006,4634.320000000006,3128
2026-08-21T20:15:00+00:00,4634.320000000006,4635.080000000006,4627.6300000000065,4628.270000000006,4127
2026-08-21T20:30:00+00:00,4628.270000000006,4629.0900000000065,4624.810000000006,4625.560000000006,2772
2026-08-23T22:00:00+00:00,4608.07,4622.83,4606.06,4617.48,8213
2026-08-23T22:15:00+00:00,4617.48,4621.06,4612.66,4614.34,5127
2026-08-23T22:30:00+00:00,4614.34,4617.2,4606.83,4610.88,4756
2026-08-23T22:45:00+00:00,4610.88,4610.95,4605.97,4606.11,3553
2026-08-23T23:00:00+00:00,4606.11,4609.54,4604.74,4607.5,3527
2026-08-23T23:15:00+00:00,4607.5,4616.13,4606.77,4615.08,3494
2026-08-23T23:30:00+00:00,4615.08,4619.32,4607.32,4608.32,4931
2026-08-23T23:45:00+00:00,4608.32,4624.52,4608.09,4624.01,8915
2026-08-24T00:00:00+00:00,4624.01,4640.48,4620.12,4637.93,17699
2026-08-24T00:15:00+00:00,4637.93,4640.02,4594.49,4604.49,17371
2026-08-24T00:30:00+00:00,4604.49,4608.8,4600.96,4607.01,14514
2026-08-24T00:45:00+00:00,4607.01,4623.36,4603.58,4621.73,11004
2026-08-24T01:00:00+00:00,4621.73,4635.15,4618.48,4621.9,23542
2026-08-24T01:15:00+00:00,4621.9,4625.72,4611.08,4614.53,18952
2026-08-24T01:30:00+00:00,4614.53,4620.92,4607.91,4618.2,16567
2026-08-24T01:45:00+00:00,4618.2,4637.65,4614.91,4632.21,13769
2026-08-24T02:00:00+00:00,4632.21,4652.09,4627.73,4650.31,17110
2026-08-24T02:15:00+00:00,4650.31,4655.42,4649.09,4655.28,9964
2026-08-24T02:30:00+00:00,4655.28,4656.62,4637.39,4637.46,14171
2026-08-24T02:45:00+00:00,4637.46,4644.55,4627.46,4643.62,14349
2026-08-24T03:00:00+00:00,4643.62,4643.93,4633.48,4637.19,11407
2026-08-24T03:15:00+00:00,4637.19,4648.1,4635.42,4643.72,10839
2026-08-24T03:30:00+00:00,4643.72,4650.04,4642.59,4642.83,7511
2026-08-24T03:45:00+00:00,4642.83,4644.75,4640.07,4641.6,5883
2026-08-24T04:00:00+00:00,4641.6,4642.6,4632.39,4638.49,7773
2026-08-24T04:15:00+00:00,4638.49,4642.01,4634.7,4640.54,6957
2026-08-24T04:30:00+00:00,4640.54,4640.83,4632.95,4638.06,6428
2026-08-24T04:45:00+00:00,4638.06,4640.42,4635.79,4638.8,5131
2026-08-24T05:00:00+00:00,4638.8,4643.56,4638.53,4643.54,7175
2026-08-24T05:15:00+00:00,4643.54,4646.44,4636.16,4636.16,7078
2026-08-24T05:30:00+00:00,4636.16,4639.63,4629.59,4633.54,16149
2026-08-24T05:45:00+00:00,4633.54,4642.92,4630.06,4640.73,11586
2026-08-24T06:00:00+00:00,4640.73,4652.38,4639.46,4652.22,14045
2026-08-24T06:15:00+00:00,4652.22,4659.79,4640.82,4642.52,14259
2026-08-24T06:30:00+00:00,4642.52,4653.53,4641.83,4642.98,11196
2026-08-24T06:45:00+00:00,4642.98,4653.83,4642.96,4649.89,9123
2026-08-24T07:00:00+00:00,4649.89,4654.41,4644.25,4648.07,10557
2026-08-24T07:15:00+00:00,4648.07,4650.16,4642.19,4642.59,9366
2026-08-24T07:30:00+00:00,4642.59,4647.95,4634.76,4634.76,9714
2026-08-24T07:45:00+00:00,4634.76,4643.83,4630.15,4641.55,9750
2026-08-24T08:00:00+00:00,4641.55,4645.93,4635.89,4637.49,12742
2026-08-24T08:15:00+00:00,4637.49,4639.68,4629.57,4629.57,9299
2026-08-24T08:30:00+00:00,4629.57,4645.99,4628.85,4645.28,7592
2026-08-24T08:45:00+00:00,4645.28,4645.97,4636.06,4637.95,6746
2026-08-24T09:00:00+00:00,4637.95,4644.78,4637.06,4641.83,7575
2026-08-24T09:15:00+00:00,4641.83,4641.92,4634.83,4635.79,6351
2026-08-24T09:30:00+00:00,4635.79,4640.68,4632.81,4639.05,7690
2026-08-24T09:45:00+00:00,4639.05,4646.06,4638.78,4645.75,5736
2026-08-24T10:00:00+00:00,4645.75,4650.07,4645.37,4648.14,6818
2026-08-24T10:15:00+00:00,4648.14,4648.43,4642.28,4642.98,6012
2026-08-24T10:30:00+00:00,4642.98,4648.86,4642.66,4644.26,6165
2026-08-24T10:45:00+00:00,4644.26,4647.1,4641.82,4643.23,6130
2026-08-24T11:00:00+00:00,4643.23,4646.89,4639.05,4642.14,8447
2026-08-24T11:15:00+00:00,4642.14,4647.39,4640.32,4646.46,6218
2026-08-24T11:30:00+00:00,4646.46,4669.9,4643.45,4658.65,20533
2026-08-24T11:45:00+00:00,4658.65,4661.5,4648.22,4657.68,11630
2026-08-24T12:00:00+00:00,4657.68,4660.07,4649.99,4657.2,10704
2026-08-24T12:15:00+00:00,4657.2,4662.72,4651.78,4661.65,12054
2026-08-24T12:30:00+00:00,4661.65,4668.49,4645.16,4657.35,15260
2026-08-24T12:45:00+00:00,4657.35,4667.19,4654.43,4662.81,9796
2026-08-24T13:00:00+00:00,4662.81,4677.85,4661.5,4677.14,17520
2026-08-24T13:15:00+00:00,4677.14,4677.85,4667.69,4672.17,14505
2026-08-24T13:30:00+00:00,4672.17,4680.86,4658.58,4658.72,47033
2026-08-24T13:45:00+00:00,4658.72,4678.01,4656.15,4664.62,35471
2026-08-24T14:00:00+00:00,4664.62,4672.05,4659.84,4665.58,36301
2026-08-24T14:15:00+00:00,4665.58,4675,4655.38,4671.5,28706
2026-08-24T14:30:00+00:00,4671.5,4678.52,4669.96,4672.01,23534
2026-08-24T14:45:00+00:00,4672.01,4675.63,4656.93,4670.26,22900
2026-08-24T15:00:00+00:00,4670.26,4676.56,4665.28,4672.97,24491
2026-08-24T15:15:00+00:00,4672.97,4679.29,4668.18,4675.79,20887
2026-08-24T15:30:00+00:00,4675.79,4677.24,4659.6,4660.7,21050
2026-08-24T15:45:00+00:00,4660.7,4663.25,4640.01,4649.18,21154
2026-08-24T16:00:00+00:00,4649.18,4661.59,4646.58,4657.54,18836
2026-08-24T16:15:00+00:00,4657.54,4660.49,4656.01,4658.81,12943
2026-08-24T16:30:00+00:00,4658.81,4662.15,4658.24,4659.63,9229
2026-08-24T16:45:00+00:00,4659.63,4659.92,4642.1,4644.88,13185
2026-08-24T17:00:00+00:00,4644.88,4655.13,4641.79,4651.79,21242
2026-08-24T17:15:00+00:00,4651.79,4654.12,4630.47,4638.6,28724
2026-08-24T17:30:00+00:00,4638.6,4643.04,4635.58,4638.66,15343
2026-08-24T17:45:00+00:00,4638.66,4639.03,4632.57,4636.47,11617
2026-08-24T18:00:00+00:00,4636.47,4640.83,4625.14,4631.98,16260
2026-08-24T18:15:00+00:00,4631.98,4642.28,4627.21,4640.41,14149
2026-08-24T18:30:00+00:00,4640.41,4641.78,4625.17,4634.83,14729
2026-08-24T18:45:00+00:00,4634.83,4637.57,4631.35,4636.52,13484
2026-08-24T19:00:00+00:00,4636.52,4640.75,4635.95,4636.35,12663
2026-08-24T19:15:00+00:00,4636.35,4644.88,4635.91,4641.4,10672
2026-08-24T19:30:00+00:00,4641.4,4650.84,4640.23,4649.95,14600
2026-08-24T19:45:00+00:00,4649.95,4655.78,4649.95,4651.81,16718
2026-08-24T20:00:00+00:00,4651.81,4655.18,4650.18,4650.33,4020
2026-08-24T20:15:00+00:00,4650.33,4653.57,4648.75,4649.15,2255
2026-08-24T20:30:00+00:00,4649.15,4649.98,4647.51,4647.67,1397
2026-08-24T20:45:00+00:00,4647.67,4652.39,4646.99,4651.57,3624
2026-08-24T22:00:00+00:00,4651.57,4660.67,4651.57,4658.69,3524
2026-08-24T22:15:00+00:00,4658.69,4659.51,4656.81,4657.73,1532
2026-08-24T22:30:00+00:00,4657.73,4661.56,4657.23,4661.47,1716
2026-08-24T22:45:00+00:00,4661.47,4668.36,4660.88,4667.58,2143
2026-08-24T23:00:00+00:00,4667.58,4672.18,4666.81,4672.14,2663
2026-08-24T23:15:00+00:00,4672.14,4676.66,4668.78,4669.08,3677
2026-08-24T23:30:00+00:00,4669.08,4676.87,4667.49,4676.36,4152
2026-08-24T23:45:00+00:00,4676.36,4682.42,4675.01,4679.82,7529
2026-08-25T00:00:00+00:00,4679.82,4691.46,4675.34,4690.37,17418
2026-08-25T00:15:00+00:00,4690.37,4691.13,4676.53,4682.4,13147
2026-08-25T00:30:00+00:00,4682.4,4696.62,4681.73,4693.53,15801
2026-08-25T00:45:00+00:00,4693.53,4694.7,4684.04,4684.53,12873
2026-08-25T01:00:00+00:00,4684.53,4686.61,4670.84,4678.21,20738
2026-08-25T01:15:00+00:00,4678.21,4680.15,4664.22,4669.57,15261
2026-08-25T01:30:00+00:00,4669.57,4674.54,4666.62,4670.59,15848
2026-08-25T01:45:00+00:00,4670.59,4675.48,4656.59,4657.96,16204
2026-08-25T02:00:00+00:00,4657.96,4661.39,4638.33,4641.91,23079
2026-08-25T02:15:00+00:00,4641.91,4656.91,4640.94,4656.6,10630
2026-08-25T02:30:00+00:00,4656.6,4656.6,4630.93,4631.5,19994
2026-08-25T02:45:00+00:00,4631.5,4637.38,4617.78,4629.55,22403
2026-08-25T03:00:00+00:00,4629.55,4638.12,4622.36,4633.69,16652
2026-08-25T03:15:00+00:00,4633.69,4638.48,4632,4637.83,11852
2026-08-25T03:30:00+00:00,4637.83,4641.28,4633.84,4634.26,7221
2026-08-25T03:45:00+00:00,4634.26,4635.82,4631.54,4633.7,6606
2026-08-25T04:00:00+00:00,4633.7,4637.6,4630.71,4636.98,6218
2026-08-25T04:15:00+00:00,4636.98,4637.05,4628.75,4630.69,5623
2026-08-25T04:30:00+00:00,4630.69,4632.65,4623.82,4625.86,7874
2026-08-25T04:45:00+00:00,4625.86,4628.86,4623.98,4625.92,7294
2026-08-25T05:00:00+00:00,4625.92,4638.99,4624.02,4637.84,9155
2026-08-25T05:15:00+00:00,4637.84,4647.7,4637.72,4646.39,6917
2026-08-25T05:30:00+00:00,4646.39,4646.74,4637.96,4638.99,12848
2026-08-25T05:45:00+00:00,4638.99,4645.89,4635.78,4642.93,11133
2026-08-25T06:00:00+00:00,4642.93,4650.39,4641.19,4649.56,10438
2026-08-25T06:15:00+00:00,4649.56,4653.07,4645.39,4649.93,7377
2026-08-25T06:30:00+00:00,4649.93,4653.32,4647.86,4648.02,8467
2026-08-25T06:45:00+00:00,4648.02,4649.16,4637.04,4638.2,7977
2026-08-25T07:00:00+00:00,4638.2,4642,4636.39,4639.71,9466
2026-08-25T07:15:00+00:00,4639.71,4643.71,4634.41,4634.43,7127
2026-08-25T07:30:00+00:00,4634.43,4640.08,4633.84,4639.3,6793
2026-08-25T07:45:00+00:00,4639.3,4640.42,4629.72,4630.1,7425
2026-08-25T08:00:00+00:00,4630.1,4631.16,4620.08,4626.65,11536
2026-08-25T08:15:00+00:00,4626.65,4645.29,4625.76,4632.99,14040
2026-08-25T08:30:00+00:00,4632.99,4635.3,4625.84,4632.06,10934
2026-08-25T08:45:00+00:00,4632.06,4633.77,4625.14,4630.18,7226
2026-08-25T09:00:00+00:00,4630.18,4633.31,4624.84,4630.48,9375
2026-08-25T09:15:00+00:00,4630.48,4633.43,4625.67,4626.49,7163
2026-08-25T09:30:00+00:00,4626.49,4639.33,4624.1,4637.1,14514
2026-08-25T09:45:00+00:00,4637.1,4642.5,4635.83,4636.28,10432
2026-08-25T10:00:00+00:00,4636.28,4638.43,4633.18,4635.23,7371
2026-08-25T10:15:00+00:00,4635.23,4638.93,4633.04,4633.58,5924
2026-08-25T10:30:00+00:00,4633.58,4640.78,4632.77,4637.54,5774
2026-08-25T10:45:00+00:00,4637.54,4642.3,4636.91,4639.22,5149
2026-08-25T11:00:00+00:00,4639.22,4643.28,4636.31,4642.8,7845
2026-08-25T11:15:00+00:00,4642.8,4644.95,4638.92,4641.35,5857
2026-08-25T11:30:00+00:00,4641.35,4645.08,4640.64,4640.74,5712
2026-08-25T11:45:00+00:00,4640.74,4647.44,4640.69,4642.55,6806
2026-08-25T12:00:00+00:00,4642.55,4642.62,4635.04,4639.089999999999,8743
2026-08-25T12:15:00+00:00,4639.089999999999,4639.19,4631.94,4637.36,8520
2026-08-25T12:30:00+00:00,4637.36,4640.639999999999,4629.969999999999,4638.24,9433
2026-08-25T12:45:00+00:00,4638.24,4644.129999999999,4637.15,4640.73,7634
2026-08-25T13:00:00+00:00,4640.73,4640.919999999999,4622.759999999999,4623.049999999999,18115
2026-08-25T13:15:00+00:00,4623.049999999999,4628.0199999999995,4608.889999999999,4609.58,18614
2026-08-25T13:30:00+00:00,4609.58,4623.419999999999,4609.23,4612.669999999999,31026
2026-08-25T13:45:00+00:00,4612.669999999999,4617.28,4605.24,4616.419999999999,27548
2026-08-25T14:00:00+00:00,4616.419999999999,4626.379999999999,4613.219999999999,4623,23183
2026-08-25T14:15:00+00:00,4623,4628.24,4618.629999999999,4623.73,18409
2026-08-25T14:30:00+00:00,4623.73,4637.959999999999,4613.07,4637.33,21162
2026-08-25T14:45:00+00:00,4637.33,4640,4632.45,4635.4,18367
2026-08-25T15:00:00+00:00,4635.4,4637.129999999999,4630.5,4633.2699999999995,18362
2026-08-25T15:15:00+00:00,4633.2699999999995,4644.61,4629.45,4639.679999999999,17629
2026-08-25T15:30:00+00:00,4639.679999999999,4659.33,4639.679999999999,4656.049999999999,23869
2026-08-25T15:45:00+00:00,4656.049999999999,4657.07,4648.82,4652.5599999999995,16017
2026-08-25T16:00:00+00:00,4652.5599999999995,4653.36,4642.66,4644.7699999999995,13377
2026-08-25T16:15:00+00:00,4644.7699999999995,4647.23,4637.87,4640.509999999999,12016
2026-08-25T16:30:00+00:00,4640.509999999999,4645.2,4636.889999999999,4643.839999999999,11346
2026-08-25T16:45:00+00:00,4643.839999999999,4646.45,4640.5199999999995,4643.41,8849
2026-08-25T17:00:00+00:00,4643.41,4643.74,4634.129999999999,4637.889999999999,10033
2026-08-25T17:15:00+00:00,4637.889999999999,4645.03,4634.44,4636.919999999999,11220
2026-08-25T17:30:00+00:00,4636.919999999999,4644.53,4636.24,4642.759999999999,7750
2026-08-25T17:45:00+00:00,4642.759999999999,4648.3099999999995,4642.57,4648.299999999999,6243
2026-08-25T18:00:00+00:00,4648.299999999999,4650.28,4644.139999999999,4647.07,6603
2026-08-25T18:15:00+00:00,4647.07,4650.419999999999,4646.23,4649.879999999999,5454
2026-08-25T18:30:00+00:00,4649.879999999999,4650.079999999999,4645.839999999999,4648.899999999999,5126
2026-08-25T18:45:00+00:00,4648.899999999999,4654.649999999999,4648.889999999999,4654.189999999999,5321
2026-08-25T19:00:00+00:00,4654.189999999999,4662.659999999999,4653.039999999999,4661.839999999999,8106
2026-08-25T19:15:00+00:00,4661.839999999999,4667.209999999999,4659.609999999999,4660.649999999999,8210
2026-08-25T19:30:00+00:00,4660.649999999999,4664.189999999999,4657.599999999999,4661.819999999999,8575
2026-08-25T19:45:00+00:00,4661.819999999999,4667.159999999999,4660.029999999999,4666.619999999999,11861
2026-08-25T20:00:00+00:00,4666.619999999999,4668.659999999999,4662.5199999999995,4665.429999999999,5270
2026-08-25T20:15:00+00:00,4665.429999999999,4667.079999999999,4661.679999999999,4662.109999999999,3170
2026-08-25T20:30:00+00:00,4662.109999999999,4663.669999999999,4659.909999999999,4661.179999999999,2353
2026-08-25T20:45:00+00:00,4661.179999999999,4661.889999999999,4656.73,4657.2699999999995,3310
2026-08-25T22:00:00+00:00,4657.56,4664.66,4657.45,4664.25,2304
2026-08-25T22:15:00+00:00,4664.25,4666.8,4664.12,4666.56,1780
2026-08-25T22:30:00+00:00,4666.56,4670.77,4666.53,4669.77,2483
2026-08-25T22:45:00+00:00,4669.77,4673.69,4669.58,4672.46,2185
2026-08-25T23:00:00+00:00,4672.46,4673.41,4667.12,4668.09,2897
2026-08-25T23:15:00+00:00,4668.09,4668.16,4659.91,4660.95,2911
2026-08-25T23:30:00+00:00,4660.95,4661.31,4655.75,4656.13,3295
2026-08-25T23:45:00+00:00,4656.13,4658.71,4653.12,4654.83,5809
2026-08-26T00:00:00+00:00,4654.83,4657.58,4651.03,4651.18,10728
2026-08-26T00:15:00+00:00,4651.18,4655.01,4643.08,4646.68,7730
2026-08-26T00:30:00+00:00,4646.68,4650.15,4636.28,4636.98,9073
2026-08-26T00:45:00+00:00,4636.98,4639,4634.4,4637.4,8608
2026-08-26T01:00:00+00:00,4637.4,4647.64,4629.38,4644.08,18151
2026-08-26T01:15:00+00:00,4644.08,4650.36,4643.47,4643.5,12295
2026-08-26T01:30:00+00:00,4643.5,4647.08,4638.85,4644.67,15118
2026-08-26T01:45:00+00:00,4644.67,4660.82,4642.93,4657.06,12050
2026-08-26T02:00:00+00:00,4657.06,4661.59,4654.85,4660.09,11661
2026-08-26T02:15:00+00:00,4660.09,4661.7,4656.01,4658.96,5968
2026-08-26T02:30:00+00:00,4658.96,4670.58,4657.53,4667.26,11319
2026-08-26T02:45:00+00:00,4667.26,4668.9,4657.83,4658.4,8296
2026-08-26T03:00:00+00:00,4658.4,4658.48,4647.17,4648.21,9260
2026-08-26T03:15:00+00:00,4648.21,4650.79,4645.89,4650.33,7867
2026-08-26T03:30:00+00:00,4650.33,4651.28,4645.23,4645.25,5086
2026-08-26T03:45:00+00:00,4645.25,4645.52,4642.58,4642.72,4425
2026-08-26T04:00:00+00:00,4642.72,4644.24,4641.7,4642.46,3511
2026-08-26T04:15:00+00:00,4642.46,4643.21,4641.12,4642.28,3342
2026-08-26T04:30:00+00:00,4642.28,4643.32,4639.78,4640.77,3480
2026-08-26T04:45:00+00:00,4640.77,4641.86,4638.81,4640.62,4223
2026-08-26T05:00:00+00:00,4640.62,4645.86,4640.06,4643.31,5148
2026-08-26T05:15:00+00:00,4643.31,4645.34,4641.34,4643.38,5073
2026-08-26T05:30:00+00:00,4643.38,4649.43,4637.91,4637.97,11222
2026-08-26T05:45:00+00:00,4637.97,4640.47,4635.47,4639.65,9266
2026-08-26T06:00:00+00:00,4639.65,4641.37,4635.99,4637.5,8968
2026-08-26T06:15:00+00:00,4637.5,4637.82,4624.62,4626.7,9987
2026-08-26T06:30:00+00:00,4626.7,4634.03,4625.66,4633.27,7778
2026-08-26T06:45:00+00:00,4633.27,4636.88,4630.47,4634.15,6691
2026-08-26T07:00:00+00:00,4634.15,4639.17,4633,4636.39,7891
2026-08-26T07:15:00+00:00,4636.39,4637.54,4630.79,4631.4,6757
2026-08-26T07:30:00+00:00,4631.4,4636.39,4628.87,4631.68,5927
2026-08-26T07:45:00+00:00,4631.68,4634.8,4626.43,4628.99,6161
2026-08-26T08:00:00+00:00,4628.99,4630.28,4625.61,4625.61,8074
2026-08-26T08:15:00+00:00,4625.61,4629.53,4622.06,4629.48,6875
2026-08-26T08:30:00+00:00,4629.48,4630.57,4624.9,4629.39,6463
2026-08-26T08:45:00+00:00,4629.39,4629.74,4625.97,4628.22,4555
2026-08-26T09:00:00+00:00,4628.22,4630.83,4623.93,4624.89,6312
2026-08-26T09:15:00+00:00,4624.89,4625.14,4616.18,4616.67,6817
2026-08-26T09:30:00+00:00,4616.67,4622.15,4616.62,4621.88,5272
2026-08-26T09:45:00+00:00,4621.88,4625.45,4621.49,4623.11,4928
2026-08-26T10:00:00+00:00,4623.11,4624.04,4617.62,4618.9,4579
2026-08-26T10:15:00+00:00,4618.9,4620.36,4613.35,4615.12,5183
2026-08-26T10:30:00+00:00,4615.12,4624.09,4614.55,4622.18,4530
2026-08-26T10:45:00+00:00,4622.18,4624.07,4618.68,4620.14,3880
2026-08-26T11:00:00+00:00,4620.14,4621.77,4616.53,4618.42,5196
2026-08-26T11:15:00+00:00,4618.42,4622.91,4616.4,4620.47,5633
2026-08-26T11:30:00+00:00,4620.47,4622.77,4617.23,4619.08,5846
2026-08-26T11:45:00+00:00,4619.08,4625.14,4616.85,4624.5,5713
2026-08-26T12:00:00+00:00,4624.5,4629.7,4623.69,4625.49,8266
2026-08-26T12:15:00+00:00,4625.49,4630.3,4624.62,4629.9,8129
2026-08-26T12:30:00+00:00,4629.9,4632.64,4612.48,4622.43,22909
2026-08-26T12:45:00+00:00,4622.43,4626.23,4611,4614.53,17061
2026-08-26T13:00:00+00:00,4614.53,4621.25,4608.2,4611.05,23329
2026-08-26T13:15:00+00:00,4611.05,4614.09,4597.97,4611.27,18601
2026-08-26T13:30:00+00:00,4611.27,4622.91,4610.31,4619.62,31570
2026-08-26T13:45:00+00:00,4619.62,4631.86,4618.24,4631.45,28274
2026-08-26T14:00:00+00:00,4631.45,4633.13,4619.3,4620.13,22941
2026-08-26T14:15:00+00:00,4620.13,4626.77,4616.3,4616.62,17785
2026-08-26T14:30:00+00:00,4616.62,4622.83,4612.79,4621.84,16531
2026-08-26T14:45:00+00:00,4621.84,4622.73,4602.85,4602.85,18620
2026-08-26T15:00:00+00:00,4602.85,4605.39,4588.06,4588.86,23813
2026-08-26T15:15:00+00:00,4588.86,4598.03,4583.03,4594.68,19223
2026-08-26T15:30:00+00:00,4594.68,4604.69,4594.45,4604.69,12944
2026-08-26T15:45:00+00:00,4604.69,4609.23,4596.04,4596.06,15987
2026-08-26T16:00:00+00:00,4596.06,4601.4,4590.57,4599.96,13974
2026-08-26T16:15:00+00:00,4599.96,4600.71,4593.85,4594.67,11842
2026-08-26T16:30:00+00:00,4594.67,4596.16,4585.5599999999995,4587.93,11881
2026-08-26T16:45:00+00:00,4587.93,4596.51,4587.7699999999995,4591.41,11129
2026-08-26T17:00:00+00:00,4591.41,4595.92,4590.35,4594.5,10019
2026-08-26T17:15:00+00:00,4594.5,4598.79,4593.28,4597.47,9853
2026-08-26T17:30:00+00:00,4597.47,4602.01,4595.53,4596.86,7896
2026-08-26T17:45:00+00:00,4596.86,4599.08,4594.03,4597.6,6197
2026-08-26T18:00:00+00:00,4597.6,4604.24,4596.45,4599.93,7231
2026-08-26T18:15:00+00:00,4599.93,4600.3,4592.61,4594.61,7964
2026-08-26T18:30:00+00:00,4594.61,4597.2,4592.22,4596.54,6158
2026-08-26T18:45:00+00:00,4596.54,4597.93,4595.5199999999995,4596.200000000001,5645
2026-08-26T19:00:00+00:00,4596.200000000001,4597.97,4593.38,4596.8,8513
2026-08-26T19:15:00+00:00,4596.8,4601.43,4593.27,4600.84,7368
2026-08-26T19:30:00+00:00,4600.84,4603.910000000001,4596.700000000001,4598.030000000001,6120
2026-08-26T19:45:00+00:00,4598.030000000001,4598.84,4594.76,4596.530000000001,9351
2026-08-26T20:00:00+00:00,4596.530000000001,4598.910000000001,4593.9800000000005,4594.030000000001,4836
2026-08-26T20:15:00+00:00,4594.030000000001,4594.27,4586.35,4593.54,7750
2026-08-26T20:30:00+00:00,4593.54,4595.79,4592.610000000001,4594.320000000001,3726
2026-08-26T20:45:00+00:00,4594.320000000001,4596.990000000001,4593.72,4594.7300000000005,3687
2026-08-26T22:00:00+00:00,4592.34,4606.3,4592.34,4602.4,4586
2026-08-26T22:15:00+00:00,4602.4,4613.26,4602.21,4610.9,5457
2026-08-26T22:30:00+00:00,4610.9,4611.52,4608.66,4610.81,3179
2026-08-26T22:45:00+00:00,4610.81,4612.31,4606.67,4609.43,2523
2026-08-26T23:00:00+00:00,4609.43,4615.74,4606.9,4615.62,3887
2026-08-26T23:15:00+00:00,4615.62,4622.25,4614.39,4619.97,3481
2026-08-26T23:30:00+00:00,4619.97,4624.87,4618.06,4622.61,3518
2026-08-26T23:45:00+00:00,4622.61,4624.85,4620.51,4623.49,5437
2026-08-27T00:00:00+00:00,4623.49,4627.04,4616.04,4617.91,8687
2026-08-27T00:15:00+00:00,4617.91,4621.46,4613.24,4618.88,7752
2026-08-27T00:30:00+00:00,4618.88,4618.88,4605.19,4606.12,8266
2026-08-27T00:45:00+00:00,4606.12,4610.98,4600.24,4605.02,10327
2026-08-27T01:00:00+00:00,4605.02,4624.03,4602.45,4623.749999999999,20512
2026-08-27T01:15:00+00:00,4623.749999999999,4624.169999999999,4615.99,4617.69,11089
2026-08-27T01:30:00+00:00,4617.69,4630.419999999999,4616.839999999999,4622.969999999999,11965
2026-08-27T01:45:00+00:00,4622.969999999999,4639.9,4622.759999999999,4639.049999999999,10193
2026-08-27T02:00:00+00:00,4639.049999999999,4642.07,4637.11,4639.49,8521
2026-08-27T02:15:00+00:00,4639.49,4639.65,4631.679999999999,4632.099999999999,5250
2026-08-27T02:30:00+00:00,4632.099999999999,4632.78,4622.66,4626.41,10746
2026-08-27T02:45:00+00:00,4626.41,4630.48,4623.349999999999,4628.73,6994
2026-08-27T03:00:00+00:00,4628.73,4634.169999999999,4627.389999999999,4633.32,6992
2026-08-27T03:15:00+00:00,4633.32,4637.669999999999,4631.829999999999,4634.329999999999,5931
2026-08-27T03:30:00+00:00,4634.329999999999,4634.599999999999,4627.849999999999,4628.349999999999,4530
2026-08-27T03:45:00+00:00,4628.349999999999,4628.73,4623.459999999999,4624.5199999999995,4143
2026-08-27T04:00:00+00:00,4624.5199999999995,4626.36,4623.57,4624.549999999999,4242
2026-08-27T04:15:00+00:00,4624.549999999999,4626.099999999999,4619.5599999999995,4619.73,4393
2026-08-27T04:30:00+00:00,4619.73,4619.919999999999,4616.369999999999,4618.259999999999,4503
2026-08-27T04:45:00+00:00,4618.259999999999,4619.74,4616.849999999999,4617.869999999999,4987
2026-08-27T05:00:00+00:00,4617.869999999999,4620.539999999999,4615.389999999999,4619.0199999999995,5240
2026-08-27T05:15:00+00:00,4619.0199999999995,4620.78,4616.339999999999,4616.36,4688
2026-08-27T05:30:00+00:00,4616.36,4618.98,4603.839999999999,4604.509999999999,13411
2026-08-27T05:45:00+00:00,4604.509999999999,4608.789999999999,4600.099999999999,4606.11,10371
2026-08-27T06:00:00+00:00,4606.11,4606.679999999999,4598.599999999999,4605.0599999999995,9530
2026-08-27T06:15:00+00:00,4605.0599999999995,4609.639999999999,4602.639999999999,4609.589999999999,7157
2026-08-27T06:30:00+00:00,4609.589999999999,4610.959999999999,4603.73,4606.7699999999995,6821
2026-08-27T06:45:00+00:00,4606.7699999999995,4608.749999999999,4596.9,4599.36,7660
2026-08-27T07:00:00+00:00,4599.36,4604.91,4597.619999999999,4602.94,8754
2026-08-27T07:15:00+00:00,4602.94,4602.94,4592.619999999999,4598.4,6896
2026-08-27T07:30:00+00:00,4598.4,4600.459999999999,4593.999999999999,4596.919999999999,6378
2026-08-27T07:45:00+00:00,4596.919999999999,4601.73,4594.919999999999,4599.2,5157
2026-08-27T08:00:00+00:00,4599.2,4605.99,4599.079999999999,4602.329999999999,6538
2026-08-27T08:15:00+00:00,4602.329999999999,4605.259999999999,4599.179999999999,4599.969999999999,5718
2026-08-27T08:30:00+00:00,4599.969999999999,4600.82,4593.869999999999,4595.209999999999,6502
2026-08-27T08:45:00+00:00,4595.209999999999,4601.389999999999,4594.69,4598.07,5238
2026-08-27T09:00:00+00:00,4598.07,4599.86,4592.759999999999,4595.139999999999,7384
2026-08-27T09:15:00+00:00,4595.139999999999,4598.289999999999,4592.889999999999,4596.869999999999,6284
2026-08-27T09:30:00+00:00,4596.869999999999,4598.329999999999,4577.7,4581.57,9939
2026-08-27T09:45:00+00:00,4581.57,4585.0199999999995,4578.299999999999,4579.49,6761
2026-08-27T10:00:00+00:00,4579.49,4581.0599999999995,4568.219999999999,4580.7,9089
2026-08-27T10:15:00+00:00,4580.7,4582.78,4576.53,4579.299999999999,5561
2026-08-27T10:30:00+00:00,4579.299999999999,4584.9,4575.249999999999,4584.669999999999,6190
2026-08-27T10:45:00+00:00,4584.669999999999,4589.589999999999,4584.66,4589.099999999999,5691
2026-08-27T11:00:00+00:00,4589.099999999999,4591.66,4586.329999999999,4591.66,6466
2026-08-27T11:15:00+00:00,4591.66,4595.889999999999,4590.089999999999,4593.549999999999,5610
2026-08-27T11:30:00+00:00,4593.549999999999,4598.78,4592.839999999999,4596.839999999999,8045
2026-08-27T11:45:00+00:00,4596.839999999999,4599.419999999999,4593.48,4597.24,6885
2026-08-27T12:00:00+00:00,4597.24,4600.24,4591.7699999999995,4591.929999999999,7490
2026-08-27T12:15:00+00:00,4591.929999999999,4599.719999999999,4590.91,4594.15,8855
2026-08-27T12:30:00+00:00,4594.15,4595.459999999999,4586.119999999999,4586.539999999999,8508
2026-08-27T12:45:00+00:00,4586.539999999999,4587.179999999999,4579.419999999999,4584.889999999999,8882
2026-08-27T13:00:00+00:00,4584.889999999999,4589.959999999999,4579.039999999999,4584.369999999999,17599
2026-08-27T13:15:00+00:00,4584.369999999999,4592.299999999999,4582.07,4589.28,14289
2026-08-27T13:30:00+00:00,4589.28,4592.049999999999,4570.919999999999,4577.7699999999995,34199
2026-08-27T13:45:00+00:00,4577.7699999999995,4581.879999999999,4564.0599999999995,4571.5199999999995,29072
2026-08-27T14:00:00+00:00,4571.5199999999995,4578.44,4567.48,4572.799999999999,25237
2026-08-27T14:15:00+00:00,4572.799999999999,4583.0199999999995,4572.799999999999,4580.369999999999,20514
2026-08-27T14:30:00+00:00,4580.369999999999,4596.629999999999,4580.299999999999,4594.339999999999,17814
2026-08-27T14:45:00+00:00,4594.339999999999,4597.169999999999,4587.209999999999,4590.36,19956
2026-08-27T15:00:00+00:00,4590.36,4594.499999999999,4590.36,4591.789999999999,16451
2026-08-27T15:15:00+00:00,4591.789999999999,4597.299999999999,4588.129999999999,4592.32,14527
2026-08-27T15:30:00+00:00,4592.32,4604.95,4591.45,4600.45,18336
2026-08-27T15:45:00+00:00,4600.45,4610.469999999999,4599.509999999999,4609.839999999999,13360
2026-08-27T16:00:00+00:00,4609.839999999999,4612.379999999999,4603.4,4603.539999999999,11897
2026-08-27T16:15:00+00:00,4603.539999999999,4607.419999999999,4601.369999999999,4606.629999999999,9464
2026-08-27T16:30:00+00:00,4606.629999999999,4611.86,4604.999999999999,4610.499999999999,9285
2026-08-27T16:45:00+00:00,4610.499999999999,4615.619999999999,4609.159999999999,4613.889999999999,11803
2026-08-27T17:00:00+00:00,4613.889999999999,4615.549999999999,4607.5199999999995,4609.179999999999,11239
2026-08-27T17:15:00+00:00,4609.179999999999,4611.009999999999,4607.36,4609.2699999999995,11330
2026-08-27T17:30:00+00:00,4609.2699999999995,4613.279999999999,4607.4,4610.009999999999,9249
2026-08-27T17:45:00+00:00,4610.009999999999,4610.69,4604.099999999999,4605.489999999999,13224
2026-08-27T18:00:00+00:00,4605.489999999999,4607.049999999999,4601.239999999999,4604.539999999999,14108
2026-08-27T18:15:00+00:00,4604.539999999999,4606.909999999999,4600.61,4600.61,10066
2026-08-27T18:30:00+00:00,4600.61,4604.039999999999,4600.0199999999995,4603.48,7688
2026-08-27T18:45:00+00:00,4603.48,4610.219999999999,4603.179999999999,4609.32,7316
2026-08-27T19:00:00+00:00,4609.32,4617.039999999999,4609.32,4614.549999999999,10127
2026-08-27T19:15:00+00:00,4614.549999999999,4615.11,4603.249999999999,4604.869999999999,7647
2026-08-27T19:30:00+00:00,4604.869999999999,4609.15,4603.779999999999,4608.839999999999,9760
2026-08-27T19:45:00+00:00,4608.839999999999,4611.7699999999995,4604.4,4608.4,12225
2026-08-27T20:00:00+00:00,4608.4,4608.679999999999,4602.639999999999,4603.909999999999,3947
2026-08-27T20:15:00+00:00,4603.909999999999,4604.459999999999,4601.73,4602.69,1859
2026-08-27T20:30:00+00:00,4602.69,4603.419999999999,4601.089999999999,4602.86,1484
2026-08-27T20:45:00+00:00,4602.86,4603.779999999999,4598.989999999999,4599.539999999999,3882
2026-08-27T22:00:00+00:00,4600.49,4607.11,4600.49,4604.77,3859
2026-08-27T22:15:00+00:00,4604.77,4608.36,4604.51,4607.57,2154
2026-08-27T22:30:00+00:00,4607.57,4610.18,4606.75,4607.94,1986
2026-08-27T22:45:00+00:00,4607.94,4610.79,4606.73,4610.66,1411
2026-08-27T23:00:00+00:00,4610.66,4611.42,4602.87,4602.92,2238
2026-08-27T23:15:00+00:00,4602.92,4603.64,4599.99,4600.83,2117
2026-08-27T23:30:00+00:00,4600.83,4602.33,4598.4,4599.68,2335
2026-08-27T23:45:00+00:00,4599.68,4599.68,4594.29,4594.42,3836
2026-08-28T00:00:00+00:00,4594.42,4602.48,4593.2,4600.5,8892
2026-08-28T00:15:00+00:00,4600.5,4600.75,4590.57,4594.04,8191
2026-08-28T00:30:00+00:00,4594.04,4594.27,4587.99,4591.03,7012
2026-08-28T00:45:00+00:00,4591.03,4591.03,4585.58,4588.67,7782
2026-08-28T01:00:00+00:00,4588.67,4601.35,4586.42,4593.8,15720
2026-08-28T01:15:00+00:00,4593.8,4598,4583.77,4585.7,15291
2026-08-28T01:30:00+00:00,4585.7,4589.04,4578.23,4582.12,14870
2026-08-28T01:45:00+00:00,4582.12,4583.24,4575.39,4575.82,11098
2026-08-28T02:00:00+00:00,4575.82,4582.78,4575.02,4581.54,9485
2026-08-28T02:15:00+00:00,4581.54,4584.89,4578.59,4583.42,4701
2026-08-28T02:30:00+00:00,4583.42,4589.73,4583.24,4585.14,8470
2026-08-28T02:45:00+00:00,4585.14,4587.31,4582.3,4586.4,6741
2026-08-28T03:00:00+00:00,4586.4,4588.4,4582.73,4584.14,7119
2026-08-28T03:15:00+00:00,4584.14,4590.06,4584.13,4587.87,6817
2026-08-28T03:30:00+00:00,4587.87,4588.28,4581.07,4581.93,4378
2026-08-28T03:45:00+00:00,4581.93,4582.11,4578.63,4579.84,3702
2026-08-28T04:00:00+00:00,4579.84,4580.39,4577.88,4579.42,3822
2026-08-28T04:15:00+00:00,4579.42,4585.33,4578.73,4584.79,3513
2026-08-28T04:30:00+00:00,4584.79,4584.81,4578.11,4579.89,3551
2026-08-28T04:45:00+00:00,4579.89,4585.24,4578.22,4584.29,3039
2026-08-28T05:00:00+00:00,4584.29,4585.3,4578.22,4579.85,4907
2026-08-28T05:15:00+00:00,4579.85,4586.34,4579.04,4584.01,4090
2026-08-28T05:30:00+00:00,4584.01,4584.01,4571.28,4572.56,12567
2026-08-28T05:45:00+00:00,4572.56,4577.26,4571.71,4573.32,7947
2026-08-28T06:00:00+00:00,4573.32,4583.5,4572.4,4581.67,9717
2026-08-28T06:15:00+00:00,4581.67,4585.49,4580.59,4584.91,8127
2026-08-28T06:30:00+00:00,4584.91,4588.39,4582.83,4588.18,8869
2026-08-28T06:45:00+00:00,4588.18,4613.09,4588.06,4612.46,14868
2026-08-28T07:00:00+00:00,4612.46,4613.17,4596.6,4600.62,12169
2026-08-28T07:15:00+00:00,4600.62,4610.04,4599.55,4607.46,8197
2026-08-28T07:30:00+00:00,4607.46,4614.2,4607.01,4609.09,6845
2026-08-28T07:45:00+00:00,4609.09,4613.36,4607.31,4611.8,5428
2026-08-28T08:00:00+00:00,4611.8,4614.54,4609.85,4611.75,6504
2026-08-28T08:15:00+00:00,4611.75,4612.41,4607.92,4608.91,5677
2026-08-28T08:30:00+00:00,4608.91,4611.34,4603.13,4603.5,6034
2026-08-28T08:45:00+00:00,4603.5,4606.19,4600.84,4602.82,5271
2026-08-28T09:00:00+00:00,4602.82,4604.28,4600.63,4601.57,6173
2026-08-28T09:15:00+00:00,4601.57,4604.04,4600.52,4601.82,6363
2026-08-28T09:30:00+00:00,4601.82,4605.17,4600.93,4603.98,5897
2026-08-28T09:45:00+00:00,4603.98,4607.42,4603.04,4605.07,4713
2026-08-28T10:00:00+00:00,4605.07,4609.02,4603.4,4608.68,5174
2026-08-28T10:15:00+00:00,4608.68,4609.9,4601.84,4605.35,5259
2026-08-28T10:30:00+00:00,4605.35,4607.96,4601.89,4602.89,5004
2026-08-28T10:45:00+00:00,4602.89,4603.2,4597.54,4600.13,5804
2026-08-28T11:00:00+00:00,4600.13,4601.31,4594.85,4598.89,7746
2026-08-28T11:15:00+00:00,4598.89,4601.19,4597.58,4598.93,5838
2026-08-28T11:30:00+00:00,4598.93,4600.81,4591.3,4594.55,7170
2026-08-28T11:45:00+00:00,4594.55,4595.99,4591.62,4593.32,6254
2026-08-28T12:00:00+00:00,4593.32,4597.1,4590.81,4594.15,9076
2026-08-28T12:15:00+00:00,4594.15,4603.59,4592.46,4601.31,8810
2026-08-28T12:30:00+00:00,4601.31,4602.03,4589.06,4591.87,12399
2026-08-28T12:45:00+00:00,4591.87,4602.56,4590.23,4601.67,10629
2026-08-28T13:00:00+00:00,4601.67,4605.34,4596.28,4598.81,18092
2026-08-28T13:15:00+00:00,4598.81,4604.36,4593.72,4603.89,14111
2026-08-28T13:30:00+00:00,4603.89,4607.67,4598.86,4604.8,24089
2026-08-28T13:45:00+00:00,4604.8,4627.22,4604.8,4605.02,21876
2026-08-28T14:00:00+00:00,4605.02,4630.21,4543.46,4546.09,76818
2026-08-28T14:15:00+00:00,4546.09,4568.39,4530.15,4551.98,61936
2026-08-28T14:30:00+00:00,4551.98,4576.87,4551.88,4561.1,50651
2026-08-28T14:45:00+00:00,4561.1,4580.61,4550.64,4576.63,45105
2026-08-28T15:00:00+00:00,4576.63,4582.72,4556.82,4559.27,42188
2026-08-28T15:15:00+00:00,4559.27,4569.17,4551.48,4566.82,34901
2026-08-28T15:30:00+00:00,4566.82,4567.41,4534.33,4539.33,36695
2026-08-28T15:45:00+00:00,4539.33,4545.85,4524.16,4524.41,41672
2026-08-28T16:00:00+00:00,4524.41,4529.52,4497.39,4497.9,46665
2026-08-28T16:15:00+00:00,4497.9,4503.57,4464.41,4481.1,51525
2026-08-28T16:30:00+00:00,4481.1,4487.04,4466.07,4469.15,46610
2026-08-28T16:45:00+00:00,4469.15,4484.93,4469.15,4479.37,28333
2026-08-28T17:00:00+00:00,4479.37,4482.75,4471.34,4480.59,30992
2026-08-28T17:15:00+00:00,4480.59,4486.36,4474.95,4477.89,25235
2026-08-28T17:30:00+00:00,4477.89,4481.67,4460.44,4467.38,24071
2026-08-28T17:45:00+00:00,4467.38,4475.67,4466.5,4469.29,17280
2026-08-28T18:00:00+00:00,4469.29,4471.53,4459.66,4461.14,25147
2026-08-28T18:15:00+00:00,4461.14,4462.77,4452.06,4456.22,27777
2026-08-28T18:30:00+00:00,4456.22,4458.63,4445.31,4451.28,23839
2026-08-28T18:45:00+00:00,4451.28,4458.25,4448.47,4456.72,20545
2026-08-28T19:00:00+00:00,4456.72,4462.75,4453.21,4457.03,21531
2026-08-28T19:15:00+00:00,4457.03,4463.5,4455.14,4461.96,12262
2026-08-28T19:30:00+00:00,4461.96,4466.91,4460.98,4464.89,10240
2026-08-28T19:45:00+00:00,4464.89,4464.9,4452.97,4458.13,18095
2026-08-28T20:00:00+00:00,4458.13,4462.67,4455.39,4457.78,6334
2026-08-28T20:15:00+00:00,4457.78,4460.57,4453.65,4457.99,2774
2026-08-28T20:30:00+00:00,4457.99,4458.14,4453.5,4456.77,2652
2026-08-30T22:00:00+00:00,4456.77,4459.61,4433.87,4458.74,10549
2026-08-30T22:15:00+00:00,4458.74,4465.93,4455.83,4459.54,6118
2026-08-30T22:30:00+00:00,4459.54,4462.52,4452.96,4457.72,4847
2026-08-30T22:45:00+00:00,4457.72,4462.41,4456.71,4461.29,2776
2026-08-30T23:00:00+00:00,4461.29,4466.72,4459.7,4460.5,4800
2026-08-30T23:15:00+00:00,4460.5,4465.08,4455.04,4457.51,4329
2026-08-30T23:30:00+00:00,4457.51,4457.9,4446.39,4447.41,6743
2026-08-30T23:45:00+00:00,4447.41,4460.41,4435.62,4458.32,12503
2026-08-31T00:00:00+00:00,4458.32,4463.45,4453.27,4461.95,15267
2026-08-31T00:15:00+00:00,4461.95,4465.13,4452.19,4456.78,8720
2026-08-31T00:30:00+00:00,4456.78,4472.01,4456.7,4465.29,9479
2026-08-31T00:45:00+00:00,4465.29,4468.88,4456.18,4456.26,8985
2026-08-31T01:00:00+00:00,4456.26,4463.19,4435.92,4443.64,30741
2026-08-31T01:15:00+00:00,4443.64,4454.14,4442.23,4443.86,20687
2026-08-31T01:30:00+00:00,4443.86,4453.91,4436.49,4450.84,21027
2026-08-31T01:45:00+00:00,4450.84,4452.61,4436.08,4440.11,18839
2026-08-31T02:00:00+00:00,4440.11,4441.32,4418.13,4424.4,20042
2026-08-31T02:15:00+00:00,4424.4,4427.98,4418.37,4423.03,14123
2026-08-31T02:30:00+00:00,4423.03,4426.4,4401.83,4403.11,19908
2026-08-31T02:45:00+00:00,4403.11,4422.82,4396.4,4422.82,15120
2026-08-31T03:00:00+00:00,4422.82,4428.21,4421.62,4428.08,9954
2026-08-31T03:15:00+00:00,4428.08,4433.91,4426.19,4427.6,8983
2026-08-31T03:30:00+00:00,4427.6,4427.6,4419.7,4422.69,6383
2026-08-31T03:45:00+00:00,4422.69,4426.89,4421.55,4422.48,4812
2026-08-31T04:00:00+00:00,4422.48,4422.84,4416.79,4421.1,5167
2026-08-31T04:15:00+00:00,4421.1,4421.41,4415.89,4415.97,5065
2026-08-31T04:30:00+00:00,4415.97,4421.74,4412.94,4420.14,6085
2026-08-31T04:45:00+00:00,4420.14,4424.9,4418.69,4424.5,5719
2026-08-31T05:00:00+00:00,4424.5,4426.96,4419.21,4422.65,7101
2026-08-31T05:15:00+00:00,4422.65,4440.74,4422.01,4440.16,8464
2026-08-31T05:30:00+00:00,4440.16,4442.23,4430.49,4437.59,14549
2026-08-31T05:45:00+00:00,4437.59,4443.71,4434.11,4442.92,10570
2026-08-31T06:00:00+00:00,4442.92,4443.09,4429.3,4432.13,10526
2026-08-31T06:15:00+00:00,4432.13,4438.92,4431.26,4435.88,8993
2026-08-31T06:30:00+00:00,4435.88,4441.09,4431.2,4439.29,7741
2026-08-31T06:45:00+00:00,4439.29,4442.5,4436.52,4439.26,7785
2026-08-31T07:00:00+00:00,4439.26,4441.83,4435.61,4436.12,7871
2026-08-31T07:15:00+00:00,4436.12,4447.86,4435.1,4445.43,6441
2026-08-31T07:30:00+00:00,4445.43,4447.12,4441.16,4446.43,6163
2026-08-31T07:45:00+00:00,4446.43,4447.72,4440.9,4443.2,5559
2026-08-31T08:00:00+00:00,4443.2,4449.44,4436.94,4438.74,8434
2026-08-31T08:15:00+00:00,4438.74,4441.29,4436.07,4440.06,7053
2026-08-31T08:30:00+00:00,4440.06,4440.23,4434.37,4435.3,5809
2026-08-31T08:45:00+00:00,4435.3,4436.92,4433.74,4435.54,4831
2026-08-31T09:00:00+00:00,4435.54,4442.94,4435.54,4442.8,5906
2026-08-31T09:15:00+00:00,4442.8,4444.11,4438.14,4439.12,4314
2026-08-31T09:30:00+00:00,4439.12,4444.55,4438.99,4442.87,3944
2026-08-31T09:45:00+00:00,4442.87,4445.5,4440.76,4445.09,4066
2026-08-31T10:00:00+00:00,4445.09,4453.47,4444.56,4451.54,7447
2026-08-31T10:15:00+00:00,4451.54,4452.05,4446.4,4448.26,5938
2026-08-31T10:30:00+00:00,4448.26,4451.45,4447.49,4450.78,5507
2026-08-31T10:45:00+00:00,4450.78,4455.48,4449.27,4453.89,5512
2026-08-31T11:00:00+00:00,4453.89,4457.54,4453.09,4453.61,5686
2026-08-31T11:15:00+00:00,4453.61,4463.69,4452.6,4463.18,5581
2026-08-31T11:30:00+00:00,4463.18,4463.73,4452.95,4454.7,7807
2026-08-31T11:45:00+00:00,4454.7,4456.19,4452.45,4455.26,5814
2026-08-31T12:00:00+00:00,4455.26,4460.8,4449.78,4457.13,9215
2026-08-31T12:15:00+00:00,4457.13,4458.6,4447.22,4447.65,12140
2026-08-31T12:30:00+00:00,4447.65,4449.96,4438.93,4440.4,13428
2026-08-31T12:45:00+00:00,4440.4,4441.62,4435.48,4435.75,10083
2026-08-31T13:00:00+00:00,4435.75,4446.61,4433.8,4445.96,16444
2026-08-31T13:15:00+00:00,4445.96,4448.19,4439.18,4445.81,13208
2026-08-31T13:30:00+00:00,4445.81,4447.19,4432,4433.69,29541
2026-08-31T13:45:00+00:00,4433.69,4433.69,4415.59,4418.54,26188
2026-08-31T14:00:00+00:00,4418.54,4427.81,4416.13,4427.35,27616
2026-08-31T14:15:00+00:00,4427.35,4430.96,4416.4,4420.11,24136
2026-08-31T14:30:00+00:00,4420.11,4436.6,4419.18,4432.94,21435
2026-08-31T14:45:00+00:00,4432.94,4436.15,4426.09,4431.66,20434
2026-08-31T15:00:00+00:00,4431.66,4437.59,4428.09,4435.15,18805
2026-08-31T15:15:00+00:00,4435.15,4437.8,4429.03,4432.83,17014
2026-08-31T15:30:00+00:00,4432.83,4434.09,4426.29,4427.26,18550
2026-08-31T15:45:00+00:00,4427.26,4433.53,4424.56,4426.2,14379
2026-08-31T16:00:00+00:00,4426.2,4437.05,4423.68,4434.7,15014
2026-08-31T16:15:00+00:00,4434.7,4438.45,4433.25,4438.32,11084
2026-08-31T16:30:00+00:00,4438.32,4440.18,4431.43,4435.71,13451
2026-08-31T16:45:00+00:00,4435.71,4437.53,4432.14,4433.24,9837
2026-08-31T17:00:00+00:00,4433.24,4435.25,4430.74,4433.85,10954
2026-08-31T17:15:00+00:00,4433.85,4437.02,4428.7,4430.49,12036
2026-08-31T17:30:00+00:00,4430.49,4436.82,4429.82,4436.63,10918
2026-08-31T17:45:00+00:00,4436.63,4439.98,4435.67,4436.48,8659
2026-08-31T18:00:00+00:00,4436.48,4436.78,4430.36,4433.72,8848
2026-08-31T18:15:00+00:00,4433.72,4434.45,4429.52,4429.77,6880
2026-08-31T18:30:00+00:00,4429.77,4430.27,4426.26,4429.23,8994
2026-08-31T18:45:00+00:00,4429.23,4434.64,4429.12,4430.86,6576
2026-08-31T19:00:00+00:00,4430.86,4435.39,4429.2,4433.76,7374
2026-08-31T19:15:00+00:00,4433.76,4442.36,4432.86,4440.32,8123
2026-08-31T19:30:00+00:00,4440.32,4445.32,4438.99,4442.94,11563
2026-08-31T19:45:00+00:00,4442.94,4453.71,4441.45,4453.21,19985
2026-08-31T20:00:00+00:00,4453.21,4455.76,4449.77,4450.04,6084
2026-08-31T20:15:00+00:00,4450.04,4450.37,4446.74,4447.19,2375
2026-08-31T20:30:00+00:00,4447.19,4449.17,4446.63,4448.09,1579
2026-08-31T20:45:00+00:00,4448.09,4449.07,4446.35,4446.83,2401
2026-08-31T22:00:00+00:00,4446.83,4455.62,4446.83,4451.64,3629
2026-08-31T22:15:00+00:00,4451.64,4452.09,4447.72,4449.67,1944
2026-08-31T22:30:00+00:00,4449.67,4451.14,4447.25,4447.69,1556
2026-08-31T22:45:00+00:00,4447.69,4448.08,4445.44,4446.95,1631
2026-08-31T23:00:00+00:00,4446.95,4447.13,4443.7,4443.93,2315
2026-08-31T23:15:00+00:00,4443.93,4444.2,4441.68,4443.13,1898
2026-08-31T23:30:00+00:00,4443.13,4447.81,4442.91,4445.58,2616
2026-08-31T23:45:00+00:00,4445.58,4452.4,4445.38,4452.24,5023
2026-09-01T00:00:00+00:00,4452.24,4458.05,4446.34,4455.15,13085
2026-09-01T00:15:00+00:00,4455.15,4461.23,4452.73,4460.22,8570
2026-09-01T00:30:00+00:00,4460.22,4460.86,4451.98,4453.18,6082
2026-09-01T00:45:00+00:00,4453.18,4461.43,4451.12,4453.56,8829
2026-09-01T01:00:00+00:00,4453.56,4456.81,4445.38,4446.36,19175
2026-09-01T01:15:00+00:00,4446.36,4447.69,4437.83,4439.71,11912
2026-09-01T01:30:00+00:00,4439.71,4445.78,4436.33,4445.55,11354
2026-09-01T01:45:00+00:00,4445.55,4446.64,4438.96,4444.31,9952
2026-09-01T02:00:00+00:00,4444.31,4448.96,4441.81,4444.97,10002
2026-09-01T02:15:00+00:00,4444.97,4448.3,4440.35,4440.67,5522
2026-09-01T02:30:00+00:00,4440.67,4441.06,4431.39,4431.8,12530
2026-09-01T02:45:00+00:00,4431.8,4443.14,4427.69,4443.04,9384
2026-09-01T03:00:00+00:00,4443.04,4444.04,4438.63,4439.73,7384
2026-09-01T03:15:00+00:00,4439.73,4440.34,4431.62,4434.05,6955
2026-09-01T03:30:00+00:00,4434.05,4438.78,4433.21,4438.58,4885
2026-09-01T03:45:00+00:00,4438.58,4443.31,4436.71,4436.71,3932
2026-09-01T04:00:00+00:00,4436.71,4437.72,4430.14,4431.13,5010
2026-09-01T04:15:00+00:00,4431.13,4433.81,4429.53,4429.59,4103
2026-09-01T04:30:00+00:00,4429.59,4430.53,4426.47,4427.72,4502
2026-09-01T04:45:00+00:00,4427.72,4429.59,4425.43,4426.63,5034
2026-09-01T05:00:00+00:00,4426.63,4432.67,4426.14,4429.43,4945
2026-09-01T05:15:00+00:00,4429.43,4430.68,4425.51,4426.82,5716
2026-09-01T05:30:00+00:00,4426.82,4443.57,4423.61,4442.65,14036
2026-09-01T05:45:00+00:00,4442.65,4445.99,4439.94,4440.1,9254
2026-09-01T06:00:00+00:00,4440.1,4440.47,4431.65,4432.81,8573
2026-09-01T06:15:00+00:00,4432.81,4435.01,4427.55,4429.07,6886
2026-09-01T06:30:00+00:00,4429.07,4435.17,4428.34,4434.78,6508
2026-09-01T06:45:00+00:00,4434.78,4435.22,4428.22,4429.56,6292
2026-09-01T07:00:00+00:00,4429.56,4434.84,4429.4,4433.15,9741
2026-09-01T07:15:00+00:00,4433.15,4433.61,4425.89,4426.16,9127
2026-09-01T07:30:00+00:00,4426.16,4428.13,4412.04,4418.1,12315
2026-09-01T07:45:00+00:00,4418.1,4423.19,4416.5,4420.07,9244
2026-09-01T08:00:00+00:00,4420.07,4420.07,4389.26,4405.43,24617
2026-09-01T08:15:00+00:00,4405.43,4405.76,4381.88,4382.96,19688
2026-09-01T08:30:00+00:00,4382.96,4383.36,4369.88,4375.58,23049
2026-09-01T08:45:00+00:00,4375.58,4378.52,4369.51,4370.77,16691
2026-09-01T09:00:00+00:00,4370.77,4376.09,4366.45,4376.04,17788
2026-09-01T09:15:00+00:00,4376.04,4378.04,4370.49,4372.79,12672
2026-09-01T09:30:00+00:00,4372.79,4372.9,4365.5,4371.55,12451
2026-09-01T09:45:00+00:00,4371.55,4373.57,4364.43,4364.74,9301
2026-09-01T10:00:00+00:00,4364.74,4381.88,4364.32,4378.28,9347
2026-09-01T10:15:00+00:00,4378.28,4385.53,4378.28,4384.87,8008
2026-09-01T10:30:00+00:00,4384.87,4385.9,4381.54,4381.54,6712
2026-09-01T10:45:00+00:00,4381.54,4381.71,4375.08,4378.15,9428
2026-09-01T11:00:00+00:00,4378.15,4382.95,4375.87,4377.16,10591
2026-09-01T11:15:00+00:00,4377.16,4381.93,4374.85,4380.4,9143
2026-09-01T11:30:00+00:00,4380.4,4384.75,4378.27,4384.02,7814
2026-09-01T11:45:00+00:00,4384.02,4387.14,4372.05,4374.65,9800
2026-09-01T12:00:00+00:00,4374.65,4374.65,4366.77,4370.79,12726
2026-09-01T12:15:00+00:00,4370.79,4375.94,4365.97,4368.54,14925
2026-09-01T12:30:00+00:00,4368.54,4368.82,4352,4364.91,19550
2026-09-01T12:45:00+00:00,4364.91,4369.53,4356.05,4356.31,14461
2026-09-01T13:00:00+00:00,4356.31,4357.47,4326.17,4329.33,33024
2026-09-01T13:15:00+00:00,4329.33,4344.47,4326.42,4342.99,20480
2026-09-01T13:30:00+00:00,4342.99,4362.17,4341.25,4361.8,34775
2026-09-01T13:45:00+00:00,4361.8,4367.24,4354.25,4364.94,28805
2026-09-01T14:00:00+00:00,4364.94,4370.22,4353.19,4370.22,29773
2026-09-01T14:15:00+00:00,4370.22,4375.49,4365.72,4365.72,22648
2026-09-01T14:30:00+00:00,4365.72,4373.24,4364.2,4367,22861
2026-09-01T14:45:00+00:00,4367,4370.17,4356.79,4360.2,19103
2026-09-01T15:00:00+00:00,4360.2,4362.97,4355.31,4357.1,18148
2026-09-01T15:15:00+00:00,4357.1,4365.89,4356.28,4365.89,15323
2026-09-01T15:30:00+00:00,4365.89,4370.76,4361.64,4370.67,15496
2026-09-01T15:45:00+00:00,4370.67,4373.72,4368.51,4372.73,11503
2026-09-01T16:00:00+00:00,4372.73,4374.68,4362.33,4362.35,14029
2026-09-01T16:15:00+00:00,4362.35,4365.64,4352.43,4352.74,23500
2026-09-01T16:30:00+00:00,4352.74,4357.67,4347.07,4354.92,20668
2026-09-01T16:45:00+00:00,4354.92,4359.12,4351.01,4351.2,14189
2026-09-01T17:00:00+00:00,4351.2,4351.87,4344.26,4346.34,13157
2026-09-01T17:15:00+00:00,4346.34,4350.07,4342.66,4349.96,15635
2026-09-01T17:30:00+00:00,4349.96,4351.93,4342.77,4343.88,16301
2026-09-01T17:45:00+00:00,4343.88,4344.58,4340.94,4342.87,9623
2026-09-01T18:00:00+00:00,4342.87,4344.5,4334.36,4336.42,11776
2026-09-01T18:15:00+00:00,4336.42,4341.77,4335.35,4337.5,10541
2026-09-01T18:30:00+00:00,4337.5,4337.51,4328.39,4329.54,12860
2026-09-01T18:45:00+00:00,4329.54,4334.33,4328.12,4331.62,11969
2026-09-01T19:00:00+00:00,4331.62,4337.26,4329.05,4337.23,13397
2026-09-01T19:15:00+00:00,4337.23,4337.58,4333.29,4334.46,9712
2026-09-01T19:30:00+00:00,4334.46,4334.71,4322.89,4326.39,12149
2026-09-01T19:45:00+00:00,4326.39,4330.42,4323.46,4326.79,14132
2026-09-01T20:00:00+00:00,4326.79,4330.77,4323.67,4325.71,5805
2026-09-01T20:15:00+00:00,4325.71,4329,4324.81,4326.02,3084
2026-09-01T20:30:00+00:00,4326.02,4329.06,4325.16,4327.5,2665
2026-09-01T20:45:00+00:00,4327.5,4329.7,4326.76,4328.35,3058
2026-09-01T22:00:00+00:00,4328.35,4334,4328.29,4329.08,2597
2026-09-01T22:15:00+00:00,4329.08,4329.15,4327.17,4327.8,2769
2026-09-01T22:30:00+00:00,4327.8,4329.51,4326.19,4328.18,2044
2026-09-01T22:45:00+00:00,4328.18,4331.05,4327.44,4329.37,1843
2026-09-01T23:00:00+00:00,4329.37,4332.47,4327.01,4330.64,2692
2026-09-01T23:15:00+00:00,4330.64,4331.63,4325.91,4330.77,2407
2026-09-01T23:30:00+00:00,4330.77,4335.81,4330.67,4333.75,2859
2026-09-01T23:45:00+00:00,4333.75,4333.78,4323.21,4324.53,5000
2026-09-02T00:00:00+00:00,4324.53,4330.27,4315.56,4328.22,15208
2026-09-02T00:15:00+00:00,4328.22,4334.45,4322.72,4325.67,15185
2026-09-02T00:30:00+00:00,4325.67,4331.44,4320.24,4329.96,12153
2026-09-02T00:45:00+00:00,4329.96,4331.19,4314.75,4315.64,11775
2026-09-02T01:00:00+00:00,4315.64,4322.61,4305.04,4317.59,30892
2026-09-02T01:15:00+00:00,4317.59,4326.68,4315.12,4317.25,18097
2026-09-02T01:30:00+00:00,4317.25,4318.42,4305.2,4309.02,18663
2026-09-02T01:45:00+00:00,4309.02,4309.82,4288.45,4290.89,17694
2026-09-02T02:00:00+00:00,4290.89,4291.58,4288.67,4289.72,641
